community	medium	receiver	donor	compound	scs	mus	mps	smetana
all	minimal	lane121s003952_megahit	lane122s000521_bin.2.p	M_acald_e	1.0	0.1	1	0.1
all	minimal	lane121s003952_megahit	lane122s000521_bin.2.p	M_cgly_e	1.0	0.02	1	0.02
all	minimal	lane121s003952_megahit	lane122s000521_bin.2.p	M_fe3_e	1.0	0.01	1	0.01
all	minimal	lane121s003952_megahit	lane122s000521_bin.2.p	M_for_e	1.0	0.01	1	0.01
all	minimal	lane121s003952_megahit	lane122s000521_bin.2.p	M_glyc_e	1.0	0.68	1	0.68
all	minimal	lane121s003952_megahit	lane122s000521_bin.2.p	M_h2o_e	1.0	0.02	1	0.02
all	minimal	lane121s003952_megahit	lane122s000521_bin.2.p	M_h2s_e	1.0	0.36	1	0.36
all	minimal	lane121s003952_megahit	lane122s000521_bin.2.p	M_h_e	1.0	0.15	1	0.15
all	minimal	lane121s003952_megahit	lane122s000521_bin.2.p	M_nh4_e	1.0	0.64	1	0.64
all	minimal	lane121s003952_megahit	lane122s000521_bin.2.p	M_pi_e	1.0	0.81	1	0.81
all	minimal	lane121s003952_megahit	lane122s000521_bin.2.p	M_s_e	1.0	0.54	1	0.54
all	minimal	lane121s003953_shovill	lane122s000521_bin.2.p	M_acald_e	1.0	0.1	1	0.1
all	minimal	lane121s003953_shovill	lane122s000521_bin.2.p	M_etha_e	1.0	0.23	1	0.23
all	minimal	lane121s003953_shovill	lane122s000521_bin.2.p	M_etoh_e	1.0	0.09	1	0.09
all	minimal	lane121s003953_shovill	lane122s000521_bin.2.p	M_fe3_e	1.0	1.0	1	1.0
all	minimal	lane121s003953_shovill	lane122s000521_bin.2.p	M_glyc_e	1.0	0.38	1	0.38
all	minimal	lane121s003953_shovill	lane122s000521_bin.2.p	M_h2s_e	1.0	0.05	1	0.05
all	minimal	lane121s003953_shovill	lane122s000521_bin.2.p	M_h_e	1.0	0.04	1	0.04
all	minimal	lane121s003953_shovill	lane122s000521_bin.2.p	M_nh4_e	1.0	0.6	1	0.6
all	minimal	lane121s003953_shovill	lane122s000521_bin.2.p	M_pi_e	1.0	0.4	1	0.4
all	minimal	lane121s003953_shovill	lane122s000521_bin.2.p	M_s_e	1.0	0.93	1	0.93
all	minimal	lane121s003954_shovill	lane122s000521_bin.2.p	M_acald_e	1.0	0.24	1	0.24
all	minimal	lane121s003954_shovill	lane122s000521_bin.2.p	M_fe3_e	1.0	0.15	1	0.15
all	minimal	lane121s003954_shovill	lane122s000521_bin.2.p	M_glyc_e	1.0	0.67	1	0.67
all	minimal	lane121s003954_shovill	lane122s000521_bin.2.p	M_h2s_e	1.0	0.08	1	0.08
all	minimal	lane121s003954_shovill	lane122s000521_bin.2.p	M_h_e	1.0	0.13	1	0.13
all	minimal	lane121s003954_shovill	lane122s000521_bin.2.p	M_nh4_e	1.0	0.82	1	0.82
all	minimal	lane121s003954_shovill	lane122s000521_bin.2.p	M_pi_e	1.0	0.72	1	0.72
all	minimal	lane121s003954_shovill	lane122s000521_bin.2.p	M_s_e	1.0	0.14	1	0.14
all	minimal	lane121s003960_shovill	lane122s000521_bin.2.p	M_acald_e	1.0	0.79	1	0.79
all	minimal	lane121s003960_shovill	lane122s000521_bin.2.p	M_etha_e	1.0	0.12	1	0.12
all	minimal	lane121s003960_shovill	lane122s000521_bin.2.p	M_fe3_e	1.0	1.0	1	1.0
all	minimal	lane121s003960_shovill	lane122s000521_bin.2.p	M_glu__L_e	1.0	0.02	1	0.02
all	minimal	lane121s003960_shovill	lane122s000521_bin.2.p	M_glyc_e	1.0	1.0	1	1.0
all	minimal	lane121s003960_shovill	lane122s000521_bin.2.p	M_h2s_e	1.0	0.19	1	0.19
all	minimal	lane121s003960_shovill	lane122s000521_bin.2.p	M_h_e	1.0	0.06	1	0.06
all	minimal	lane121s003960_shovill	lane122s000521_bin.2.p	M_nh4_e	1.0	0.71	1	0.71
all	minimal	lane121s003960_shovill	lane122s000521_bin.2.p	M_pi_e	1.0	0.99	1	0.99
all	minimal	lane121s003964_megahit	lane122s000521_bin.1.s	M_acald_e	0.5	0.11	1	0.055
all	minimal	lane121s003964_megahit	lane122s000521_bin.1.s	M_etoh_e	0.5	0.05	1	0.025
all	minimal	lane121s003964_megahit	lane122s000521_bin.1.s	M_fe3_e	0.5	1.0	1	0.5
all	minimal	lane121s003964_megahit	lane122s000521_bin.1.s	M_glc__D_e	0.5	0.03	1	0.015
all	minimal	lane121s003964_megahit	lane122s000521_bin.1.s	M_glyc_e	0.5	0.66	1	0.33
all	minimal	lane121s003964_megahit	lane122s000521_bin.1.s	M_h2o_e	0.5	0.1	1	0.05
all	minimal	lane121s003964_megahit	lane122s000521_bin.1.s	M_h2s_e	0.5	0.05	1	0.025
all	minimal	lane121s003964_megahit	lane122s000521_bin.1.s	M_h_e	0.5	0.17	1	0.085
all	minimal	lane121s003964_megahit	lane122s000521_bin.1.s	M_lac__L_e	0.5	0.02	1	0.01
all	minimal	lane121s003964_megahit	lane122s000521_bin.1.s	M_nh4_e	0.5	0.27	1	0.135
all	minimal	lane121s003964_megahit	lane122s000521_bin.1.s	M_pi_e	0.5	0.93	1	0.465
all	minimal	lane121s003964_megahit	lane122s000521_bin.1.s	M_s_e	0.5	0.06	1	0.03
all	minimal	lane121s003964_megahit	lane122s000521_bin.2.p	M_4abut_e	0.5	0.01	1	0.005
all	minimal	lane121s003964_megahit	lane122s000521_bin.2.p	M_acald_e	0.5	0.11	1	0.055
all	minimal	lane121s003964_megahit	lane122s000521_bin.2.p	M_etoh_e	0.5	0.05	1	0.025
all	minimal	lane121s003964_megahit	lane122s000521_bin.2.p	M_fe3_e	0.5	1.0	1	0.5
all	minimal	lane121s003964_megahit	lane122s000521_bin.2.p	M_glu__L_e	0.5	0.01	1	0.005
all	minimal	lane121s003964_megahit	lane122s000521_bin.2.p	M_glyc_e	0.5	0.66	1	0.33
all	minimal	lane121s003964_megahit	lane122s000521_bin.2.p	M_h2o_e	0.5	0.1	1	0.05
all	minimal	lane121s003964_megahit	lane122s000521_bin.2.p	M_h2s_e	0.5	0.05	1	0.025
all	minimal	lane121s003964_megahit	lane122s000521_bin.2.p	M_h_e	0.5	0.17	1	0.085
all	minimal	lane121s003964_megahit	lane122s000521_bin.2.p	M_nh4_e	0.5	0.27	1	0.135
all	minimal	lane121s003964_megahit	lane122s000521_bin.2.p	M_pi_e	0.5	0.93	1	0.465
all	minimal	lane121s003964_megahit	lane122s000521_bin.2.p	M_s_e	0.5	0.06	1	0.03
all	minimal	lane121s003964_megahit	lane122s000524_shovill	M_acald_e	1.0	0.11	1	0.11
all	minimal	lane121s003964_megahit	lane122s000524_shovill	M_fe3_e	1.0	1.0	1	1.0
all	minimal	lane121s003964_megahit	lane122s000524_shovill	M_glc__D_e	1.0	0.03	1	0.03
all	minimal	lane121s003964_megahit	lane122s000524_shovill	M_glyc_e	1.0	0.66	1	0.66
all	minimal	lane121s003964_megahit	lane122s000524_shovill	M_h2o_e	1.0	0.1	1	0.1
all	minimal	lane121s003964_megahit	lane122s000524_shovill	M_h2s_e	1.0	0.05	1	0.05
all	minimal	lane121s003964_megahit	lane122s000524_shovill	M_h_e	1.0	0.17	1	0.17
all	minimal	lane121s003964_megahit	lane122s000524_shovill	M_lac__L_e	1.0	0.02	1	0.02
all	minimal	lane121s003964_megahit	lane122s000524_shovill	M_nh4_e	1.0	0.27	1	0.27
all	minimal	lane121s003964_megahit	lane122s000524_shovill	M_pi_e	1.0	0.93	1	0.93
all	minimal	lane121s003964_megahit	lane122s000524_shovill	M_s_e	1.0	0.06	1	0.06
all	minimal	lane121s003964_megahit	lane122s000524_shovill	M_thm_e	1.0	1.0	1	1.0
all	minimal	lane121s003995_shovill	lane121s003952_megahit	M_acald_e	0.06060606060606061	0.04	1	0.0024242424242424242
all	minimal	lane121s003995_shovill	lane121s003952_megahit	M_fe3_e	0.06060606060606061	0.09	1	0.005454545454545454
all	minimal	lane121s003995_shovill	lane121s003952_megahit	M_h2s_e	0.06060606060606061	0.89	1	0.05393939393939394
all	minimal	lane121s003995_shovill	lane121s003952_megahit	M_h_e	0.06060606060606061	0.01	1	0.0006060606060606061
all	minimal	lane121s003995_shovill	lane121s003953_shovill	M_acald_e	0.06060606060606061	0.04	1	0.0024242424242424242
all	minimal	lane121s003995_shovill	lane121s003953_shovill	M_fe3_e	0.06060606060606061	0.09	1	0.005454545454545454
all	minimal	lane121s003995_shovill	lane121s003953_shovill	M_h2s_e	0.06060606060606061	0.89	1	0.05393939393939394
all	minimal	lane121s003995_shovill	lane121s003953_shovill	M_h_e	0.06060606060606061	0.01	1	0.0006060606060606061
all	minimal	lane121s003995_shovill	lane121s003953_shovill	M_ppap_e	0.06060606060606061	0.01	1	0.0006060606060606061
all	minimal	lane121s003995_shovill	lane121s003954_shovill	M_acald_e	0.06060606060606061	0.04	1	0.0024242424242424242
all	minimal	lane121s003995_shovill	lane121s003954_shovill	M_cgly_e	0.06060606060606061	0.07	1	0.004242424242424243
all	minimal	lane121s003995_shovill	lane121s003954_shovill	M_fe3_e	0.06060606060606061	0.09	1	0.005454545454545454
all	minimal	lane121s003995_shovill	lane121s003954_shovill	M_h2s_e	0.06060606060606061	0.89	1	0.05393939393939394
all	minimal	lane121s003995_shovill	lane121s003954_shovill	M_h_e	0.06060606060606061	0.01	1	0.0006060606060606061
all	minimal	lane121s003995_shovill	lane121s003954_shovill	M_pi_e	0.06060606060606061	0.95	1	0.05757575757575757
all	minimal	lane121s003995_shovill	lane121s003954_shovill	M_ppap_e	0.06060606060606061	0.01	1	0.0006060606060606061
all	minimal	lane121s003995_shovill	lane121s003960_shovill	M_acald_e	0.06060606060606061	0.04	1	0.0024242424242424242
all	minimal	lane121s003995_shovill	lane121s003960_shovill	M_fe3_e	0.06060606060606061	0.09	1	0.005454545454545454
all	minimal	lane121s003995_shovill	lane121s003960_shovill	M_h2s_e	0.06060606060606061	0.89	1	0.05393939393939394
all	minimal	lane121s003995_shovill	lane121s003960_shovill	M_h_e	0.06060606060606061	0.01	1	0.0006060606060606061
all	minimal	lane121s003995_shovill	lane121s003960_shovill	M_ppap_e	0.06060606060606061	0.01	1	0.0006060606060606061
all	minimal	lane121s003995_shovill	lane121s003964_megahit	M_acald_e	0.06060606060606061	0.04	1	0.0024242424242424242
all	minimal	lane121s003995_shovill	lane121s003964_megahit	M_cgly_e	0.06060606060606061	0.07	1	0.004242424242424243
all	minimal	lane121s003995_shovill	lane121s003964_megahit	M_fe3_e	0.06060606060606061	0.09	1	0.005454545454545454
all	minimal	lane121s003995_shovill	lane121s003964_megahit	M_h2s_e	0.06060606060606061	0.89	1	0.05393939393939394
all	minimal	lane121s003995_shovill	lane121s003964_megahit	M_h_e	0.06060606060606061	0.01	1	0.0006060606060606061
all	minimal	lane121s003995_shovill	lane122s000521_bin.1.s	M_acald_e	0.5151515151515151	0.04	1	0.020606060606060607
all	minimal	lane121s003995_shovill	lane122s000521_bin.1.s	M_fe3_e	0.5151515151515151	0.09	1	0.046363636363636364
all	minimal	lane121s003995_shovill	lane122s000521_bin.1.s	M_h2s_e	0.5151515151515151	0.89	1	0.4584848484848485
all	minimal	lane121s003995_shovill	lane122s000521_bin.1.s	M_h_e	0.5151515151515151	0.01	1	0.005151515151515152
all	minimal	lane121s003995_shovill	lane122s000521_bin.1.s	M_pi_e	0.5151515151515151	0.95	1	0.4893939393939394
all	minimal	lane121s003995_shovill	lane122s000521_bin.2.p	M_acald_e	0.5151515151515151	0.04	1	0.020606060606060607
all	minimal	lane121s003995_shovill	lane122s000521_bin.2.p	M_bz_e	0.5151515151515151	0.01	1	0.005151515151515152
all	minimal	lane121s003995_shovill	lane122s000521_bin.2.p	M_cgly_e	0.5151515151515151	0.07	1	0.036060606060606064
all	minimal	lane121s003995_shovill	lane122s000521_bin.2.p	M_fe3_e	0.5151515151515151	0.09	1	0.046363636363636364
all	minimal	lane121s003995_shovill	lane122s000521_bin.2.p	M_for_e	0.5151515151515151	0.06	1	0.030909090909090907
all	minimal	lane121s003995_shovill	lane122s000521_bin.2.p	M_h2s_e	0.5151515151515151	0.89	1	0.4584848484848485
all	minimal	lane121s003995_shovill	lane122s000521_bin.2.p	M_h_e	0.5151515151515151	0.01	1	0.005151515151515152
all	minimal	lane121s003995_shovill	lane122s000521_bin.2.p	M_pi_e	0.5151515151515151	0.95	1	0.4893939393939394
all	minimal	lane121s003995_shovill	lane122s000521_bin.2.p	M_ppap_e	0.5151515151515151	0.01	1	0.005151515151515152
all	minimal	lane121s003995_shovill	lane122s000524_shovill	M_acald_e	1.0	0.04	1	0.04
all	minimal	lane121s003995_shovill	lane122s000524_shovill	M_fe3_e	1.0	0.09	1	0.09
all	minimal	lane121s003995_shovill	lane122s000524_shovill	M_h2s_e	1.0	0.89	1	0.89
all	minimal	lane121s003995_shovill	lane122s000524_shovill	M_h_e	1.0	0.01	1	0.01
all	minimal	lane121s003995_shovill	lane122s000524_shovill	M_pi_e	1.0	0.95	1	0.95
all	minimal	lane121s003995_shovill	lane122s000524_shovill	M_thm_e	1.0	1.0	1	1.0
all	minimal	lane121s003995_shovill	lane122s000529_megahit	M_acald_e	0.06060606060606061	0.04	1	0.0024242424242424242
all	minimal	lane121s003995_shovill	lane122s000529_megahit	M_cgly_e	0.06060606060606061	0.07	1	0.004242424242424243
all	minimal	lane121s003995_shovill	lane122s000529_megahit	M_fe3_e	0.06060606060606061	0.09	1	0.005454545454545454
all	minimal	lane121s003995_shovill	lane122s000529_megahit	M_for_e	0.06060606060606061	0.06	1	0.0036363636363636364
all	minimal	lane121s003995_shovill	lane122s000529_megahit	M_h2s_e	0.06060606060606061	0.89	1	0.05393939393939394
all	minimal	lane121s003995_shovill	lane122s000529_megahit	M_h_e	0.06060606060606061	0.01	1	0.0006060606060606061
all	minimal	lane121s003995_shovill	lane122s000530_shovill	M_acald_e	0.06060606060606061	0.04	1	0.0024242424242424242
all	minimal	lane121s003995_shovill	lane122s000530_shovill	M_fe3_e	0.06060606060606061	0.09	1	0.005454545454545454
all	minimal	lane121s003995_shovill	lane122s000530_shovill	M_h2s_e	0.06060606060606061	0.89	1	0.05393939393939394
all	minimal	lane121s003995_shovill	lane122s000530_shovill	M_h_e	0.06060606060606061	0.01	1	0.0006060606060606061
all	minimal	lane121s003995_shovill	lane122s000530_shovill	M_ppap_e	0.06060606060606061	0.01	1	0.0006060606060606061
all	minimal	lane121s003995_shovill	lane122s000532_bin.1.p	M_acald_e	0.06060606060606061	0.04	1	0.0024242424242424242
all	minimal	lane121s003995_shovill	lane122s000532_bin.1.p	M_fe3_e	0.06060606060606061	0.09	1	0.005454545454545454
all	minimal	lane121s003995_shovill	lane122s000532_bin.1.p	M_h2s_e	0.06060606060606061	0.89	1	0.05393939393939394
all	minimal	lane121s003995_shovill	lane122s000532_bin.1.p	M_h_e	0.06060606060606061	0.01	1	0.0006060606060606061
all	minimal	lane121s003995_shovill	lane122s000544_bin.1.s	M_acald_e	0.06060606060606061	0.04	1	0.0024242424242424242
all	minimal	lane121s003995_shovill	lane122s000544_bin.1.s	M_fe3_e	0.06060606060606061	0.09	1	0.005454545454545454
all	minimal	lane121s003995_shovill	lane122s000544_bin.1.s	M_h2s_e	0.06060606060606061	0.89	1	0.05393939393939394
all	minimal	lane121s003995_shovill	lane122s000544_bin.1.s	M_h_e	0.06060606060606061	0.01	1	0.0006060606060606061
all	minimal	lane121s003995_shovill	lane122s000544_bin.1.s	M_pi_e	0.06060606060606061	0.95	1	0.05757575757575757
all	minimal	lane121s003995_shovill	lane122s000600_bin.1.s	M_acald_e	1.0	0.04	1	0.04
all	minimal	lane121s003995_shovill	lane122s000600_bin.1.s	M_arg__L_e	1.0	0.02	1	0.02
all	minimal	lane121s003995_shovill	lane122s000600_bin.1.s	M_asp__L_e	1.0	0.12	1	0.12
all	minimal	lane121s003995_shovill	lane122s000600_bin.1.s	M_bz_e	1.0	0.01	1	0.01
all	minimal	lane121s003995_shovill	lane122s000600_bin.1.s	M_fe3_e	1.0	0.09	1	0.09
all	minimal	lane121s003995_shovill	lane122s000600_bin.1.s	M_glyc3p_e	1.0	0.04	1	0.04
all	minimal	lane121s003995_shovill	lane122s000600_bin.1.s	M_h2s_e	1.0	0.89	1	0.89
all	minimal	lane121s003995_shovill	lane122s000600_bin.1.s	M_h_e	1.0	0.01	1	0.01
all	minimal	lane121s003995_shovill	lane122s000600_bin.1.s	M_pi_e	1.0	0.95	1	0.95
all	minimal	lane121s003995_shovill	lane122s000600_bin.1.s	M_thr__L_e	1.0	1.0	1	1.0
all	minimal	lane121s003995_shovill	lane122s000600_bin.2.o	M_acald_e	0.06060606060606061	0.04	1	0.0024242424242424242
all	minimal	lane121s003995_shovill	lane122s000600_bin.2.o	M_bz_e	0.06060606060606061	0.01	1	0.0006060606060606061
all	minimal	lane121s003995_shovill	lane122s000600_bin.2.o	M_dha_e	0.06060606060606061	0.18	1	0.010909090909090908
all	minimal	lane121s003995_shovill	lane122s000600_bin.2.o	M_fe3_e	0.06060606060606061	0.09	1	0.005454545454545454
all	minimal	lane121s003995_shovill	lane122s000600_bin.2.o	M_h2s_e	0.06060606060606061	0.89	1	0.05393939393939394
all	minimal	lane121s003995_shovill	lane122s000600_bin.2.o	M_h_e	0.06060606060606061	0.01	1	0.0006060606060606061
all	minimal	lane121s003995_shovill	lane122s000600_bin.3.p	M_acac_e	0.06060606060606061	0.03	1	0.0018181818181818182
all	minimal	lane121s003995_shovill	lane122s000600_bin.3.p	M_acald_e	0.06060606060606061	0.04	1	0.0024242424242424242
all	minimal	lane121s003995_shovill	lane122s000600_bin.3.p	M_fe3_e	0.06060606060606061	0.09	1	0.005454545454545454
all	minimal	lane121s003995_shovill	lane122s000600_bin.3.p	M_h2s_e	0.06060606060606061	0.89	1	0.05393939393939394
all	minimal	lane121s003995_shovill	lane122s000600_bin.3.p	M_h_e	0.06060606060606061	0.01	1	0.0006060606060606061
all	minimal	lane121s003995_shovill	lane122s000600_bin.3.p	M_leu__L_e	0.06060606060606061	0.02	1	0.0012121212121212121
all	minimal	lane121s003995_shovill	lane122s000600_bin.3.p	M_pi_e	0.06060606060606061	0.95	1	0.05757575757575757
all	minimal	lane121s003995_shovill	lane122s000600_bin.3.p	M_ppap_e	0.06060606060606061	0.01	1	0.0006060606060606061
all	minimal	lane121s003995_shovill	lane122s000600_bin.4.o	M_acald_e	0.06060606060606061	0.04	1	0.0024242424242424242
all	minimal	lane121s003995_shovill	lane122s000600_bin.4.o	M_bz_e	0.06060606060606061	0.01	1	0.0006060606060606061
all	minimal	lane121s003995_shovill	lane122s000600_bin.4.o	M_cgly_e	0.06060606060606061	0.07	1	0.004242424242424243
all	minimal	lane121s003995_shovill	lane122s000600_bin.4.o	M_fe3_e	0.06060606060606061	0.09	1	0.005454545454545454
all	minimal	lane121s003995_shovill	lane122s000600_bin.4.o	M_h2s_e	0.06060606060606061	0.89	1	0.05393939393939394
all	minimal	lane121s003995_shovill	lane122s000600_bin.4.o	M_h_e	0.06060606060606061	0.01	1	0.0006060606060606061
all	minimal	lane121s003995_shovill	lane122s000600_bin.4.o	M_leu__L_e	0.06060606060606061	0.02	1	0.0012121212121212121
all	minimal	lane121s003995_shovill	lane122s000600_bin.4.o	M_pi_e	0.06060606060606061	0.95	1	0.05757575757575757
all	minimal	lane121s003995_shovill	lane122s000600_bin.4.o	M_ppap_e	0.06060606060606061	0.01	1	0.0006060606060606061
all	minimal	lane121s003995_shovill	lane122s000600_bin.5.s	M_acac_e	0.06060606060606061	0.03	1	0.0018181818181818182
all	minimal	lane121s003995_shovill	lane122s000600_bin.5.s	M_acald_e	0.06060606060606061	0.04	1	0.0024242424242424242
all	minimal	lane121s003995_shovill	lane122s000600_bin.5.s	M_fe3_e	0.06060606060606061	0.09	1	0.005454545454545454
all	minimal	lane121s003995_shovill	lane122s000600_bin.5.s	M_h2s_e	0.06060606060606061	0.89	1	0.05393939393939394
all	minimal	lane121s003995_shovill	lane122s000600_bin.5.s	M_h_e	0.06060606060606061	0.01	1	0.0006060606060606061
all	minimal	lane121s003995_shovill	lane122s000600_bin.6.p	M_acald_e	0.06060606060606061	0.04	1	0.0024242424242424242
all	minimal	lane121s003995_shovill	lane122s000600_bin.6.p	M_bz_e	0.06060606060606061	0.01	1	0.0006060606060606061
all	minimal	lane121s003995_shovill	lane122s000600_bin.6.p	M_fe3_e	0.06060606060606061	0.09	1	0.005454545454545454
all	minimal	lane121s003995_shovill	lane122s000600_bin.6.p	M_h_e	0.06060606060606061	0.01	1	0.0006060606060606061
all	minimal	lane121s003995_shovill	lane122s000600_bin.6.p	M_ppap_e	0.06060606060606061	0.01	1	0.0006060606060606061
all	minimal	lane121s003995_shovill	lane821s003041_shovill	M_acald_e	0.06060606060606061	0.04	1	0.0024242424242424242
all	minimal	lane121s003995_shovill	lane821s003041_shovill	M_fe3_e	0.06060606060606061	0.09	1	0.005454545454545454
all	minimal	lane121s003995_shovill	lane821s003041_shovill	M_h2s_e	0.06060606060606061	0.89	1	0.05393939393939394
all	minimal	lane121s003995_shovill	lane821s003041_shovill	M_h_e	0.06060606060606061	0.01	1	0.0006060606060606061
all	minimal	lane121s003995_shovill	lane821s003041_shovill	M_ppap_e	0.06060606060606061	0.01	1	0.0006060606060606061
all	minimal	lane122s000521_bin.1.s	lane121s003964_megahit	M_acald_e	0.1111111111111111	0.12	1	0.013333333333333332
all	minimal	lane122s000521_bin.1.s	lane121s003964_megahit	M_fe3_e	0.1111111111111111	0.01	1	0.0011111111111111111
all	minimal	lane122s000521_bin.1.s	lane121s003964_megahit	M_glyc_e	0.1111111111111111	0.94	1	0.10444444444444444
all	minimal	lane122s000521_bin.1.s	lane121s003964_megahit	M_h2o_e	0.1111111111111111	0.02	1	0.0022222222222222222
all	minimal	lane122s000521_bin.1.s	lane121s003964_megahit	M_h2s_e	0.1111111111111111	0.18	1	0.019999999999999997
all	minimal	lane122s000521_bin.1.s	lane121s003964_megahit	M_h_e	0.1111111111111111	0.04	1	0.0044444444444444444
all	minimal	lane122s000521_bin.1.s	lane121s003964_megahit	M_nh4_e	0.1111111111111111	0.83	1	0.09222222222222222
all	minimal	lane122s000521_bin.1.s	lane121s003964_megahit	M_s_e	0.1111111111111111	0.82	1	0.0911111111111111
all	minimal	lane122s000521_bin.1.s	lane121s003995_shovill	M_acald_e	0.1111111111111111	0.12	1	0.013333333333333332
all	minimal	lane122s000521_bin.1.s	lane121s003995_shovill	M_ala__D_e	0.1111111111111111	0.1	1	0.011111111111111112
all	minimal	lane122s000521_bin.1.s	lane121s003995_shovill	M_fe3_e	0.1111111111111111	0.01	1	0.0011111111111111111
all	minimal	lane122s000521_bin.1.s	lane121s003995_shovill	M_glyc_e	0.1111111111111111	0.94	1	0.10444444444444444
all	minimal	lane122s000521_bin.1.s	lane121s003995_shovill	M_h2o_e	0.1111111111111111	0.02	1	0.0022222222222222222
all	minimal	lane122s000521_bin.1.s	lane121s003995_shovill	M_h2s_e	0.1111111111111111	0.18	1	0.019999999999999997
all	minimal	lane122s000521_bin.1.s	lane121s003995_shovill	M_h_e	0.1111111111111111	0.04	1	0.0044444444444444444
all	minimal	lane122s000521_bin.1.s	lane121s003995_shovill	M_nh4_e	0.1111111111111111	0.83	1	0.09222222222222222
all	minimal	lane122s000521_bin.1.s	lane122s000521_bin.2.p	M_acald_e	0.1111111111111111	0.12	1	0.013333333333333332
all	minimal	lane122s000521_bin.1.s	lane122s000521_bin.2.p	M_fe3_e	0.1111111111111111	0.01	1	0.0011111111111111111
all	minimal	lane122s000521_bin.1.s	lane122s000521_bin.2.p	M_glyc_e	0.1111111111111111	0.94	1	0.10444444444444444
all	minimal	lane122s000521_bin.1.s	lane122s000521_bin.2.p	M_h2o_e	0.1111111111111111	0.02	1	0.0022222222222222222
all	minimal	lane122s000521_bin.1.s	lane122s000521_bin.2.p	M_h2s_e	0.1111111111111111	0.18	1	0.019999999999999997
all	minimal	lane122s000521_bin.1.s	lane122s000521_bin.2.p	M_h_e	0.1111111111111111	0.04	1	0.0044444444444444444
all	minimal	lane122s000521_bin.1.s	lane122s000521_bin.2.p	M_nh4_e	0.1111111111111111	0.83	1	0.09222222222222222
all	minimal	lane122s000521_bin.1.s	lane122s000521_bin.2.p	M_pi_e	0.1111111111111111	0.35	1	0.03888888888888888
all	minimal	lane122s000521_bin.1.s	lane122s000521_bin.2.p	M_s_e	0.1111111111111111	0.82	1	0.0911111111111111
all	minimal	lane122s000521_bin.1.s	lane122s000530_shovill	M_acald_e	0.1111111111111111	0.12	1	0.013333333333333332
all	minimal	lane122s000521_bin.1.s	lane122s000530_shovill	M_fe3_e	0.1111111111111111	0.01	1	0.0011111111111111111
all	minimal	lane122s000521_bin.1.s	lane122s000530_shovill	M_glc__D_e	0.1111111111111111	0.06	1	0.006666666666666666
all	minimal	lane122s000521_bin.1.s	lane122s000530_shovill	M_glyc_e	0.1111111111111111	0.94	1	0.10444444444444444
all	minimal	lane122s000521_bin.1.s	lane122s000530_shovill	M_h2o_e	0.1111111111111111	0.02	1	0.0022222222222222222
all	minimal	lane122s000521_bin.1.s	lane122s000530_shovill	M_h2s_e	0.1111111111111111	0.18	1	0.019999999999999997
all	minimal	lane122s000521_bin.1.s	lane122s000530_shovill	M_h_e	0.1111111111111111	0.04	1	0.0044444444444444444
all	minimal	lane122s000521_bin.1.s	lane122s000530_shovill	M_nh4_e	0.1111111111111111	0.83	1	0.09222222222222222
all	minimal	lane122s000521_bin.1.s	lane122s000530_shovill	M_s_e	0.1111111111111111	0.82	1	0.0911111111111111
all	minimal	lane122s000521_bin.1.s	lane122s000600_bin.1.s	M_acald_e	0.1111111111111111	0.12	1	0.013333333333333332
all	minimal	lane122s000521_bin.1.s	lane122s000600_bin.1.s	M_ala__D_e	0.1111111111111111	0.1	1	0.011111111111111112
all	minimal	lane122s000521_bin.1.s	lane122s000600_bin.1.s	M_fe3_e	0.1111111111111111	0.01	1	0.0011111111111111111
all	minimal	lane122s000521_bin.1.s	lane122s000600_bin.1.s	M_glyc_e	0.1111111111111111	0.94	1	0.10444444444444444
all	minimal	lane122s000521_bin.1.s	lane122s000600_bin.1.s	M_h2o_e	0.1111111111111111	0.02	1	0.0022222222222222222
all	minimal	lane122s000521_bin.1.s	lane122s000600_bin.1.s	M_h2s_e	0.1111111111111111	0.18	1	0.019999999999999997
all	minimal	lane122s000521_bin.1.s	lane122s000600_bin.1.s	M_h_e	0.1111111111111111	0.04	1	0.0044444444444444444
all	minimal	lane122s000521_bin.1.s	lane122s000600_bin.1.s	M_nh4_e	0.1111111111111111	0.83	1	0.09222222222222222
all	minimal	lane122s000521_bin.1.s	lane122s000600_bin.1.s	M_no2_e	0.1111111111111111	0.04	1	0.0044444444444444444
all	minimal	lane122s000521_bin.1.s	lane122s000600_bin.1.s	M_pi_e	0.1111111111111111	0.35	1	0.03888888888888888
all	minimal	lane122s000521_bin.1.s	lane122s000600_bin.1.s	M_s_e	0.1111111111111111	0.82	1	0.0911111111111111
all	minimal	lane122s000521_bin.1.s	lane122s000600_bin.2.o	M_acald_e	0.1111111111111111	0.12	1	0.013333333333333332
all	minimal	lane122s000521_bin.1.s	lane122s000600_bin.2.o	M_fe3_e	0.1111111111111111	0.01	1	0.0011111111111111111
all	minimal	lane122s000521_bin.1.s	lane122s000600_bin.2.o	M_glyc_e	0.1111111111111111	0.94	1	0.10444444444444444
all	minimal	lane122s000521_bin.1.s	lane122s000600_bin.2.o	M_h2o_e	0.1111111111111111	0.02	1	0.0022222222222222222
all	minimal	lane122s000521_bin.1.s	lane122s000600_bin.2.o	M_h2s_e	0.1111111111111111	0.18	1	0.019999999999999997
all	minimal	lane122s000521_bin.1.s	lane122s000600_bin.2.o	M_h_e	0.1111111111111111	0.04	1	0.0044444444444444444
all	minimal	lane122s000521_bin.1.s	lane122s000600_bin.2.o	M_nh4_e	0.1111111111111111	0.83	1	0.09222222222222222
all	minimal	lane122s000521_bin.1.s	lane122s000600_bin.3.p	M_acald_e	0.1111111111111111	0.12	1	0.013333333333333332
all	minimal	lane122s000521_bin.1.s	lane122s000600_bin.3.p	M_fe3_e	0.1111111111111111	0.01	1	0.0011111111111111111
all	minimal	lane122s000521_bin.1.s	lane122s000600_bin.3.p	M_glyc_e	0.1111111111111111	0.94	1	0.10444444444444444
all	minimal	lane122s000521_bin.1.s	lane122s000600_bin.3.p	M_h2o_e	0.1111111111111111	0.02	1	0.0022222222222222222
all	minimal	lane122s000521_bin.1.s	lane122s000600_bin.3.p	M_h2s_e	0.1111111111111111	0.18	1	0.019999999999999997
all	minimal	lane122s000521_bin.1.s	lane122s000600_bin.3.p	M_h_e	0.1111111111111111	0.04	1	0.0044444444444444444
all	minimal	lane122s000521_bin.1.s	lane122s000600_bin.3.p	M_nh4_e	0.1111111111111111	0.83	1	0.09222222222222222
all	minimal	lane122s000521_bin.1.s	lane122s000600_bin.3.p	M_pi_e	0.1111111111111111	0.35	1	0.03888888888888888
all	minimal	lane122s000521_bin.1.s	lane122s000600_bin.3.p	M_s_e	0.1111111111111111	0.82	1	0.0911111111111111
all	minimal	lane122s000521_bin.1.s	lane122s000600_bin.4.o	M_acald_e	0.1111111111111111	0.12	1	0.013333333333333332
all	minimal	lane122s000521_bin.1.s	lane122s000600_bin.4.o	M_ala__D_e	0.1111111111111111	0.1	1	0.011111111111111112
all	minimal	lane122s000521_bin.1.s	lane122s000600_bin.4.o	M_fe3_e	0.1111111111111111	0.01	1	0.0011111111111111111
all	minimal	lane122s000521_bin.1.s	lane122s000600_bin.4.o	M_glyc_e	0.1111111111111111	0.94	1	0.10444444444444444
all	minimal	lane122s000521_bin.1.s	lane122s000600_bin.4.o	M_h2o_e	0.1111111111111111	0.02	1	0.0022222222222222222
all	minimal	lane122s000521_bin.1.s	lane122s000600_bin.4.o	M_h2s_e	0.1111111111111111	0.18	1	0.019999999999999997
all	minimal	lane122s000521_bin.1.s	lane122s000600_bin.4.o	M_h_e	0.1111111111111111	0.04	1	0.0044444444444444444
all	minimal	lane122s000521_bin.1.s	lane122s000600_bin.4.o	M_nh4_e	0.1111111111111111	0.83	1	0.09222222222222222
all	minimal	lane122s000521_bin.1.s	lane122s000600_bin.4.o	M_pi_e	0.1111111111111111	0.35	1	0.03888888888888888
all	minimal	lane122s000521_bin.1.s	lane122s000600_bin.5.s	M_acald_e	0.1111111111111111	0.12	1	0.013333333333333332
all	minimal	lane122s000521_bin.1.s	lane122s000600_bin.5.s	M_ala__D_e	0.1111111111111111	0.1	1	0.011111111111111112
all	minimal	lane122s000521_bin.1.s	lane122s000600_bin.5.s	M_fe3_e	0.1111111111111111	0.01	1	0.0011111111111111111
all	minimal	lane122s000521_bin.1.s	lane122s000600_bin.5.s	M_glyc_e	0.1111111111111111	0.94	1	0.10444444444444444
all	minimal	lane122s000521_bin.1.s	lane122s000600_bin.5.s	M_h2o_e	0.1111111111111111	0.02	1	0.0022222222222222222
all	minimal	lane122s000521_bin.1.s	lane122s000600_bin.5.s	M_h2s_e	0.1111111111111111	0.18	1	0.019999999999999997
all	minimal	lane122s000521_bin.1.s	lane122s000600_bin.5.s	M_h_e	0.1111111111111111	0.04	1	0.0044444444444444444
all	minimal	lane122s000521_bin.1.s	lane122s000600_bin.5.s	M_nh4_e	0.1111111111111111	0.83	1	0.09222222222222222
all	minimal	lane122s000521_bin.1.s	lane122s000600_bin.5.s	M_s_e	0.1111111111111111	0.82	1	0.0911111111111111
all	minimal	lane122s000521_bin.2.p	lane121s003952_megahit	M_acald_e	0.125	0.22	1	0.0275
all	minimal	lane122s000521_bin.2.p	lane121s003952_megahit	M_etoh_e	0.125	0.04	1	0.005
all	minimal	lane122s000521_bin.2.p	lane121s003952_megahit	M_fe3_e	0.125	0.05	1	0.00625
all	minimal	lane122s000521_bin.2.p	lane121s003952_megahit	M_glc__D_e	0.125	0.14	1	0.0175
all	minimal	lane122s000521_bin.2.p	lane121s003952_megahit	M_glyc_e	0.125	0.01	1	0.00125
all	minimal	lane122s000521_bin.2.p	lane121s003952_megahit	M_h2s_e	0.125	0.86	1	0.1075
all	minimal	lane122s000521_bin.2.p	lane121s003952_megahit	M_h_e	0.125	0.42	1	0.0525
all	minimal	lane122s000521_bin.2.p	lane121s003952_megahit	M_lys__L_e	0.125	1.0	1	0.125
all	minimal	lane122s000521_bin.2.p	lane121s003952_megahit	M_nh4_e	0.125	0.16	1	0.02
all	minimal	lane122s000521_bin.2.p	lane121s003952_megahit	M_rib__D_e	0.125	0.73	1	0.09125
all	minimal	lane122s000521_bin.2.p	lane121s003954_shovill	M_acald_e	0.125	0.22	1	0.0275
all	minimal	lane122s000521_bin.2.p	lane121s003954_shovill	M_cgly_e	0.125	0.01	1	0.00125
all	minimal	lane122s000521_bin.2.p	lane121s003954_shovill	M_etoh_e	0.125	0.04	1	0.005
all	minimal	lane122s000521_bin.2.p	lane121s003954_shovill	M_fe3_e	0.125	0.05	1	0.00625
all	minimal	lane122s000521_bin.2.p	lane121s003954_shovill	M_glc__D_e	0.125	0.14	1	0.0175
all	minimal	lane122s000521_bin.2.p	lane121s003954_shovill	M_glyc_e	0.125	0.01	1	0.00125
all	minimal	lane122s000521_bin.2.p	lane121s003954_shovill	M_h2s_e	0.125	0.86	1	0.1075
all	minimal	lane122s000521_bin.2.p	lane121s003954_shovill	M_h_e	0.125	0.42	1	0.0525
all	minimal	lane122s000521_bin.2.p	lane121s003954_shovill	M_lys__L_e	0.125	1.0	1	0.125
all	minimal	lane122s000521_bin.2.p	lane121s003954_shovill	M_nh4_e	0.125	0.16	1	0.02
all	minimal	lane122s000521_bin.2.p	lane121s003954_shovill	M_pi_e	0.125	0.02	1	0.0025
all	minimal	lane122s000521_bin.2.p	lane121s003954_shovill	M_rib__D_e	0.125	0.73	1	0.09125
all	minimal	lane122s000521_bin.2.p	lane121s003964_megahit	M_acald_e	0.125	0.22	1	0.0275
all	minimal	lane122s000521_bin.2.p	lane121s003964_megahit	M_cgly_e	0.125	0.01	1	0.00125
all	minimal	lane122s000521_bin.2.p	lane121s003964_megahit	M_etoh_e	0.125	0.04	1	0.005
all	minimal	lane122s000521_bin.2.p	lane121s003964_megahit	M_fe3_e	0.125	0.05	1	0.00625
all	minimal	lane122s000521_bin.2.p	lane121s003964_megahit	M_glyc_e	0.125	0.01	1	0.00125
all	minimal	lane122s000521_bin.2.p	lane121s003964_megahit	M_h2s_e	0.125	0.86	1	0.1075
all	minimal	lane122s000521_bin.2.p	lane121s003964_megahit	M_h_e	0.125	0.42	1	0.0525
all	minimal	lane122s000521_bin.2.p	lane121s003964_megahit	M_lys__L_e	0.125	1.0	1	0.125
all	minimal	lane122s000521_bin.2.p	lane121s003964_megahit	M_nh4_e	0.125	0.16	1	0.02
all	minimal	lane122s000521_bin.2.p	lane121s003964_megahit	M_orn_e	0.125	0.01	1	0.00125
all	minimal	lane122s000521_bin.2.p	lane121s003964_megahit	M_rib__D_e	0.125	0.73	1	0.09125
all	minimal	lane122s000521_bin.2.p	lane121s003995_shovill	M_acald_e	0.125	0.22	1	0.0275
all	minimal	lane122s000521_bin.2.p	lane121s003995_shovill	M_fe3_e	0.125	0.05	1	0.00625
all	minimal	lane122s000521_bin.2.p	lane121s003995_shovill	M_gal_e	0.125	0.12	1	0.015
all	minimal	lane122s000521_bin.2.p	lane121s003995_shovill	M_glyc_e	0.125	0.01	1	0.00125
all	minimal	lane122s000521_bin.2.p	lane121s003995_shovill	M_h2s_e	0.125	0.86	1	0.1075
all	minimal	lane122s000521_bin.2.p	lane121s003995_shovill	M_h_e	0.125	0.42	1	0.0525
all	minimal	lane122s000521_bin.2.p	lane121s003995_shovill	M_lys__L_e	0.125	1.0	1	0.125
all	minimal	lane122s000521_bin.2.p	lane121s003995_shovill	M_nh4_e	0.125	0.16	1	0.02
all	minimal	lane122s000521_bin.2.p	lane121s003995_shovill	M_rib__D_e	0.125	0.73	1	0.09125
all	minimal	lane122s000521_bin.2.p	lane122s000524_shovill	M_acald_e	1.0	0.22	1	0.22
all	minimal	lane122s000521_bin.2.p	lane122s000524_shovill	M_fe3_e	1.0	0.05	1	0.05
all	minimal	lane122s000521_bin.2.p	lane122s000524_shovill	M_glc__D_e	1.0	0.14	1	0.14
all	minimal	lane122s000521_bin.2.p	lane122s000524_shovill	M_glyc_e	1.0	0.01	1	0.01
all	minimal	lane122s000521_bin.2.p	lane122s000524_shovill	M_h2s_e	1.0	0.86	1	0.86
all	minimal	lane122s000521_bin.2.p	lane122s000524_shovill	M_h_e	1.0	0.42	1	0.42
all	minimal	lane122s000521_bin.2.p	lane122s000524_shovill	M_lys__L_e	1.0	1.0	1	1.0
all	minimal	lane122s000521_bin.2.p	lane122s000524_shovill	M_nh4_e	1.0	0.16	1	0.16
all	minimal	lane122s000521_bin.2.p	lane122s000524_shovill	M_pi_e	1.0	0.02	1	0.02
all	minimal	lane122s000521_bin.2.p	lane122s000524_shovill	M_rib__D_e	1.0	0.73	1	0.73
all	minimal	lane122s000521_bin.2.p	lane122s000524_shovill	M_thm_e	1.0	1.0	1	1.0
all	minimal	lane122s000521_bin.2.p	lane122s000529_megahit	M_acald_e	0.125	0.22	1	0.0275
all	minimal	lane122s000521_bin.2.p	lane122s000529_megahit	M_cellb_e	0.125	0.01	1	0.00125
all	minimal	lane122s000521_bin.2.p	lane122s000529_megahit	M_cgly_e	0.125	0.01	1	0.00125
all	minimal	lane122s000521_bin.2.p	lane122s000529_megahit	M_etoh_e	0.125	0.04	1	0.005
all	minimal	lane122s000521_bin.2.p	lane122s000529_megahit	M_fe3_e	0.125	0.05	1	0.00625
all	minimal	lane122s000521_bin.2.p	lane122s000529_megahit	M_for_e	0.125	0.01	1	0.00125
all	minimal	lane122s000521_bin.2.p	lane122s000529_megahit	M_glyc_e	0.125	0.01	1	0.00125
all	minimal	lane122s000521_bin.2.p	lane122s000529_megahit	M_h2s_e	0.125	0.86	1	0.1075
all	minimal	lane122s000521_bin.2.p	lane122s000529_megahit	M_h_e	0.125	0.42	1	0.0525
all	minimal	lane122s000521_bin.2.p	lane122s000529_megahit	M_lys__L_e	0.125	1.0	1	0.125
all	minimal	lane122s000521_bin.2.p	lane122s000529_megahit	M_nh4_e	0.125	0.16	1	0.02
all	minimal	lane122s000521_bin.2.p	lane122s000529_megahit	M_oxa_e	0.125	0.01	1	0.00125
all	minimal	lane122s000521_bin.2.p	lane122s000529_megahit	M_rib__D_e	0.125	0.73	1	0.09125
all	minimal	lane122s000521_bin.2.p	lane122s000532_bin.1.p	M_acald_e	0.125	0.22	1	0.0275
all	minimal	lane122s000521_bin.2.p	lane122s000532_bin.1.p	M_etoh_e	0.125	0.04	1	0.005
all	minimal	lane122s000521_bin.2.p	lane122s000532_bin.1.p	M_fe3_e	0.125	0.05	1	0.00625
all	minimal	lane122s000521_bin.2.p	lane122s000532_bin.1.p	M_glc__D_e	0.125	0.14	1	0.0175
all	minimal	lane122s000521_bin.2.p	lane122s000532_bin.1.p	M_glyc_e	0.125	0.01	1	0.00125
all	minimal	lane122s000521_bin.2.p	lane122s000532_bin.1.p	M_h2s_e	0.125	0.86	1	0.1075
all	minimal	lane122s000521_bin.2.p	lane122s000532_bin.1.p	M_h_e	0.125	0.42	1	0.0525
all	minimal	lane122s000521_bin.2.p	lane122s000532_bin.1.p	M_lys__L_e	0.125	1.0	1	0.125
all	minimal	lane122s000521_bin.2.p	lane122s000532_bin.1.p	M_nh4_e	0.125	0.16	1	0.02
all	minimal	lane122s000521_bin.2.p	lane122s000532_bin.1.p	M_rib__D_e	0.125	0.73	1	0.09125
all	minimal	lane122s000521_bin.2.p	lane821s003041_shovill	M_acald_e	0.125	0.22	1	0.0275
all	minimal	lane122s000521_bin.2.p	lane821s003041_shovill	M_etoh_e	0.125	0.04	1	0.005
all	minimal	lane122s000521_bin.2.p	lane821s003041_shovill	M_fe3_e	0.125	0.05	1	0.00625
all	minimal	lane122s000521_bin.2.p	lane821s003041_shovill	M_h2s_e	0.125	0.86	1	0.1075
all	minimal	lane122s000521_bin.2.p	lane821s003041_shovill	M_h_e	0.125	0.42	1	0.0525
all	minimal	lane122s000521_bin.2.p	lane821s003041_shovill	M_lys__L_e	0.125	1.0	1	0.125
all	minimal	lane122s000521_bin.2.p	lane821s003041_shovill	M_nh4_e	0.125	0.16	1	0.02
all	minimal	lane122s000524_shovill	lane122s000521_bin.2.p	M_4abut_e	1.0	0.01	1	0.01
all	minimal	lane122s000524_shovill	lane122s000521_bin.2.p	M_cgly_e	1.0	0.01	1	0.01
all	minimal	lane122s000524_shovill	lane122s000521_bin.2.p	M_glyc_e	1.0	0.8	1	0.8
all	minimal	lane122s000524_shovill	lane122s000521_bin.2.p	M_h2s_e	1.0	0.26	1	0.26
all	minimal	lane122s000524_shovill	lane122s000521_bin.2.p	M_h_e	1.0	0.29	1	0.29
all	minimal	lane122s000524_shovill	lane122s000521_bin.2.p	M_nh4_e	1.0	0.16	1	0.16
all	minimal	lane122s000524_shovill	lane122s000521_bin.2.p	M_pi_e	1.0	0.9	1	0.9
all	minimal	lane122s000524_shovill	lane122s000521_bin.2.p	M_s_e	1.0	0.73	1	0.73
all	minimal	lane122s000529_megahit	lane122s000521_bin.2.p	M_acald_e	1.0	0.07	1	0.07
all	minimal	lane122s000529_megahit	lane122s000521_bin.2.p	M_cgly_e	1.0	0.01	1	0.01
all	minimal	lane122s000529_megahit	lane122s000521_bin.2.p	M_etha_e	1.0	0.07	1	0.07
all	minimal	lane122s000529_megahit	lane122s000521_bin.2.p	M_etoh_e	1.0	0.01	1	0.01
all	minimal	lane122s000529_megahit	lane122s000521_bin.2.p	M_fe3_e	1.0	1.0	1	1.0
all	minimal	lane122s000529_megahit	lane122s000521_bin.2.p	M_gal_e	1.0	0.06	1	0.06
all	minimal	lane122s000529_megahit	lane122s000521_bin.2.p	M_glyc_e	1.0	0.42	1	0.42
all	minimal	lane122s000529_megahit	lane122s000521_bin.2.p	M_h2s_e	1.0	0.05	1	0.05
all	minimal	lane122s000529_megahit	lane122s000521_bin.2.p	M_h_e	1.0	0.34	1	0.34
all	minimal	lane122s000529_megahit	lane122s000521_bin.2.p	M_hom__L_e	1.0	0.41	1	0.41
all	minimal	lane122s000529_megahit	lane122s000521_bin.2.p	M_nh4_e	1.0	0.34	1	0.34
all	minimal	lane122s000529_megahit	lane122s000521_bin.2.p	M_pi_e	1.0	0.98	1	0.98
all	minimal	lane122s000529_megahit	lane122s000521_bin.2.p	M_s_e	1.0	0.06	1	0.06
all	minimal	lane122s000530_shovill	lane121s003952_megahit	M_acald_e	0.11764705882352941	0.55	1	0.06470588235294118
all	minimal	lane122s000530_shovill	lane121s003952_megahit	M_glc__D_e	0.11764705882352941	0.05	1	0.0058823529411764705
all	minimal	lane122s000530_shovill	lane121s003952_megahit	M_glyc_e	0.11764705882352941	0.92	1	0.10823529411764707
all	minimal	lane122s000530_shovill	lane121s003952_megahit	M_h2s_e	0.11764705882352941	0.07	1	0.00823529411764706
all	minimal	lane122s000530_shovill	lane121s003952_megahit	M_h_e	0.11764705882352941	0.02	1	0.0023529411764705885
all	minimal	lane122s000530_shovill	lane121s003952_megahit	M_nh4_e	0.11764705882352941	0.06	1	0.007058823529411764
all	minimal	lane122s000530_shovill	lane121s003952_megahit	M_s_e	0.11764705882352941	0.86	1	0.10117647058823528
all	minimal	lane122s000530_shovill	lane121s003953_shovill	M_acald_e	0.11764705882352941	0.55	1	0.06470588235294118
all	minimal	lane122s000530_shovill	lane121s003953_shovill	M_h2s_e	0.11764705882352941	0.07	1	0.00823529411764706
all	minimal	lane122s000530_shovill	lane121s003953_shovill	M_h_e	0.11764705882352941	0.02	1	0.0023529411764705885
all	minimal	lane122s000530_shovill	lane121s003953_shovill	M_nh4_e	0.11764705882352941	0.06	1	0.007058823529411764
all	minimal	lane122s000530_shovill	lane121s003953_shovill	M_s_e	0.11764705882352941	0.86	1	0.10117647058823528
all	minimal	lane122s000530_shovill	lane121s003954_shovill	M_acald_e	0.058823529411764705	0.55	1	0.03235294117647059
all	minimal	lane122s000530_shovill	lane121s003954_shovill	M_cgly_e	0.058823529411764705	0.02	1	0.0011764705882352942
all	minimal	lane122s000530_shovill	lane121s003954_shovill	M_glc__D_e	0.058823529411764705	0.05	1	0.0029411764705882353
all	minimal	lane122s000530_shovill	lane121s003954_shovill	M_glu__L_e	0.058823529411764705	0.02	1	0.0011764705882352942
all	minimal	lane122s000530_shovill	lane121s003954_shovill	M_glyc_e	0.058823529411764705	0.92	1	0.054117647058823534
all	minimal	lane122s000530_shovill	lane121s003954_shovill	M_h2s_e	0.058823529411764705	0.07	1	0.00411764705882353
all	minimal	lane122s000530_shovill	lane121s003954_shovill	M_h_e	0.058823529411764705	0.02	1	0.0011764705882352942
all	minimal	lane122s000530_shovill	lane121s003954_shovill	M_nh4_e	0.058823529411764705	0.06	1	0.003529411764705882
all	minimal	lane122s000530_shovill	lane121s003954_shovill	M_pi_e	0.058823529411764705	1.0	1	0.058823529411764705
all	minimal	lane122s000530_shovill	lane121s003954_shovill	M_s_e	0.058823529411764705	0.86	1	0.05058823529411764
all	minimal	lane122s000530_shovill	lane121s003960_shovill	M_acald_e	0.11764705882352941	0.55	1	0.06470588235294118
all	minimal	lane122s000530_shovill	lane121s003960_shovill	M_glyc_e	0.11764705882352941	0.92	1	0.10823529411764707
all	minimal	lane122s000530_shovill	lane121s003960_shovill	M_h2s_e	0.11764705882352941	0.07	1	0.00823529411764706
all	minimal	lane122s000530_shovill	lane121s003960_shovill	M_h_e	0.11764705882352941	0.02	1	0.0023529411764705885
all	minimal	lane122s000530_shovill	lane121s003960_shovill	M_nh4_e	0.11764705882352941	0.06	1	0.007058823529411764
all	minimal	lane122s000530_shovill	lane121s003960_shovill	M_s_e	0.11764705882352941	0.86	1	0.10117647058823528
all	minimal	lane122s000530_shovill	lane121s003964_megahit	M_acald_e	0.058823529411764705	0.55	1	0.03235294117647059
all	minimal	lane122s000530_shovill	lane121s003964_megahit	M_cgly_e	0.058823529411764705	0.02	1	0.0011764705882352942
all	minimal	lane122s000530_shovill	lane121s003964_megahit	M_glu__L_e	0.058823529411764705	0.02	1	0.0011764705882352942
all	minimal	lane122s000530_shovill	lane121s003964_megahit	M_glyc_e	0.058823529411764705	0.92	1	0.054117647058823534
all	minimal	lane122s000530_shovill	lane121s003964_megahit	M_h2s_e	0.058823529411764705	0.07	1	0.00411764705882353
all	minimal	lane122s000530_shovill	lane121s003964_megahit	M_h_e	0.058823529411764705	0.02	1	0.0011764705882352942
all	minimal	lane122s000530_shovill	lane121s003964_megahit	M_nh4_e	0.058823529411764705	0.06	1	0.003529411764705882
all	minimal	lane122s000530_shovill	lane121s003964_megahit	M_s_e	0.058823529411764705	0.86	1	0.05058823529411764
all	minimal	lane122s000530_shovill	lane121s003995_shovill	M_acald_e	0.11764705882352941	0.55	1	0.06470588235294118
all	minimal	lane122s000530_shovill	lane121s003995_shovill	M_glyc_e	0.11764705882352941	0.92	1	0.10823529411764707
all	minimal	lane122s000530_shovill	lane121s003995_shovill	M_h2s_e	0.11764705882352941	0.07	1	0.00823529411764706
all	minimal	lane122s000530_shovill	lane121s003995_shovill	M_h_e	0.11764705882352941	0.02	1	0.0023529411764705885
all	minimal	lane122s000530_shovill	lane121s003995_shovill	M_nh4_e	0.11764705882352941	0.06	1	0.007058823529411764
all	minimal	lane122s000530_shovill	lane122s000521_bin.1.s	M_acald_e	0.5294117647058824	0.55	1	0.2911764705882353
all	minimal	lane122s000530_shovill	lane122s000521_bin.1.s	M_glc__D_e	0.5294117647058824	0.05	1	0.02647058823529412
all	minimal	lane122s000530_shovill	lane122s000521_bin.1.s	M_glyc_e	0.5294117647058824	0.92	1	0.48705882352941177
all	minimal	lane122s000530_shovill	lane122s000521_bin.1.s	M_h2s_e	0.5294117647058824	0.07	1	0.03705882352941177
all	minimal	lane122s000530_shovill	lane122s000521_bin.1.s	M_h_e	0.5294117647058824	0.02	1	0.010588235294117647
all	minimal	lane122s000530_shovill	lane122s000521_bin.1.s	M_nh4_e	0.5294117647058824	0.06	1	0.03176470588235294
all	minimal	lane122s000530_shovill	lane122s000521_bin.1.s	M_pi_e	0.5294117647058824	1.0	1	0.5294117647058824
all	minimal	lane122s000530_shovill	lane122s000521_bin.1.s	M_s_e	0.5294117647058824	0.86	1	0.45529411764705885
all	minimal	lane122s000530_shovill	lane122s000521_bin.2.p	M_acald_e	0.5294117647058824	0.55	1	0.2911764705882353
all	minimal	lane122s000530_shovill	lane122s000521_bin.2.p	M_cgly_e	0.5294117647058824	0.02	1	0.010588235294117647
all	minimal	lane122s000530_shovill	lane122s000521_bin.2.p	M_glu__L_e	0.5294117647058824	0.02	1	0.010588235294117647
all	minimal	lane122s000530_shovill	lane122s000521_bin.2.p	M_glyc_e	0.5294117647058824	0.92	1	0.48705882352941177
all	minimal	lane122s000530_shovill	lane122s000521_bin.2.p	M_h2s_e	0.5294117647058824	0.07	1	0.03705882352941177
all	minimal	lane122s000530_shovill	lane122s000521_bin.2.p	M_h_e	0.5294117647058824	0.02	1	0.010588235294117647
all	minimal	lane122s000530_shovill	lane122s000521_bin.2.p	M_nh4_e	0.5294117647058824	0.06	1	0.03176470588235294
all	minimal	lane122s000530_shovill	lane122s000521_bin.2.p	M_pi_e	0.5294117647058824	1.0	1	0.5294117647058824
all	minimal	lane122s000530_shovill	lane122s000521_bin.2.p	M_s_e	0.5294117647058824	0.86	1	0.45529411764705885
all	minimal	lane122s000530_shovill	lane122s000524_shovill	M_acald_e	1.0	0.55	1	0.55
all	minimal	lane122s000530_shovill	lane122s000524_shovill	M_glc__D_e	1.0	0.05	1	0.05
all	minimal	lane122s000530_shovill	lane122s000524_shovill	M_glyc_e	1.0	0.92	1	0.92
all	minimal	lane122s000530_shovill	lane122s000524_shovill	M_h2s_e	1.0	0.07	1	0.07
all	minimal	lane122s000530_shovill	lane122s000524_shovill	M_h_e	1.0	0.02	1	0.02
all	minimal	lane122s000530_shovill	lane122s000524_shovill	M_nh4_e	1.0	0.06	1	0.06
all	minimal	lane122s000530_shovill	lane122s000524_shovill	M_pi_e	1.0	1.0	1	1.0
all	minimal	lane122s000530_shovill	lane122s000524_shovill	M_s_e	1.0	0.86	1	0.86
all	minimal	lane122s000530_shovill	lane122s000524_shovill	M_thm_e	1.0	1.0	1	1.0
all	minimal	lane122s000530_shovill	lane122s000600_bin.1.s	M_acald_e	1.0	0.55	1	0.55
all	minimal	lane122s000530_shovill	lane122s000600_bin.1.s	M_glu__L_e	1.0	0.02	1	0.02
all	minimal	lane122s000530_shovill	lane122s000600_bin.1.s	M_glyc_e	1.0	0.92	1	0.92
all	minimal	lane122s000530_shovill	lane122s000600_bin.1.s	M_h2s_e	1.0	0.07	1	0.07
all	minimal	lane122s000530_shovill	lane122s000600_bin.1.s	M_h_e	1.0	0.02	1	0.02
all	minimal	lane122s000530_shovill	lane122s000600_bin.1.s	M_nh4_e	1.0	0.06	1	0.06
all	minimal	lane122s000530_shovill	lane122s000600_bin.1.s	M_pi_e	1.0	1.0	1	1.0
all	minimal	lane122s000530_shovill	lane122s000600_bin.1.s	M_s_e	1.0	0.86	1	0.86
all	minimal	lane122s000530_shovill	lane122s000600_bin.1.s	M_thr__L_e	1.0	1.0	1	1.0
all	minimal	lane122s000530_shovill	lane122s000600_bin.3.p	M_acald_e	0.4117647058823529	0.55	1	0.22647058823529412
all	minimal	lane122s000530_shovill	lane122s000600_bin.3.p	M_glyc_e	0.4117647058823529	0.92	1	0.3788235294117647
all	minimal	lane122s000530_shovill	lane122s000600_bin.3.p	M_h2s_e	0.4117647058823529	0.07	1	0.028823529411764706
all	minimal	lane122s000530_shovill	lane122s000600_bin.3.p	M_h_e	0.4117647058823529	0.02	1	0.00823529411764706
all	minimal	lane122s000530_shovill	lane122s000600_bin.3.p	M_leu__L_e	0.4117647058823529	1.0	1	0.4117647058823529
all	minimal	lane122s000530_shovill	lane122s000600_bin.3.p	M_nh4_e	0.4117647058823529	0.06	1	0.024705882352941175
all	minimal	lane122s000530_shovill	lane122s000600_bin.3.p	M_pi_e	0.4117647058823529	1.0	1	0.4117647058823529
all	minimal	lane122s000530_shovill	lane122s000600_bin.3.p	M_s_e	0.4117647058823529	0.86	1	0.3541176470588235
all	minimal	lane122s000530_shovill	lane122s000600_bin.4.o	M_acald_e	0.5882352941176471	0.55	1	0.3235294117647059
all	minimal	lane122s000530_shovill	lane122s000600_bin.4.o	M_cgly_e	0.5882352941176471	0.02	1	0.011764705882352941
all	minimal	lane122s000530_shovill	lane122s000600_bin.4.o	M_glyc_e	0.5882352941176471	0.92	1	0.5411764705882354
all	minimal	lane122s000530_shovill	lane122s000600_bin.4.o	M_h2s_e	0.5882352941176471	0.07	1	0.0411764705882353
all	minimal	lane122s000530_shovill	lane122s000600_bin.4.o	M_h_e	0.5882352941176471	0.02	1	0.011764705882352941
all	minimal	lane122s000530_shovill	lane122s000600_bin.4.o	M_leu__L_e	0.5882352941176471	1.0	1	0.5882352941176471
all	minimal	lane122s000530_shovill	lane122s000600_bin.4.o	M_nh4_e	0.5882352941176471	0.06	1	0.03529411764705882
all	minimal	lane122s000530_shovill	lane122s000600_bin.4.o	M_pi_e	0.5882352941176471	1.0	1	0.5882352941176471
all	minimal	lane122s000532_bin.1.p	lane122s000521_bin.2.p	M_acald_e	1.0	0.06	1	0.06
all	minimal	lane122s000532_bin.1.p	lane122s000521_bin.2.p	M_fe3_e	1.0	0.06	1	0.06
all	minimal	lane122s000532_bin.1.p	lane122s000521_bin.2.p	M_for_e	1.0	0.02	1	0.02
all	minimal	lane122s000532_bin.1.p	lane122s000521_bin.2.p	M_glyc_e	1.0	0.9	1	0.9
all	minimal	lane122s000532_bin.1.p	lane122s000521_bin.2.p	M_h2o_e	1.0	0.01	1	0.01
all	minimal	lane122s000532_bin.1.p	lane122s000521_bin.2.p	M_h2s_e	1.0	0.39	1	0.39
all	minimal	lane122s000532_bin.1.p	lane122s000521_bin.2.p	M_h_e	1.0	0.29	1	0.29
all	minimal	lane122s000532_bin.1.p	lane122s000521_bin.2.p	M_nh4_e	1.0	0.11	1	0.11
all	minimal	lane122s000532_bin.1.p	lane122s000521_bin.2.p	M_pi_e	1.0	0.97	1	0.97
all	minimal	lane122s000532_bin.1.p	lane122s000521_bin.2.p	M_s_e	1.0	0.61	1	0.61
all	minimal	lane122s000544_bin.1.s	lane122s000521_bin.2.p	M_acald_e	1.0	0.05	1	0.05
all	minimal	lane122s000544_bin.1.s	lane122s000521_bin.2.p	M_cgly_e	1.0	0.06	1	0.06
all	minimal	lane122s000544_bin.1.s	lane122s000521_bin.2.p	M_gal_e	1.0	0.06	1	0.06
all	minimal	lane122s000544_bin.1.s	lane122s000521_bin.2.p	M_glyc_e	1.0	0.89	1	0.89
all	minimal	lane122s000544_bin.1.s	lane122s000521_bin.2.p	M_h2s_e	1.0	0.31	1	0.31
all	minimal	lane122s000544_bin.1.s	lane122s000521_bin.2.p	M_h_e	1.0	0.24	1	0.24
all	minimal	lane122s000544_bin.1.s	lane122s000521_bin.2.p	M_nh4_e	1.0	0.48	1	0.48
all	minimal	lane122s000544_bin.1.s	lane122s000521_bin.2.p	M_pi_e	1.0	0.65	1	0.65
all	minimal	lane122s000544_bin.1.s	lane122s000521_bin.2.p	M_rib__D_e	1.0	0.05	1	0.05
all	minimal	lane122s000544_bin.1.s	lane122s000521_bin.2.p	M_s_e	1.0	0.64	1	0.64
all	minimal	lane122s000600_bin.1.s	lane121s003952_megahit	M_acald_e	0.0625	0.13	1	0.008125
all	minimal	lane122s000600_bin.1.s	lane121s003952_megahit	M_etoh_e	0.0625	0.04	1	0.0025
all	minimal	lane122s000600_bin.1.s	lane121s003952_megahit	M_fe3_e	0.0625	0.7	1	0.04375
all	minimal	lane122s000600_bin.1.s	lane121s003952_megahit	M_glc__D_e	0.0625	0.72	1	0.045
all	minimal	lane122s000600_bin.1.s	lane121s003952_megahit	M_h2s_e	0.0625	0.06	1	0.00375
all	minimal	lane122s000600_bin.1.s	lane121s003952_megahit	M_h_e	0.0625	0.01	1	0.000625
all	minimal	lane122s000600_bin.1.s	lane121s003952_megahit	M_lys__L_e	0.0625	1.0	1	0.0625
all	minimal	lane122s000600_bin.1.s	lane121s003952_megahit	M_nh4_e	0.0625	0.01	1	0.000625
all	minimal	lane122s000600_bin.1.s	lane121s003952_megahit	M_s_e	0.0625	0.93	1	0.058125
all	minimal	lane122s000600_bin.1.s	lane121s003953_shovill	M_acald_e	0.125	0.13	1	0.01625
all	minimal	lane122s000600_bin.1.s	lane121s003953_shovill	M_ala__D_e	0.125	0.01	1	0.00125
all	minimal	lane122s000600_bin.1.s	lane121s003953_shovill	M_asp__D_e	0.125	0.02	1	0.0025
all	minimal	lane122s000600_bin.1.s	lane121s003953_shovill	M_etoh_e	0.125	0.04	1	0.005
all	minimal	lane122s000600_bin.1.s	lane121s003953_shovill	M_fe3_e	0.125	0.7	1	0.0875
all	minimal	lane122s000600_bin.1.s	lane121s003953_shovill	M_h2s_e	0.125	0.06	1	0.0075
all	minimal	lane122s000600_bin.1.s	lane121s003953_shovill	M_h_e	0.125	0.01	1	0.00125
all	minimal	lane122s000600_bin.1.s	lane121s003953_shovill	M_lys__L_e	0.125	1.0	1	0.125
all	minimal	lane122s000600_bin.1.s	lane121s003953_shovill	M_nh4_e	0.125	0.01	1	0.00125
all	minimal	lane122s000600_bin.1.s	lane121s003953_shovill	M_s_e	0.125	0.93	1	0.11625
all	minimal	lane122s000600_bin.1.s	lane121s003954_shovill	M_acald_e	0.0625	0.13	1	0.008125
all	minimal	lane122s000600_bin.1.s	lane121s003954_shovill	M_ala__D_e	0.0625	0.01	1	0.000625
all	minimal	lane122s000600_bin.1.s	lane121s003954_shovill	M_cgly_e	0.0625	0.01	1	0.000625
all	minimal	lane122s000600_bin.1.s	lane121s003954_shovill	M_etoh_e	0.0625	0.04	1	0.0025
all	minimal	lane122s000600_bin.1.s	lane121s003954_shovill	M_fe3_e	0.0625	0.7	1	0.04375
all	minimal	lane122s000600_bin.1.s	lane121s003954_shovill	M_glc__D_e	0.0625	0.72	1	0.045
all	minimal	lane122s000600_bin.1.s	lane121s003954_shovill	M_h2s_e	0.0625	0.06	1	0.00375
all	minimal	lane122s000600_bin.1.s	lane121s003954_shovill	M_h_e	0.0625	0.01	1	0.000625
all	minimal	lane122s000600_bin.1.s	lane121s003954_shovill	M_lys__L_e	0.0625	1.0	1	0.0625
all	minimal	lane122s000600_bin.1.s	lane121s003954_shovill	M_nh4_e	0.0625	0.01	1	0.000625
all	minimal	lane122s000600_bin.1.s	lane121s003954_shovill	M_pi_e	0.0625	0.98	1	0.06125
all	minimal	lane122s000600_bin.1.s	lane121s003954_shovill	M_s_e	0.0625	0.93	1	0.058125
all	minimal	lane122s000600_bin.1.s	lane121s003964_megahit	M_acald_e	0.0625	0.13	1	0.008125
all	minimal	lane122s000600_bin.1.s	lane121s003964_megahit	M_cgly_e	0.0625	0.01	1	0.000625
all	minimal	lane122s000600_bin.1.s	lane121s003964_megahit	M_etoh_e	0.0625	0.04	1	0.0025
all	minimal	lane122s000600_bin.1.s	lane121s003964_megahit	M_fe3_e	0.0625	0.7	1	0.04375
all	minimal	lane122s000600_bin.1.s	lane121s003964_megahit	M_h2s_e	0.0625	0.06	1	0.00375
all	minimal	lane122s000600_bin.1.s	lane121s003964_megahit	M_h_e	0.0625	0.01	1	0.000625
all	minimal	lane122s000600_bin.1.s	lane121s003964_megahit	M_lys__L_e	0.0625	1.0	1	0.0625
all	minimal	lane122s000600_bin.1.s	lane121s003964_megahit	M_nh4_e	0.0625	0.01	1	0.000625
all	minimal	lane122s000600_bin.1.s	lane121s003964_megahit	M_s_e	0.0625	0.93	1	0.058125
all	minimal	lane122s000600_bin.1.s	lane121s003995_shovill	M_acald_e	0.125	0.13	1	0.01625
all	minimal	lane122s000600_bin.1.s	lane121s003995_shovill	M_ala__D_e	0.125	0.01	1	0.00125
all	minimal	lane122s000600_bin.1.s	lane121s003995_shovill	M_bz_e	0.125	0.09	1	0.01125
all	minimal	lane122s000600_bin.1.s	lane121s003995_shovill	M_fe3_e	0.125	0.7	1	0.0875
all	minimal	lane122s000600_bin.1.s	lane121s003995_shovill	M_gal_e	0.125	0.28	1	0.035
all	minimal	lane122s000600_bin.1.s	lane121s003995_shovill	M_h2s_e	0.125	0.06	1	0.0075
all	minimal	lane122s000600_bin.1.s	lane121s003995_shovill	M_h_e	0.125	0.01	1	0.00125
all	minimal	lane122s000600_bin.1.s	lane121s003995_shovill	M_lys__L_e	0.125	1.0	1	0.125
all	minimal	lane122s000600_bin.1.s	lane121s003995_shovill	M_nh4_e	0.125	0.01	1	0.00125
all	minimal	lane122s000600_bin.1.s	lane122s000521_bin.1.s	M_acald_e	0.375	0.13	1	0.04875
all	minimal	lane122s000600_bin.1.s	lane122s000521_bin.1.s	M_etoh_e	0.375	0.04	1	0.015
all	minimal	lane122s000600_bin.1.s	lane122s000521_bin.1.s	M_fe3_e	0.375	0.7	1	0.26249999999999996
all	minimal	lane122s000600_bin.1.s	lane122s000521_bin.1.s	M_glc__D_e	0.375	0.72	1	0.27
all	minimal	lane122s000600_bin.1.s	lane122s000521_bin.1.s	M_h2s_e	0.375	0.06	1	0.0225
all	minimal	lane122s000600_bin.1.s	lane122s000521_bin.1.s	M_h_e	0.375	0.01	1	0.00375
all	minimal	lane122s000600_bin.1.s	lane122s000521_bin.1.s	M_lys__L_e	0.375	1.0	1	0.375
all	minimal	lane122s000600_bin.1.s	lane122s000521_bin.1.s	M_nh4_e	0.375	0.01	1	0.00375
all	minimal	lane122s000600_bin.1.s	lane122s000521_bin.1.s	M_pi_e	0.375	0.98	1	0.3675
all	minimal	lane122s000600_bin.1.s	lane122s000521_bin.1.s	M_s_e	0.375	0.93	1	0.34875
all	minimal	lane122s000600_bin.1.s	lane122s000521_bin.2.p	M_acald_e	0.6875	0.13	1	0.08937500000000001
all	minimal	lane122s000600_bin.1.s	lane122s000521_bin.2.p	M_bz_e	0.6875	0.09	1	0.061875
all	minimal	lane122s000600_bin.1.s	lane122s000521_bin.2.p	M_cgly_e	0.6875	0.01	1	0.006875
all	minimal	lane122s000600_bin.1.s	lane122s000521_bin.2.p	M_etoh_e	0.6875	0.04	1	0.0275
all	minimal	lane122s000600_bin.1.s	lane122s000521_bin.2.p	M_fe3_e	0.6875	0.7	1	0.48124999999999996
all	minimal	lane122s000600_bin.1.s	lane122s000521_bin.2.p	M_gal_e	0.6875	0.28	1	0.1925
all	minimal	lane122s000600_bin.1.s	lane122s000521_bin.2.p	M_h2s_e	0.6875	0.06	1	0.041249999999999995
all	minimal	lane122s000600_bin.1.s	lane122s000521_bin.2.p	M_h_e	0.6875	0.01	1	0.006875
all	minimal	lane122s000600_bin.1.s	lane122s000521_bin.2.p	M_nh4_e	0.6875	0.01	1	0.006875
all	minimal	lane122s000600_bin.1.s	lane122s000521_bin.2.p	M_pi_e	0.6875	0.98	1	0.67375
all	minimal	lane122s000600_bin.1.s	lane122s000521_bin.2.p	M_s_e	0.6875	0.93	1	0.639375
all	minimal	lane122s000600_bin.1.s	lane122s000524_shovill	M_acald_e	0.0625	0.13	1	0.008125
all	minimal	lane122s000600_bin.1.s	lane122s000524_shovill	M_fe3_e	0.0625	0.7	1	0.04375
all	minimal	lane122s000600_bin.1.s	lane122s000524_shovill	M_glc__D_e	0.0625	0.72	1	0.045
all	minimal	lane122s000600_bin.1.s	lane122s000524_shovill	M_h2s_e	0.0625	0.06	1	0.00375
all	minimal	lane122s000600_bin.1.s	lane122s000524_shovill	M_h_e	0.0625	0.01	1	0.000625
all	minimal	lane122s000600_bin.1.s	lane122s000524_shovill	M_lys__L_e	0.0625	1.0	1	0.0625
all	minimal	lane122s000600_bin.1.s	lane122s000524_shovill	M_nh4_e	0.0625	0.01	1	0.000625
all	minimal	lane122s000600_bin.1.s	lane122s000524_shovill	M_pi_e	0.0625	0.98	1	0.06125
all	minimal	lane122s000600_bin.1.s	lane122s000524_shovill	M_s_e	0.0625	0.93	1	0.058125
all	minimal	lane122s000600_bin.1.s	lane122s000529_megahit	M_acald_e	0.125	0.13	1	0.01625
all	minimal	lane122s000600_bin.1.s	lane122s000529_megahit	M_cgly_e	0.125	0.01	1	0.00125
all	minimal	lane122s000600_bin.1.s	lane122s000529_megahit	M_etoh_e	0.125	0.04	1	0.005
all	minimal	lane122s000600_bin.1.s	lane122s000529_megahit	M_fe3_e	0.125	0.7	1	0.0875
all	minimal	lane122s000600_bin.1.s	lane122s000529_megahit	M_h2s_e	0.125	0.06	1	0.0075
all	minimal	lane122s000600_bin.1.s	lane122s000529_megahit	M_h_e	0.125	0.01	1	0.00125
all	minimal	lane122s000600_bin.1.s	lane122s000529_megahit	M_lys__L_e	0.125	1.0	1	0.125
all	minimal	lane122s000600_bin.1.s	lane122s000529_megahit	M_nh4_e	0.125	0.01	1	0.00125
all	minimal	lane122s000600_bin.1.s	lane122s000529_megahit	M_s_e	0.125	0.93	1	0.11625
all	minimal	lane122s000600_bin.1.s	lane122s000532_bin.1.p	M_acald_e	0.0625	0.13	1	0.008125
all	minimal	lane122s000600_bin.1.s	lane122s000532_bin.1.p	M_etoh_e	0.0625	0.04	1	0.0025
all	minimal	lane122s000600_bin.1.s	lane122s000532_bin.1.p	M_fe3_e	0.0625	0.7	1	0.04375
all	minimal	lane122s000600_bin.1.s	lane122s000532_bin.1.p	M_glc__D_e	0.0625	0.72	1	0.045
all	minimal	lane122s000600_bin.1.s	lane122s000532_bin.1.p	M_h2s_e	0.0625	0.06	1	0.00375
all	minimal	lane122s000600_bin.1.s	lane122s000532_bin.1.p	M_h_e	0.0625	0.01	1	0.000625
all	minimal	lane122s000600_bin.1.s	lane122s000532_bin.1.p	M_lys__L_e	0.0625	1.0	1	0.0625
all	minimal	lane122s000600_bin.1.s	lane122s000532_bin.1.p	M_nh4_e	0.0625	0.01	1	0.000625
all	minimal	lane122s000600_bin.1.s	lane122s000532_bin.1.p	M_no2_e	0.0625	0.02	1	0.00125
all	minimal	lane122s000600_bin.1.s	lane122s000532_bin.1.p	M_s_e	0.0625	0.93	1	0.058125
all	minimal	lane122s000600_bin.1.s	lane122s000544_bin.1.s	M_acald_e	0.0625	0.13	1	0.008125
all	minimal	lane122s000600_bin.1.s	lane122s000544_bin.1.s	M_etoh_e	0.0625	0.04	1	0.0025
all	minimal	lane122s000600_bin.1.s	lane122s000544_bin.1.s	M_fe3_e	0.0625	0.7	1	0.04375
all	minimal	lane122s000600_bin.1.s	lane122s000544_bin.1.s	M_h2s_e	0.0625	0.06	1	0.00375
all	minimal	lane122s000600_bin.1.s	lane122s000544_bin.1.s	M_h_e	0.0625	0.01	1	0.000625
all	minimal	lane122s000600_bin.1.s	lane122s000544_bin.1.s	M_lys__L_e	0.0625	1.0	1	0.0625
all	minimal	lane122s000600_bin.1.s	lane122s000544_bin.1.s	M_nh4_e	0.0625	0.01	1	0.000625
all	minimal	lane122s000600_bin.1.s	lane122s000544_bin.1.s	M_pi_e	0.0625	0.98	1	0.06125
all	minimal	lane122s000600_bin.1.s	lane122s000544_bin.1.s	M_s_e	0.0625	0.93	1	0.058125
all	minimal	lane122s000600_bin.1.s	lane122s000600_bin.5.s	M_acald_e	0.0625	0.13	1	0.008125
all	minimal	lane122s000600_bin.1.s	lane122s000600_bin.5.s	M_ala__D_e	0.0625	0.01	1	0.000625
all	minimal	lane122s000600_bin.1.s	lane122s000600_bin.5.s	M_etoh_e	0.0625	0.04	1	0.0025
all	minimal	lane122s000600_bin.1.s	lane122s000600_bin.5.s	M_fe3_e	0.0625	0.7	1	0.04375
all	minimal	lane122s000600_bin.1.s	lane122s000600_bin.5.s	M_gal_e	0.0625	0.28	1	0.0175
all	minimal	lane122s000600_bin.1.s	lane122s000600_bin.5.s	M_h2s_e	0.0625	0.06	1	0.00375
all	minimal	lane122s000600_bin.1.s	lane122s000600_bin.5.s	M_h_e	0.0625	0.01	1	0.000625
all	minimal	lane122s000600_bin.1.s	lane122s000600_bin.5.s	M_nh4_e	0.0625	0.01	1	0.000625
all	minimal	lane122s000600_bin.1.s	lane122s000600_bin.5.s	M_s_e	0.0625	0.93	1	0.058125
all	minimal	lane122s000600_bin.1.s	lane821s003041_shovill	M_acald_e	0.125	0.13	1	0.01625
all	minimal	lane122s000600_bin.1.s	lane821s003041_shovill	M_ala__D_e	0.125	0.01	1	0.00125
all	minimal	lane122s000600_bin.1.s	lane821s003041_shovill	M_asp__D_e	0.125	0.02	1	0.0025
all	minimal	lane122s000600_bin.1.s	lane821s003041_shovill	M_etoh_e	0.125	0.04	1	0.005
all	minimal	lane122s000600_bin.1.s	lane821s003041_shovill	M_fe3_e	0.125	0.7	1	0.0875
all	minimal	lane122s000600_bin.1.s	lane821s003041_shovill	M_h2s_e	0.125	0.06	1	0.0075
all	minimal	lane122s000600_bin.1.s	lane821s003041_shovill	M_h_e	0.125	0.01	1	0.00125
all	minimal	lane122s000600_bin.1.s	lane821s003041_shovill	M_lys__L_e	0.125	1.0	1	0.125
all	minimal	lane122s000600_bin.1.s	lane821s003041_shovill	M_nh4_e	0.125	0.01	1	0.00125
all	minimal	lane122s000600_bin.1.s	lane821s003041_shovill	M_s_e	0.125	0.93	1	0.11625
all	minimal	lane122s000600_bin.2.o	lane121s003952_megahit	M_etoh_e	0.07142857142857142	0.71	1	0.05071428571428571
all	minimal	lane122s000600_bin.2.o	lane121s003952_megahit	M_fe3_e	0.07142857142857142	1.0	1	0.07142857142857142
all	minimal	lane122s000600_bin.2.o	lane121s003952_megahit	M_glyc_e	0.07142857142857142	0.01	1	0.0007142857142857143
all	minimal	lane122s000600_bin.2.o	lane121s003952_megahit	M_h2s_e	0.07142857142857142	0.85	1	0.06071428571428571
all	minimal	lane122s000600_bin.2.o	lane121s003952_megahit	M_h_e	0.07142857142857142	0.34	1	0.024285714285714285
all	minimal	lane122s000600_bin.2.o	lane121s003952_megahit	M_lys__L_e	0.07142857142857142	1.0	1	0.07142857142857142
all	minimal	lane122s000600_bin.2.o	lane121s003952_megahit	M_rib__D_e	0.07142857142857142	1.0	1	0.07142857142857142
all	minimal	lane122s000600_bin.2.o	lane121s003953_shovill	M_etoh_e	0.07142857142857142	0.71	1	0.05071428571428571
all	minimal	lane122s000600_bin.2.o	lane121s003953_shovill	M_fe3_e	0.07142857142857142	1.0	1	0.07142857142857142
all	minimal	lane122s000600_bin.2.o	lane121s003953_shovill	M_glyclt_e	0.07142857142857142	0.14	1	0.01
all	minimal	lane122s000600_bin.2.o	lane121s003953_shovill	M_h2s_e	0.07142857142857142	0.85	1	0.06071428571428571
all	minimal	lane122s000600_bin.2.o	lane121s003953_shovill	M_h_e	0.07142857142857142	0.34	1	0.024285714285714285
all	minimal	lane122s000600_bin.2.o	lane121s003953_shovill	M_lys__L_e	0.07142857142857142	1.0	1	0.07142857142857142
all	minimal	lane122s000600_bin.2.o	lane121s003954_shovill	M_cgly_e	0.07142857142857142	0.1	1	0.007142857142857143
all	minimal	lane122s000600_bin.2.o	lane121s003954_shovill	M_etoh_e	0.07142857142857142	0.71	1	0.05071428571428571
all	minimal	lane122s000600_bin.2.o	lane121s003954_shovill	M_fe3_e	0.07142857142857142	1.0	1	0.07142857142857142
all	minimal	lane122s000600_bin.2.o	lane121s003954_shovill	M_glyc_e	0.07142857142857142	0.01	1	0.0007142857142857143
all	minimal	lane122s000600_bin.2.o	lane121s003954_shovill	M_h2s_e	0.07142857142857142	0.85	1	0.06071428571428571
all	minimal	lane122s000600_bin.2.o	lane121s003954_shovill	M_h_e	0.07142857142857142	0.34	1	0.024285714285714285
all	minimal	lane122s000600_bin.2.o	lane121s003954_shovill	M_lys__L_e	0.07142857142857142	1.0	1	0.07142857142857142
all	minimal	lane122s000600_bin.2.o	lane121s003954_shovill	M_pi_e	0.07142857142857142	1.0	1	0.07142857142857142
all	minimal	lane122s000600_bin.2.o	lane121s003954_shovill	M_rib__D_e	0.07142857142857142	1.0	1	0.07142857142857142
all	minimal	lane122s000600_bin.2.o	lane121s003960_shovill	M_etoh_e	0.05357142857142857	0.71	1	0.038035714285714284
all	minimal	lane122s000600_bin.2.o	lane121s003960_shovill	M_fe3_e	0.05357142857142857	1.0	1	0.05357142857142857
all	minimal	lane122s000600_bin.2.o	lane121s003960_shovill	M_glyc_e	0.05357142857142857	0.01	1	0.0005357142857142857
all	minimal	lane122s000600_bin.2.o	lane121s003960_shovill	M_glyclt_e	0.05357142857142857	0.14	1	0.007500000000000001
all	minimal	lane122s000600_bin.2.o	lane121s003960_shovill	M_h2s_e	0.05357142857142857	0.85	1	0.045535714285714284
all	minimal	lane122s000600_bin.2.o	lane121s003960_shovill	M_h_e	0.05357142857142857	0.34	1	0.018214285714285714
all	minimal	lane122s000600_bin.2.o	lane121s003960_shovill	M_lys__L_e	0.05357142857142857	1.0	1	0.05357142857142857
all	minimal	lane122s000600_bin.2.o	lane121s003964_megahit	M_cgly_e	0.07142857142857142	0.1	1	0.007142857142857143
all	minimal	lane122s000600_bin.2.o	lane121s003964_megahit	M_etoh_e	0.07142857142857142	0.71	1	0.05071428571428571
all	minimal	lane122s000600_bin.2.o	lane121s003964_megahit	M_fe3_e	0.07142857142857142	1.0	1	0.07142857142857142
all	minimal	lane122s000600_bin.2.o	lane121s003964_megahit	M_glyc_e	0.07142857142857142	0.01	1	0.0007142857142857143
all	minimal	lane122s000600_bin.2.o	lane121s003964_megahit	M_glyclt_e	0.07142857142857142	0.14	1	0.01
all	minimal	lane122s000600_bin.2.o	lane121s003964_megahit	M_h2s_e	0.07142857142857142	0.85	1	0.06071428571428571
all	minimal	lane122s000600_bin.2.o	lane121s003964_megahit	M_h_e	0.07142857142857142	0.34	1	0.024285714285714285
all	minimal	lane122s000600_bin.2.o	lane121s003964_megahit	M_lys__L_e	0.07142857142857142	1.0	1	0.07142857142857142
all	minimal	lane122s000600_bin.2.o	lane121s003964_megahit	M_rib__D_e	0.07142857142857142	1.0	1	0.07142857142857142
all	minimal	lane122s000600_bin.2.o	lane121s003995_shovill	M_bz_e	0.07142857142857142	0.01	1	0.0007142857142857143
all	minimal	lane122s000600_bin.2.o	lane121s003995_shovill	M_fe3_e	0.07142857142857142	1.0	1	0.07142857142857142
all	minimal	lane122s000600_bin.2.o	lane121s003995_shovill	M_glyc_e	0.07142857142857142	0.01	1	0.0007142857142857143
all	minimal	lane122s000600_bin.2.o	lane121s003995_shovill	M_glyclt_e	0.07142857142857142	0.14	1	0.01
all	minimal	lane122s000600_bin.2.o	lane121s003995_shovill	M_h2s_e	0.07142857142857142	0.85	1	0.06071428571428571
all	minimal	lane122s000600_bin.2.o	lane121s003995_shovill	M_h_e	0.07142857142857142	0.34	1	0.024285714285714285
all	minimal	lane122s000600_bin.2.o	lane121s003995_shovill	M_lys__L_e	0.07142857142857142	1.0	1	0.07142857142857142
all	minimal	lane122s000600_bin.2.o	lane121s003995_shovill	M_rib__D_e	0.07142857142857142	1.0	1	0.07142857142857142
all	minimal	lane122s000600_bin.2.o	lane122s000521_bin.1.s	M_alaala_e	0.625	0.09	1	0.056249999999999994
all	minimal	lane122s000600_bin.2.o	lane122s000521_bin.1.s	M_etoh_e	0.625	0.71	1	0.44375
all	minimal	lane122s000600_bin.2.o	lane122s000521_bin.1.s	M_fe3_e	0.625	1.0	1	0.625
all	minimal	lane122s000600_bin.2.o	lane122s000521_bin.1.s	M_glyc_e	0.625	0.01	1	0.00625
all	minimal	lane122s000600_bin.2.o	lane122s000521_bin.1.s	M_h2s_e	0.625	0.85	1	0.53125
all	minimal	lane122s000600_bin.2.o	lane122s000521_bin.1.s	M_h_e	0.625	0.34	1	0.21250000000000002
all	minimal	lane122s000600_bin.2.o	lane122s000521_bin.1.s	M_lys__L_e	0.625	1.0	1	0.625
all	minimal	lane122s000600_bin.2.o	lane122s000521_bin.1.s	M_pi_e	0.625	1.0	1	0.625
all	minimal	lane122s000600_bin.2.o	lane122s000521_bin.1.s	M_rib__D_e	0.625	1.0	1	0.625
all	minimal	lane122s000600_bin.2.o	lane122s000521_bin.2.p	M_bz_e	0.4107142857142857	0.01	1	0.004107142857142857
all	minimal	lane122s000600_bin.2.o	lane122s000521_bin.2.p	M_cgly_e	0.4107142857142857	0.1	1	0.04107142857142857
all	minimal	lane122s000600_bin.2.o	lane122s000521_bin.2.p	M_etoh_e	0.4107142857142857	0.71	1	0.29160714285714284
all	minimal	lane122s000600_bin.2.o	lane122s000521_bin.2.p	M_fe3_e	0.4107142857142857	1.0	1	0.4107142857142857
all	minimal	lane122s000600_bin.2.o	lane122s000521_bin.2.p	M_glyc_e	0.4107142857142857	0.01	1	0.004107142857142857
all	minimal	lane122s000600_bin.2.o	lane122s000521_bin.2.p	M_h2s_e	0.4107142857142857	0.85	1	0.34910714285714284
all	minimal	lane122s000600_bin.2.o	lane122s000521_bin.2.p	M_h_e	0.4107142857142857	0.34	1	0.13964285714285715
all	minimal	lane122s000600_bin.2.o	lane122s000521_bin.2.p	M_pi_e	0.4107142857142857	1.0	1	0.4107142857142857
all	minimal	lane122s000600_bin.2.o	lane122s000521_bin.2.p	M_rib__D_e	0.4107142857142857	1.0	1	0.4107142857142857
all	minimal	lane122s000600_bin.2.o	lane122s000524_shovill	M_4hba_e	0.07142857142857142	0.05	1	0.0035714285714285713
all	minimal	lane122s000600_bin.2.o	lane122s000524_shovill	M_fe3_e	0.07142857142857142	1.0	1	0.07142857142857142
all	minimal	lane122s000600_bin.2.o	lane122s000524_shovill	M_glyc_e	0.07142857142857142	0.01	1	0.0007142857142857143
all	minimal	lane122s000600_bin.2.o	lane122s000524_shovill	M_h2s_e	0.07142857142857142	0.85	1	0.06071428571428571
all	minimal	lane122s000600_bin.2.o	lane122s000524_shovill	M_h_e	0.07142857142857142	0.34	1	0.024285714285714285
all	minimal	lane122s000600_bin.2.o	lane122s000524_shovill	M_lys__L_e	0.07142857142857142	1.0	1	0.07142857142857142
all	minimal	lane122s000600_bin.2.o	lane122s000524_shovill	M_pi_e	0.07142857142857142	1.0	1	0.07142857142857142
all	minimal	lane122s000600_bin.2.o	lane122s000524_shovill	M_rib__D_e	0.07142857142857142	1.0	1	0.07142857142857142
all	minimal	lane122s000600_bin.2.o	lane122s000529_megahit	M_cgly_e	0.07142857142857142	0.1	1	0.007142857142857143
all	minimal	lane122s000600_bin.2.o	lane122s000529_megahit	M_etoh_e	0.07142857142857142	0.71	1	0.05071428571428571
all	minimal	lane122s000600_bin.2.o	lane122s000529_megahit	M_fe3_e	0.07142857142857142	1.0	1	0.07142857142857142
all	minimal	lane122s000600_bin.2.o	lane122s000529_megahit	M_glyc_e	0.07142857142857142	0.01	1	0.0007142857142857143
all	minimal	lane122s000600_bin.2.o	lane122s000529_megahit	M_h2s_e	0.07142857142857142	0.85	1	0.06071428571428571
all	minimal	lane122s000600_bin.2.o	lane122s000529_megahit	M_h_e	0.07142857142857142	0.34	1	0.024285714285714285
all	minimal	lane122s000600_bin.2.o	lane122s000529_megahit	M_lys__L_e	0.07142857142857142	1.0	1	0.07142857142857142
all	minimal	lane122s000600_bin.2.o	lane122s000529_megahit	M_rib__D_e	0.07142857142857142	1.0	1	0.07142857142857142
all	minimal	lane122s000600_bin.2.o	lane122s000530_shovill	M_etoh_e	0.03571428571428571	0.71	1	0.025357142857142856
all	minimal	lane122s000600_bin.2.o	lane122s000530_shovill	M_fe3_e	0.03571428571428571	1.0	1	0.03571428571428571
all	minimal	lane122s000600_bin.2.o	lane122s000530_shovill	M_glyc_e	0.03571428571428571	0.01	1	0.00035714285714285714
all	minimal	lane122s000600_bin.2.o	lane122s000530_shovill	M_glyclt_e	0.03571428571428571	0.14	1	0.005
all	minimal	lane122s000600_bin.2.o	lane122s000530_shovill	M_h2s_e	0.03571428571428571	0.85	1	0.030357142857142853
all	minimal	lane122s000600_bin.2.o	lane122s000530_shovill	M_h_e	0.03571428571428571	0.34	1	0.012142857142857143
all	minimal	lane122s000600_bin.2.o	lane122s000530_shovill	M_rib__D_e	0.03571428571428571	1.0	1	0.03571428571428571
all	minimal	lane122s000600_bin.2.o	lane122s000532_bin.1.p	M_etoh_e	0.07142857142857142	0.71	1	0.05071428571428571
all	minimal	lane122s000600_bin.2.o	lane122s000532_bin.1.p	M_fe3_e	0.07142857142857142	1.0	1	0.07142857142857142
all	minimal	lane122s000600_bin.2.o	lane122s000532_bin.1.p	M_glyc_e	0.07142857142857142	0.01	1	0.0007142857142857143
all	minimal	lane122s000600_bin.2.o	lane122s000532_bin.1.p	M_h2s_e	0.07142857142857142	0.85	1	0.06071428571428571
all	minimal	lane122s000600_bin.2.o	lane122s000532_bin.1.p	M_h_e	0.07142857142857142	0.34	1	0.024285714285714285
all	minimal	lane122s000600_bin.2.o	lane122s000532_bin.1.p	M_lys__L_e	0.07142857142857142	1.0	1	0.07142857142857142
all	minimal	lane122s000600_bin.2.o	lane122s000532_bin.1.p	M_rib__D_e	0.07142857142857142	1.0	1	0.07142857142857142
all	minimal	lane122s000600_bin.2.o	lane122s000544_bin.1.s	M_etoh_e	0.07142857142857142	0.71	1	0.05071428571428571
all	minimal	lane122s000600_bin.2.o	lane122s000544_bin.1.s	M_fe3_e	0.07142857142857142	1.0	1	0.07142857142857142
all	minimal	lane122s000600_bin.2.o	lane122s000544_bin.1.s	M_glyc_e	0.07142857142857142	0.01	1	0.0007142857142857143
all	minimal	lane122s000600_bin.2.o	lane122s000544_bin.1.s	M_h2s_e	0.07142857142857142	0.85	1	0.06071428571428571
all	minimal	lane122s000600_bin.2.o	lane122s000544_bin.1.s	M_h_e	0.07142857142857142	0.34	1	0.024285714285714285
all	minimal	lane122s000600_bin.2.o	lane122s000544_bin.1.s	M_lys__L_e	0.07142857142857142	1.0	1	0.07142857142857142
all	minimal	lane122s000600_bin.2.o	lane122s000544_bin.1.s	M_pi_e	0.07142857142857142	1.0	1	0.07142857142857142
all	minimal	lane122s000600_bin.2.o	lane122s000544_bin.1.s	M_rib__D_e	0.07142857142857142	1.0	1	0.07142857142857142
all	minimal	lane122s000600_bin.2.o	lane122s000600_bin.1.s	M_alaala_e	0.03571428571428571	0.09	1	0.003214285714285714
all	minimal	lane122s000600_bin.2.o	lane122s000600_bin.1.s	M_bz_e	0.03571428571428571	0.01	1	0.00035714285714285714
all	minimal	lane122s000600_bin.2.o	lane122s000600_bin.1.s	M_etoh_e	0.03571428571428571	0.71	1	0.025357142857142856
all	minimal	lane122s000600_bin.2.o	lane122s000600_bin.1.s	M_fe3_e	0.03571428571428571	1.0	1	0.03571428571428571
all	minimal	lane122s000600_bin.2.o	lane122s000600_bin.1.s	M_glyc_e	0.03571428571428571	0.01	1	0.00035714285714285714
all	minimal	lane122s000600_bin.2.o	lane122s000600_bin.1.s	M_h2s_e	0.03571428571428571	0.85	1	0.030357142857142853
all	minimal	lane122s000600_bin.2.o	lane122s000600_bin.1.s	M_h_e	0.03571428571428571	0.34	1	0.012142857142857143
all	minimal	lane122s000600_bin.2.o	lane122s000600_bin.1.s	M_pi_e	0.03571428571428571	1.0	1	0.03571428571428571
all	minimal	lane122s000600_bin.2.o	lane122s000600_bin.1.s	M_thr__L_e	0.03571428571428571	0.02	1	0.0007142857142857143
all	minimal	lane122s000600_bin.2.o	lane122s000600_bin.3.p	M_alaala_e	0.5178571428571429	0.09	1	0.04660714285714286
all	minimal	lane122s000600_bin.2.o	lane122s000600_bin.3.p	M_etoh_e	0.5178571428571429	0.71	1	0.36767857142857147
all	minimal	lane122s000600_bin.2.o	lane122s000600_bin.3.p	M_fe3_e	0.5178571428571429	1.0	1	0.5178571428571429
all	minimal	lane122s000600_bin.2.o	lane122s000600_bin.3.p	M_glyc_e	0.5178571428571429	0.01	1	0.005178571428571429
all	minimal	lane122s000600_bin.2.o	lane122s000600_bin.3.p	M_h2s_e	0.5178571428571429	0.85	1	0.4401785714285715
all	minimal	lane122s000600_bin.2.o	lane122s000600_bin.3.p	M_h_e	0.5178571428571429	0.34	1	0.1760714285714286
all	minimal	lane122s000600_bin.2.o	lane122s000600_bin.3.p	M_leu__L_e	0.5178571428571429	1.0	1	0.5178571428571429
all	minimal	lane122s000600_bin.2.o	lane122s000600_bin.3.p	M_pi_e	0.5178571428571429	1.0	1	0.5178571428571429
all	minimal	lane122s000600_bin.2.o	lane122s000600_bin.3.p	M_rib__D_e	0.5178571428571429	1.0	1	0.5178571428571429
all	minimal	lane122s000600_bin.2.o	lane122s000600_bin.4.o	M_alaala_e	0.5	0.09	1	0.045
all	minimal	lane122s000600_bin.2.o	lane122s000600_bin.4.o	M_bz_e	0.5	0.01	1	0.005
all	minimal	lane122s000600_bin.2.o	lane122s000600_bin.4.o	M_cgly_e	0.5	0.1	1	0.05
all	minimal	lane122s000600_bin.2.o	lane122s000600_bin.4.o	M_etoh_e	0.5	0.71	1	0.355
all	minimal	lane122s000600_bin.2.o	lane122s000600_bin.4.o	M_fe3_e	0.5	1.0	1	0.5
all	minimal	lane122s000600_bin.2.o	lane122s000600_bin.4.o	M_glyc_e	0.5	0.01	1	0.005
all	minimal	lane122s000600_bin.2.o	lane122s000600_bin.4.o	M_h2s_e	0.5	0.85	1	0.425
all	minimal	lane122s000600_bin.2.o	lane122s000600_bin.4.o	M_h_e	0.5	0.34	1	0.17
all	minimal	lane122s000600_bin.2.o	lane122s000600_bin.4.o	M_leu__L_e	0.5	1.0	1	0.5
all	minimal	lane122s000600_bin.2.o	lane122s000600_bin.4.o	M_pi_e	0.5	1.0	1	0.5
all	minimal	lane122s000600_bin.2.o	lane122s000600_bin.5.s	M_etoh_e	0.03571428571428571	0.71	1	0.025357142857142856
all	minimal	lane122s000600_bin.2.o	lane122s000600_bin.5.s	M_fe3_e	0.03571428571428571	1.0	1	0.03571428571428571
all	minimal	lane122s000600_bin.2.o	lane122s000600_bin.5.s	M_glyc_e	0.03571428571428571	0.01	1	0.00035714285714285714
all	minimal	lane122s000600_bin.2.o	lane122s000600_bin.5.s	M_h2s_e	0.03571428571428571	0.85	1	0.030357142857142853
all	minimal	lane122s000600_bin.2.o	lane122s000600_bin.5.s	M_h_e	0.03571428571428571	0.34	1	0.012142857142857143
all	minimal	lane122s000600_bin.2.o	lane122s000600_bin.6.p	M_bz_e	0.03571428571428571	0.01	1	0.00035714285714285714
all	minimal	lane122s000600_bin.2.o	lane122s000600_bin.6.p	M_fe3_e	0.03571428571428571	1.0	1	0.03571428571428571
all	minimal	lane122s000600_bin.2.o	lane122s000600_bin.6.p	M_glyc_e	0.03571428571428571	0.01	1	0.00035714285714285714
all	minimal	lane122s000600_bin.2.o	lane122s000600_bin.6.p	M_h_e	0.03571428571428571	0.34	1	0.012142857142857143
all	minimal	lane122s000600_bin.2.o	lane821s003041_shovill	M_etoh_e	0.07142857142857142	0.71	1	0.05071428571428571
all	minimal	lane122s000600_bin.2.o	lane821s003041_shovill	M_fe3_e	0.07142857142857142	1.0	1	0.07142857142857142
all	minimal	lane122s000600_bin.2.o	lane821s003041_shovill	M_glyclt_e	0.07142857142857142	0.14	1	0.01
all	minimal	lane122s000600_bin.2.o	lane821s003041_shovill	M_h2s_e	0.07142857142857142	0.85	1	0.06071428571428571
all	minimal	lane122s000600_bin.2.o	lane821s003041_shovill	M_h_e	0.07142857142857142	0.34	1	0.024285714285714285
all	minimal	lane122s000600_bin.2.o	lane821s003041_shovill	M_lys__L_e	0.07142857142857142	1.0	1	0.07142857142857142
all	minimal	lane122s000600_bin.3.p	lane122s000521_bin.1.s	M_acald_e	0.5	0.02	1	0.01
all	minimal	lane122s000600_bin.3.p	lane122s000521_bin.1.s	M_actn__R_e	0.5	0.08	1	0.04
all	minimal	lane122s000600_bin.3.p	lane122s000521_bin.1.s	M_alaala_e	0.5	0.03	1	0.015
all	minimal	lane122s000600_bin.3.p	lane122s000521_bin.1.s	M_etoh_e	0.5	0.02	1	0.01
all	minimal	lane122s000600_bin.3.p	lane122s000521_bin.1.s	M_fe3_e	0.5	1.0	1	0.5
all	minimal	lane122s000600_bin.3.p	lane122s000521_bin.1.s	M_glyc_e	0.5	0.07	1	0.035
all	minimal	lane122s000600_bin.3.p	lane122s000521_bin.1.s	M_h2o_e	0.5	0.13	1	0.065
all	minimal	lane122s000600_bin.3.p	lane122s000521_bin.1.s	M_h2s_e	0.5	0.08	1	0.04
all	minimal	lane122s000600_bin.3.p	lane122s000521_bin.1.s	M_h_e	0.5	0.83	1	0.415
all	minimal	lane122s000600_bin.3.p	lane122s000521_bin.1.s	M_pi_e	0.5	0.98	1	0.49
all	minimal	lane122s000600_bin.3.p	lane122s000521_bin.1.s	M_s_e	0.5	0.88	1	0.44
all	minimal	lane122s000600_bin.3.p	lane122s000521_bin.2.p	M_acald_e	0.5	0.02	1	0.01
all	minimal	lane122s000600_bin.3.p	lane122s000521_bin.2.p	M_etoh_e	0.5	0.02	1	0.01
all	minimal	lane122s000600_bin.3.p	lane122s000521_bin.2.p	M_fe3_e	0.5	1.0	1	0.5
all	minimal	lane122s000600_bin.3.p	lane122s000521_bin.2.p	M_gal_e	0.5	0.02	1	0.01
all	minimal	lane122s000600_bin.3.p	lane122s000521_bin.2.p	M_glyc_e	0.5	0.07	1	0.035
all	minimal	lane122s000600_bin.3.p	lane122s000521_bin.2.p	M_h2o_e	0.5	0.13	1	0.065
all	minimal	lane122s000600_bin.3.p	lane122s000521_bin.2.p	M_h2s_e	0.5	0.08	1	0.04
all	minimal	lane122s000600_bin.3.p	lane122s000521_bin.2.p	M_h_e	0.5	0.83	1	0.415
all	minimal	lane122s000600_bin.3.p	lane122s000521_bin.2.p	M_pi_e	0.5	0.98	1	0.49
all	minimal	lane122s000600_bin.3.p	lane122s000521_bin.2.p	M_s_e	0.5	0.88	1	0.44
all	minimal	lane122s000600_bin.3.p	lane122s000600_bin.1.s	M_acald_e	1.0	0.02	1	0.02
all	minimal	lane122s000600_bin.3.p	lane122s000600_bin.1.s	M_ala__D_e	1.0	0.07	1	0.07
all	minimal	lane122s000600_bin.3.p	lane122s000600_bin.1.s	M_alaala_e	1.0	0.03	1	0.03
all	minimal	lane122s000600_bin.3.p	lane122s000600_bin.1.s	M_arg__L_e	1.0	1.0	1	1.0
all	minimal	lane122s000600_bin.3.p	lane122s000600_bin.1.s	M_etoh_e	1.0	0.02	1	0.02
all	minimal	lane122s000600_bin.3.p	lane122s000600_bin.1.s	M_fe3_e	1.0	1.0	1	1.0
all	minimal	lane122s000600_bin.3.p	lane122s000600_bin.1.s	M_glyc_e	1.0	0.07	1	0.07
all	minimal	lane122s000600_bin.3.p	lane122s000600_bin.1.s	M_h2o_e	1.0	0.13	1	0.13
all	minimal	lane122s000600_bin.3.p	lane122s000600_bin.1.s	M_h2s_e	1.0	0.08	1	0.08
all	minimal	lane122s000600_bin.3.p	lane122s000600_bin.1.s	M_h_e	1.0	0.83	1	0.83
all	minimal	lane122s000600_bin.3.p	lane122s000600_bin.1.s	M_mal__L_e	1.0	0.03	1	0.03
all	minimal	lane122s000600_bin.3.p	lane122s000600_bin.1.s	M_no2_e	1.0	0.02	1	0.02
all	minimal	lane122s000600_bin.3.p	lane122s000600_bin.1.s	M_pi_e	1.0	0.98	1	0.98
all	minimal	lane122s000600_bin.3.p	lane122s000600_bin.1.s	M_s_e	1.0	0.88	1	0.88
all	minimal	lane122s000600_bin.4.o	lane121s003952_megahit	M_acald_e	0.07142857142857142	0.06	1	0.004285714285714285
all	minimal	lane122s000600_bin.4.o	lane121s003952_megahit	M_etoh_e	0.07142857142857142	0.05	1	0.0035714285714285713
all	minimal	lane122s000600_bin.4.o	lane121s003952_megahit	M_fe3_e	0.07142857142857142	0.02	1	0.0014285714285714286
all	minimal	lane122s000600_bin.4.o	lane121s003952_megahit	M_glc__D_e	0.07142857142857142	0.02	1	0.0014285714285714286
all	minimal	lane122s000600_bin.4.o	lane121s003952_megahit	M_glyc_e	0.07142857142857142	0.08	1	0.005714285714285714
all	minimal	lane122s000600_bin.4.o	lane121s003952_megahit	M_h2o_e	0.07142857142857142	0.06	1	0.004285714285714285
all	minimal	lane122s000600_bin.4.o	lane121s003952_megahit	M_h2s_e	0.07142857142857142	0.04	1	0.002857142857142857
all	minimal	lane122s000600_bin.4.o	lane121s003952_megahit	M_lys__L_e	0.07142857142857142	1.0	1	0.07142857142857142
all	minimal	lane122s000600_bin.4.o	lane121s003953_shovill	M_acald_e	0.07142857142857142	0.06	1	0.004285714285714285
all	minimal	lane122s000600_bin.4.o	lane121s003953_shovill	M_etoh_e	0.07142857142857142	0.05	1	0.0035714285714285713
all	minimal	lane122s000600_bin.4.o	lane121s003953_shovill	M_fe3_e	0.07142857142857142	0.02	1	0.0014285714285714286
all	minimal	lane122s000600_bin.4.o	lane121s003953_shovill	M_h2o_e	0.07142857142857142	0.06	1	0.004285714285714285
all	minimal	lane122s000600_bin.4.o	lane121s003953_shovill	M_h2s_e	0.07142857142857142	0.04	1	0.002857142857142857
all	minimal	lane122s000600_bin.4.o	lane121s003953_shovill	M_lys__L_e	0.07142857142857142	1.0	1	0.07142857142857142
all	minimal	lane122s000600_bin.4.o	lane121s003954_shovill	M_acald_e	0.07142857142857142	0.06	1	0.004285714285714285
all	minimal	lane122s000600_bin.4.o	lane121s003954_shovill	M_etoh_e	0.07142857142857142	0.05	1	0.0035714285714285713
all	minimal	lane122s000600_bin.4.o	lane121s003954_shovill	M_fe3_e	0.07142857142857142	0.02	1	0.0014285714285714286
all	minimal	lane122s000600_bin.4.o	lane121s003954_shovill	M_glc__D_e	0.07142857142857142	0.02	1	0.0014285714285714286
all	minimal	lane122s000600_bin.4.o	lane121s003954_shovill	M_glyc_e	0.07142857142857142	0.08	1	0.005714285714285714
all	minimal	lane122s000600_bin.4.o	lane121s003954_shovill	M_h2o_e	0.07142857142857142	0.06	1	0.004285714285714285
all	minimal	lane122s000600_bin.4.o	lane121s003954_shovill	M_h2s_e	0.07142857142857142	0.04	1	0.002857142857142857
all	minimal	lane122s000600_bin.4.o	lane121s003954_shovill	M_lys__L_e	0.07142857142857142	1.0	1	0.07142857142857142
all	minimal	lane122s000600_bin.4.o	lane121s003954_shovill	M_pi_e	0.07142857142857142	0.98	1	0.06999999999999999
all	minimal	lane122s000600_bin.4.o	lane121s003960_shovill	M_acald_e	0.07142857142857142	0.06	1	0.004285714285714285
all	minimal	lane122s000600_bin.4.o	lane121s003960_shovill	M_etoh_e	0.07142857142857142	0.05	1	0.0035714285714285713
all	minimal	lane122s000600_bin.4.o	lane121s003960_shovill	M_fe3_e	0.07142857142857142	0.02	1	0.0014285714285714286
all	minimal	lane122s000600_bin.4.o	lane121s003960_shovill	M_glyc_e	0.07142857142857142	0.08	1	0.005714285714285714
all	minimal	lane122s000600_bin.4.o	lane121s003960_shovill	M_h2o_e	0.07142857142857142	0.06	1	0.004285714285714285
all	minimal	lane122s000600_bin.4.o	lane121s003960_shovill	M_h2s_e	0.07142857142857142	0.04	1	0.002857142857142857
all	minimal	lane122s000600_bin.4.o	lane121s003960_shovill	M_lys__L_e	0.07142857142857142	1.0	1	0.07142857142857142
all	minimal	lane122s000600_bin.4.o	lane121s003964_megahit	M_acald_e	0.07142857142857142	0.06	1	0.004285714285714285
all	minimal	lane122s000600_bin.4.o	lane121s003964_megahit	M_etoh_e	0.07142857142857142	0.05	1	0.0035714285714285713
all	minimal	lane122s000600_bin.4.o	lane121s003964_megahit	M_fe3_e	0.07142857142857142	0.02	1	0.0014285714285714286
all	minimal	lane122s000600_bin.4.o	lane121s003964_megahit	M_glyc_e	0.07142857142857142	0.08	1	0.005714285714285714
all	minimal	lane122s000600_bin.4.o	lane121s003964_megahit	M_h2o_e	0.07142857142857142	0.06	1	0.004285714285714285
all	minimal	lane122s000600_bin.4.o	lane121s003964_megahit	M_h2s_e	0.07142857142857142	0.04	1	0.002857142857142857
all	minimal	lane122s000600_bin.4.o	lane121s003964_megahit	M_hom__L_e	0.07142857142857142	0.02	1	0.0014285714285714286
all	minimal	lane122s000600_bin.4.o	lane121s003964_megahit	M_lys__L_e	0.07142857142857142	1.0	1	0.07142857142857142
all	minimal	lane122s000600_bin.4.o	lane121s003964_megahit	M_orn_e	0.07142857142857142	0.67	1	0.047857142857142855
all	minimal	lane122s000600_bin.4.o	lane121s003995_shovill	M_acald_e	0.07142857142857142	0.06	1	0.004285714285714285
all	minimal	lane122s000600_bin.4.o	lane121s003995_shovill	M_fe3_e	0.07142857142857142	0.02	1	0.0014285714285714286
all	minimal	lane122s000600_bin.4.o	lane121s003995_shovill	M_glyc_e	0.07142857142857142	0.08	1	0.005714285714285714
all	minimal	lane122s000600_bin.4.o	lane121s003995_shovill	M_h2o_e	0.07142857142857142	0.06	1	0.004285714285714285
all	minimal	lane122s000600_bin.4.o	lane121s003995_shovill	M_h2s_e	0.07142857142857142	0.04	1	0.002857142857142857
all	minimal	lane122s000600_bin.4.o	lane121s003995_shovill	M_hom__L_e	0.07142857142857142	0.02	1	0.0014285714285714286
all	minimal	lane122s000600_bin.4.o	lane121s003995_shovill	M_lys__L_e	0.07142857142857142	1.0	1	0.07142857142857142
all	minimal	lane122s000600_bin.4.o	lane122s000521_bin.1.s	M_acald_e	0.6071428571428571	0.06	1	0.03642857142857142
all	minimal	lane122s000600_bin.4.o	lane122s000521_bin.1.s	M_etoh_e	0.6071428571428571	0.05	1	0.030357142857142857
all	minimal	lane122s000600_bin.4.o	lane122s000521_bin.1.s	M_fe3_e	0.6071428571428571	0.02	1	0.012142857142857143
all	minimal	lane122s000600_bin.4.o	lane122s000521_bin.1.s	M_glc__D_e	0.6071428571428571	0.02	1	0.012142857142857143
all	minimal	lane122s000600_bin.4.o	lane122s000521_bin.1.s	M_glyc_e	0.6071428571428571	0.08	1	0.04857142857142857
all	minimal	lane122s000600_bin.4.o	lane122s000521_bin.1.s	M_h2o_e	0.6071428571428571	0.06	1	0.03642857142857142
all	minimal	lane122s000600_bin.4.o	lane122s000521_bin.1.s	M_h2s_e	0.6071428571428571	0.04	1	0.024285714285714285
all	minimal	lane122s000600_bin.4.o	lane122s000521_bin.1.s	M_lys__L_e	0.6071428571428571	1.0	1	0.6071428571428571
all	minimal	lane122s000600_bin.4.o	lane122s000521_bin.1.s	M_pi_e	0.6071428571428571	0.98	1	0.595
all	minimal	lane122s000600_bin.4.o	lane122s000521_bin.2.p	M_acald_e	0.42857142857142855	0.06	1	0.02571428571428571
all	minimal	lane122s000600_bin.4.o	lane122s000521_bin.2.p	M_etoh_e	0.42857142857142855	0.05	1	0.02142857142857143
all	minimal	lane122s000600_bin.4.o	lane122s000521_bin.2.p	M_fe3_e	0.42857142857142855	0.02	1	0.008571428571428572
all	minimal	lane122s000600_bin.4.o	lane122s000521_bin.2.p	M_glyc_e	0.42857142857142855	0.08	1	0.03428571428571429
all	minimal	lane122s000600_bin.4.o	lane122s000521_bin.2.p	M_h2o_e	0.42857142857142855	0.06	1	0.02571428571428571
all	minimal	lane122s000600_bin.4.o	lane122s000521_bin.2.p	M_h2s_e	0.42857142857142855	0.04	1	0.017142857142857144
all	minimal	lane122s000600_bin.4.o	lane122s000521_bin.2.p	M_hom__L_e	0.42857142857142855	0.02	1	0.008571428571428572
all	minimal	lane122s000600_bin.4.o	lane122s000521_bin.2.p	M_oxa_e	0.42857142857142855	0.02	1	0.008571428571428572
all	minimal	lane122s000600_bin.4.o	lane122s000521_bin.2.p	M_pi_e	0.42857142857142855	0.98	1	0.42
all	minimal	lane122s000600_bin.4.o	lane122s000524_shovill	M_acald_e	0.07142857142857142	0.06	1	0.004285714285714285
all	minimal	lane122s000600_bin.4.o	lane122s000524_shovill	M_fe3_e	0.07142857142857142	0.02	1	0.0014285714285714286
all	minimal	lane122s000600_bin.4.o	lane122s000524_shovill	M_glc__D_e	0.07142857142857142	0.02	1	0.0014285714285714286
all	minimal	lane122s000600_bin.4.o	lane122s000524_shovill	M_glyc_e	0.07142857142857142	0.08	1	0.005714285714285714
all	minimal	lane122s000600_bin.4.o	lane122s000524_shovill	M_h2o_e	0.07142857142857142	0.06	1	0.004285714285714285
all	minimal	lane122s000600_bin.4.o	lane122s000524_shovill	M_h2s_e	0.07142857142857142	0.04	1	0.002857142857142857
all	minimal	lane122s000600_bin.4.o	lane122s000524_shovill	M_lys__L_e	0.07142857142857142	1.0	1	0.07142857142857142
all	minimal	lane122s000600_bin.4.o	lane122s000524_shovill	M_man1p_e	0.07142857142857142	0.01	1	0.0007142857142857143
all	minimal	lane122s000600_bin.4.o	lane122s000524_shovill	M_pi_e	0.07142857142857142	0.98	1	0.06999999999999999
all	minimal	lane122s000600_bin.4.o	lane122s000529_megahit	M_acald_e	0.07142857142857142	0.06	1	0.004285714285714285
all	minimal	lane122s000600_bin.4.o	lane122s000529_megahit	M_etoh_e	0.07142857142857142	0.05	1	0.0035714285714285713
all	minimal	lane122s000600_bin.4.o	lane122s000529_megahit	M_fe3_e	0.07142857142857142	0.02	1	0.0014285714285714286
all	minimal	lane122s000600_bin.4.o	lane122s000529_megahit	M_glyc_e	0.07142857142857142	0.08	1	0.005714285714285714
all	minimal	lane122s000600_bin.4.o	lane122s000529_megahit	M_h2o_e	0.07142857142857142	0.06	1	0.004285714285714285
all	minimal	lane122s000600_bin.4.o	lane122s000529_megahit	M_h2s_e	0.07142857142857142	0.04	1	0.002857142857142857
all	minimal	lane122s000600_bin.4.o	lane122s000529_megahit	M_hom__L_e	0.07142857142857142	0.02	1	0.0014285714285714286
all	minimal	lane122s000600_bin.4.o	lane122s000529_megahit	M_lys__L_e	0.07142857142857142	1.0	1	0.07142857142857142
all	minimal	lane122s000600_bin.4.o	lane122s000529_megahit	M_oxa_e	0.07142857142857142	0.02	1	0.0014285714285714286
all	minimal	lane122s000600_bin.4.o	lane122s000530_shovill	M_acald_e	0.03571428571428571	0.06	1	0.0021428571428571425
all	minimal	lane122s000600_bin.4.o	lane122s000530_shovill	M_etoh_e	0.03571428571428571	0.05	1	0.0017857142857142857
all	minimal	lane122s000600_bin.4.o	lane122s000530_shovill	M_fe3_e	0.03571428571428571	0.02	1	0.0007142857142857143
all	minimal	lane122s000600_bin.4.o	lane122s000530_shovill	M_glc__D_e	0.03571428571428571	0.02	1	0.0007142857142857143
all	minimal	lane122s000600_bin.4.o	lane122s000530_shovill	M_glyc_e	0.03571428571428571	0.08	1	0.002857142857142857
all	minimal	lane122s000600_bin.4.o	lane122s000530_shovill	M_h2o_e	0.03571428571428571	0.06	1	0.0021428571428571425
all	minimal	lane122s000600_bin.4.o	lane122s000530_shovill	M_h2s_e	0.03571428571428571	0.04	1	0.0014285714285714286
all	minimal	lane122s000600_bin.4.o	lane122s000532_bin.1.p	M_acald_e	0.07142857142857142	0.06	1	0.004285714285714285
all	minimal	lane122s000600_bin.4.o	lane122s000532_bin.1.p	M_etoh_e	0.07142857142857142	0.05	1	0.0035714285714285713
all	minimal	lane122s000600_bin.4.o	lane122s000532_bin.1.p	M_fe3_e	0.07142857142857142	0.02	1	0.0014285714285714286
all	minimal	lane122s000600_bin.4.o	lane122s000532_bin.1.p	M_glc__D_e	0.07142857142857142	0.02	1	0.0014285714285714286
all	minimal	lane122s000600_bin.4.o	lane122s000532_bin.1.p	M_glyc_e	0.07142857142857142	0.08	1	0.005714285714285714
all	minimal	lane122s000600_bin.4.o	lane122s000532_bin.1.p	M_h2o_e	0.07142857142857142	0.06	1	0.004285714285714285
all	minimal	lane122s000600_bin.4.o	lane122s000532_bin.1.p	M_h2s_e	0.07142857142857142	0.04	1	0.002857142857142857
all	minimal	lane122s000600_bin.4.o	lane122s000532_bin.1.p	M_lys__L_e	0.07142857142857142	1.0	1	0.07142857142857142
all	minimal	lane122s000600_bin.4.o	lane122s000544_bin.1.s	M_acald_e	0.07142857142857142	0.06	1	0.004285714285714285
all	minimal	lane122s000600_bin.4.o	lane122s000544_bin.1.s	M_etoh_e	0.07142857142857142	0.05	1	0.0035714285714285713
all	minimal	lane122s000600_bin.4.o	lane122s000544_bin.1.s	M_fe3_e	0.07142857142857142	0.02	1	0.0014285714285714286
all	minimal	lane122s000600_bin.4.o	lane122s000544_bin.1.s	M_glyc_e	0.07142857142857142	0.08	1	0.005714285714285714
all	minimal	lane122s000600_bin.4.o	lane122s000544_bin.1.s	M_h2o_e	0.07142857142857142	0.06	1	0.004285714285714285
all	minimal	lane122s000600_bin.4.o	lane122s000544_bin.1.s	M_h2s_e	0.07142857142857142	0.04	1	0.002857142857142857
all	minimal	lane122s000600_bin.4.o	lane122s000544_bin.1.s	M_lys__L_e	0.07142857142857142	1.0	1	0.07142857142857142
all	minimal	lane122s000600_bin.4.o	lane122s000544_bin.1.s	M_pi_e	0.07142857142857142	0.98	1	0.06999999999999999
all	minimal	lane122s000600_bin.4.o	lane122s000600_bin.1.s	M_acald_e	1.0	0.06	1	0.06
all	minimal	lane122s000600_bin.4.o	lane122s000600_bin.1.s	M_arg__L_e	1.0	0.33	1	0.33
all	minimal	lane122s000600_bin.4.o	lane122s000600_bin.1.s	M_etoh_e	1.0	0.05	1	0.05
all	minimal	lane122s000600_bin.4.o	lane122s000600_bin.1.s	M_fe3_e	1.0	0.02	1	0.02
all	minimal	lane122s000600_bin.4.o	lane122s000600_bin.1.s	M_glyc_e	1.0	0.08	1	0.08
all	minimal	lane122s000600_bin.4.o	lane122s000600_bin.1.s	M_h2o_e	1.0	0.06	1	0.06
all	minimal	lane122s000600_bin.4.o	lane122s000600_bin.1.s	M_h2s_e	1.0	0.04	1	0.04
all	minimal	lane122s000600_bin.4.o	lane122s000600_bin.1.s	M_hom__L_e	1.0	0.02	1	0.02
all	minimal	lane122s000600_bin.4.o	lane122s000600_bin.1.s	M_orn_e	1.0	0.67	1	0.67
all	minimal	lane122s000600_bin.4.o	lane122s000600_bin.1.s	M_pi_e	1.0	0.98	1	0.98
all	minimal	lane122s000600_bin.4.o	lane122s000600_bin.2.o	M_acald_e	0.03571428571428571	0.06	1	0.0021428571428571425
all	minimal	lane122s000600_bin.4.o	lane122s000600_bin.2.o	M_etoh_e	0.03571428571428571	0.05	1	0.0017857142857142857
all	minimal	lane122s000600_bin.4.o	lane122s000600_bin.2.o	M_fe3_e	0.03571428571428571	0.02	1	0.0007142857142857143
all	minimal	lane122s000600_bin.4.o	lane122s000600_bin.2.o	M_glyc_e	0.03571428571428571	0.08	1	0.002857142857142857
all	minimal	lane122s000600_bin.4.o	lane122s000600_bin.2.o	M_h2o_e	0.03571428571428571	0.06	1	0.0021428571428571425
all	minimal	lane122s000600_bin.4.o	lane122s000600_bin.2.o	M_h2s_e	0.03571428571428571	0.04	1	0.0014285714285714286
all	minimal	lane122s000600_bin.4.o	lane122s000600_bin.2.o	M_oxa_e	0.03571428571428571	0.02	1	0.0007142857142857143
all	minimal	lane122s000600_bin.4.o	lane122s000600_bin.3.p	M_acald_e	1.0	0.06	1	0.06
all	minimal	lane122s000600_bin.4.o	lane122s000600_bin.3.p	M_etoh_e	1.0	0.05	1	0.05
all	minimal	lane122s000600_bin.4.o	lane122s000600_bin.3.p	M_fe3_e	1.0	0.02	1	0.02
all	minimal	lane122s000600_bin.4.o	lane122s000600_bin.3.p	M_glyc_e	1.0	0.08	1	0.08
all	minimal	lane122s000600_bin.4.o	lane122s000600_bin.3.p	M_h2o_e	1.0	0.06	1	0.06
all	minimal	lane122s000600_bin.4.o	lane122s000600_bin.3.p	M_h2s_e	1.0	0.04	1	0.04
all	minimal	lane122s000600_bin.4.o	lane122s000600_bin.3.p	M_hom__L_e	1.0	0.02	1	0.02
all	minimal	lane122s000600_bin.4.o	lane122s000600_bin.3.p	M_leu__L_e	1.0	0.01	1	0.01
all	minimal	lane122s000600_bin.4.o	lane122s000600_bin.3.p	M_man1p_e	1.0	0.01	1	0.01
all	minimal	lane122s000600_bin.4.o	lane122s000600_bin.3.p	M_phe__L_e	1.0	1.0	1	1.0
all	minimal	lane122s000600_bin.4.o	lane122s000600_bin.3.p	M_pi_e	1.0	0.98	1	0.98
all	minimal	lane122s000600_bin.4.o	lane122s000600_bin.3.p	M_quin_e	1.0	0.01	1	0.01
all	minimal	lane122s000600_bin.4.o	lane122s000600_bin.5.s	M_acald_e	0.03571428571428571	0.06	1	0.0021428571428571425
all	minimal	lane122s000600_bin.4.o	lane122s000600_bin.5.s	M_etoh_e	0.03571428571428571	0.05	1	0.0017857142857142857
all	minimal	lane122s000600_bin.4.o	lane122s000600_bin.5.s	M_fe3_e	0.03571428571428571	0.02	1	0.0007142857142857143
all	minimal	lane122s000600_bin.4.o	lane122s000600_bin.5.s	M_glyc_e	0.03571428571428571	0.08	1	0.002857142857142857
all	minimal	lane122s000600_bin.4.o	lane122s000600_bin.5.s	M_h2o_e	0.03571428571428571	0.06	1	0.0021428571428571425
all	minimal	lane122s000600_bin.4.o	lane122s000600_bin.5.s	M_h2s_e	0.03571428571428571	0.04	1	0.0014285714285714286
all	minimal	lane122s000600_bin.4.o	lane122s000600_bin.6.p	M_acald_e	0.03571428571428571	0.06	1	0.0021428571428571425
all	minimal	lane122s000600_bin.4.o	lane122s000600_bin.6.p	M_fe3_e	0.03571428571428571	0.02	1	0.0007142857142857143
all	minimal	lane122s000600_bin.4.o	lane122s000600_bin.6.p	M_glyc_e	0.03571428571428571	0.08	1	0.002857142857142857
all	minimal	lane122s000600_bin.4.o	lane122s000600_bin.6.p	M_h2o_e	0.03571428571428571	0.06	1	0.0021428571428571425
all	minimal	lane122s000600_bin.4.o	lane122s000600_bin.6.p	M_man1p_e	0.03571428571428571	0.01	1	0.00035714285714285714
all	minimal	lane122s000600_bin.4.o	lane821s003041_shovill	M_acald_e	0.07142857142857142	0.06	1	0.004285714285714285
all	minimal	lane122s000600_bin.4.o	lane821s003041_shovill	M_etoh_e	0.07142857142857142	0.05	1	0.0035714285714285713
all	minimal	lane122s000600_bin.4.o	lane821s003041_shovill	M_fe3_e	0.07142857142857142	0.02	1	0.0014285714285714286
all	minimal	lane122s000600_bin.4.o	lane821s003041_shovill	M_h2o_e	0.07142857142857142	0.06	1	0.004285714285714285
all	minimal	lane122s000600_bin.4.o	lane821s003041_shovill	M_h2s_e	0.07142857142857142	0.04	1	0.002857142857142857
all	minimal	lane122s000600_bin.4.o	lane821s003041_shovill	M_lys__L_e	0.07142857142857142	1.0	1	0.07142857142857142
all	minimal	lane122s000600_bin.5.s	lane121s003952_megahit	M_acald_e	0.06	0.36	1	0.021599999999999998
all	minimal	lane122s000600_bin.5.s	lane121s003952_megahit	M_etoh_e	0.06	0.06	1	0.0036
all	minimal	lane122s000600_bin.5.s	lane121s003952_megahit	M_fe3_e	0.06	0.05	1	0.003
all	minimal	lane122s000600_bin.5.s	lane121s003952_megahit	M_h2o_e	0.06	0.03	1	0.0018
all	minimal	lane122s000600_bin.5.s	lane121s003952_megahit	M_h2s_e	0.06	0.07	1	0.004200000000000001
all	minimal	lane122s000600_bin.5.s	lane121s003952_megahit	M_h_e	0.06	0.69	1	0.04139999999999999
all	minimal	lane122s000600_bin.5.s	lane121s003952_megahit	M_s_e	0.06	0.91	1	0.0546
all	minimal	lane122s000600_bin.5.s	lane121s003953_shovill	M_acald_e	0.25	0.36	1	0.09
all	minimal	lane122s000600_bin.5.s	lane121s003953_shovill	M_acglu_e	0.25	0.65	1	0.1625
all	minimal	lane122s000600_bin.5.s	lane121s003953_shovill	M_ala__D_e	0.25	0.02	1	0.005
all	minimal	lane122s000600_bin.5.s	lane121s003953_shovill	M_etoh_e	0.25	0.06	1	0.015
all	minimal	lane122s000600_bin.5.s	lane121s003953_shovill	M_fe3_e	0.25	0.05	1	0.0125
all	minimal	lane122s000600_bin.5.s	lane121s003953_shovill	M_glyclt_e	0.25	0.9	1	0.225
all	minimal	lane122s000600_bin.5.s	lane121s003953_shovill	M_h2o_e	0.25	0.03	1	0.0075
all	minimal	lane122s000600_bin.5.s	lane121s003953_shovill	M_h2s_e	0.25	0.07	1	0.0175
all	minimal	lane122s000600_bin.5.s	lane121s003953_shovill	M_h_e	0.25	0.69	1	0.1725
all	minimal	lane122s000600_bin.5.s	lane121s003953_shovill	M_s_e	0.25	0.91	1	0.2275
all	minimal	lane122s000600_bin.5.s	lane121s003954_shovill	M_acald_e	0.16	0.36	1	0.0576
all	minimal	lane122s000600_bin.5.s	lane121s003954_shovill	M_acglu_e	0.16	0.65	1	0.10400000000000001
all	minimal	lane122s000600_bin.5.s	lane121s003954_shovill	M_ala__D_e	0.16	0.02	1	0.0032
all	minimal	lane122s000600_bin.5.s	lane121s003954_shovill	M_etoh_e	0.16	0.06	1	0.0096
all	minimal	lane122s000600_bin.5.s	lane121s003954_shovill	M_fe3_e	0.16	0.05	1	0.008
all	minimal	lane122s000600_bin.5.s	lane121s003954_shovill	M_h2o_e	0.16	0.03	1	0.0048
all	minimal	lane122s000600_bin.5.s	lane121s003954_shovill	M_h2s_e	0.16	0.07	1	0.011200000000000002
all	minimal	lane122s000600_bin.5.s	lane121s003954_shovill	M_h_e	0.16	0.69	1	0.1104
all	minimal	lane122s000600_bin.5.s	lane121s003954_shovill	M_pi_e	0.16	1.0	1	0.16
all	minimal	lane122s000600_bin.5.s	lane121s003954_shovill	M_s_e	0.16	0.91	1	0.1456
all	minimal	lane122s000600_bin.5.s	lane121s003960_shovill	M_acald_e	0.27	0.36	1	0.09720000000000001
all	minimal	lane122s000600_bin.5.s	lane121s003960_shovill	M_acglu_e	0.27	0.65	1	0.17550000000000002
all	minimal	lane122s000600_bin.5.s	lane121s003960_shovill	M_ala__D_e	0.27	0.02	1	0.0054
all	minimal	lane122s000600_bin.5.s	lane121s003960_shovill	M_etoh_e	0.27	0.06	1	0.0162
all	minimal	lane122s000600_bin.5.s	lane121s003960_shovill	M_fe3_e	0.27	0.05	1	0.013500000000000002
all	minimal	lane122s000600_bin.5.s	lane121s003960_shovill	M_glyclt_e	0.27	0.9	1	0.24300000000000002
all	minimal	lane122s000600_bin.5.s	lane121s003960_shovill	M_h2o_e	0.27	0.03	1	0.0081
all	minimal	lane122s000600_bin.5.s	lane121s003960_shovill	M_h2s_e	0.27	0.07	1	0.018900000000000004
all	minimal	lane122s000600_bin.5.s	lane121s003960_shovill	M_h_e	0.27	0.69	1	0.1863
all	minimal	lane122s000600_bin.5.s	lane121s003960_shovill	M_s_e	0.27	0.91	1	0.24570000000000003
all	minimal	lane122s000600_bin.5.s	lane121s003964_megahit	M_acald_e	0.07	0.36	1	0.0252
all	minimal	lane122s000600_bin.5.s	lane121s003964_megahit	M_etoh_e	0.07	0.06	1	0.004200000000000001
all	minimal	lane122s000600_bin.5.s	lane121s003964_megahit	M_fe3_e	0.07	0.05	1	0.0035000000000000005
all	minimal	lane122s000600_bin.5.s	lane121s003964_megahit	M_glyclt_e	0.07	0.9	1	0.06300000000000001
all	minimal	lane122s000600_bin.5.s	lane121s003964_megahit	M_h2o_e	0.07	0.03	1	0.0021000000000000003
all	minimal	lane122s000600_bin.5.s	lane121s003964_megahit	M_h2s_e	0.07	0.07	1	0.004900000000000001
all	minimal	lane122s000600_bin.5.s	lane121s003964_megahit	M_h_e	0.07	0.69	1	0.0483
all	minimal	lane122s000600_bin.5.s	lane121s003964_megahit	M_hom__L_e	0.07	0.99	1	0.0693
all	minimal	lane122s000600_bin.5.s	lane121s003964_megahit	M_orn_e	0.07	0.36	1	0.0252
all	minimal	lane122s000600_bin.5.s	lane121s003964_megahit	M_s_e	0.07	0.91	1	0.0637
all	minimal	lane122s000600_bin.5.s	lane121s003995_shovill	M_acald_e	0.07	0.36	1	0.0252
all	minimal	lane122s000600_bin.5.s	lane121s003995_shovill	M_ala__D_e	0.07	0.02	1	0.0014000000000000002
all	minimal	lane122s000600_bin.5.s	lane121s003995_shovill	M_fe3_e	0.07	0.05	1	0.0035000000000000005
all	minimal	lane122s000600_bin.5.s	lane121s003995_shovill	M_glyclt_e	0.07	0.9	1	0.06300000000000001
all	minimal	lane122s000600_bin.5.s	lane121s003995_shovill	M_h2o_e	0.07	0.03	1	0.0021000000000000003
all	minimal	lane122s000600_bin.5.s	lane121s003995_shovill	M_h2s_e	0.07	0.07	1	0.004900000000000001
all	minimal	lane122s000600_bin.5.s	lane121s003995_shovill	M_h_e	0.07	0.69	1	0.0483
all	minimal	lane122s000600_bin.5.s	lane121s003995_shovill	M_hom__L_e	0.07	0.99	1	0.0693
all	minimal	lane122s000600_bin.5.s	lane122s000521_bin.1.s	M_acald_e	0.58	0.36	1	0.20879999999999999
all	minimal	lane122s000600_bin.5.s	lane122s000521_bin.1.s	M_etoh_e	0.58	0.06	1	0.0348
all	minimal	lane122s000600_bin.5.s	lane122s000521_bin.1.s	M_fe3_e	0.58	0.05	1	0.028999999999999998
all	minimal	lane122s000600_bin.5.s	lane122s000521_bin.1.s	M_h2o_e	0.58	0.03	1	0.0174
all	minimal	lane122s000600_bin.5.s	lane122s000521_bin.1.s	M_h2s_e	0.58	0.07	1	0.040600000000000004
all	minimal	lane122s000600_bin.5.s	lane122s000521_bin.1.s	M_h_e	0.58	0.69	1	0.40019999999999994
all	minimal	lane122s000600_bin.5.s	lane122s000521_bin.1.s	M_pi_e	0.58	1.0	1	0.58
all	minimal	lane122s000600_bin.5.s	lane122s000521_bin.1.s	M_s_e	0.58	0.91	1	0.5277999999999999
all	minimal	lane122s000600_bin.5.s	lane122s000521_bin.2.p	M_acald_e	0.45	0.36	1	0.162
all	minimal	lane122s000600_bin.5.s	lane122s000521_bin.2.p	M_etoh_e	0.45	0.06	1	0.027
all	minimal	lane122s000600_bin.5.s	lane122s000521_bin.2.p	M_fe3_e	0.45	0.05	1	0.022500000000000003
all	minimal	lane122s000600_bin.5.s	lane122s000521_bin.2.p	M_for_e	0.45	0.01	1	0.0045000000000000005
all	minimal	lane122s000600_bin.5.s	lane122s000521_bin.2.p	M_h2o_e	0.45	0.03	1	0.0135
all	minimal	lane122s000600_bin.5.s	lane122s000521_bin.2.p	M_h2s_e	0.45	0.07	1	0.03150000000000001
all	minimal	lane122s000600_bin.5.s	lane122s000521_bin.2.p	M_h_e	0.45	0.69	1	0.3105
all	minimal	lane122s000600_bin.5.s	lane122s000521_bin.2.p	M_hom__L_e	0.45	0.99	1	0.4455
all	minimal	lane122s000600_bin.5.s	lane122s000521_bin.2.p	M_pi_e	0.45	1.0	1	0.45
all	minimal	lane122s000600_bin.5.s	lane122s000521_bin.2.p	M_s_e	0.45	0.91	1	0.40950000000000003
all	minimal	lane122s000600_bin.5.s	lane122s000524_shovill	M_4hba_e	0.07	0.06	1	0.004200000000000001
all	minimal	lane122s000600_bin.5.s	lane122s000524_shovill	M_acald_e	0.07	0.36	1	0.0252
all	minimal	lane122s000600_bin.5.s	lane122s000524_shovill	M_fe3_e	0.07	0.05	1	0.0035000000000000005
all	minimal	lane122s000600_bin.5.s	lane122s000524_shovill	M_h2o_e	0.07	0.03	1	0.0021000000000000003
all	minimal	lane122s000600_bin.5.s	lane122s000524_shovill	M_h2s_e	0.07	0.07	1	0.004900000000000001
all	minimal	lane122s000600_bin.5.s	lane122s000524_shovill	M_h_e	0.07	0.69	1	0.0483
all	minimal	lane122s000600_bin.5.s	lane122s000524_shovill	M_pi_e	0.07	1.0	1	0.07
all	minimal	lane122s000600_bin.5.s	lane122s000524_shovill	M_s_e	0.07	0.91	1	0.0637
all	minimal	lane122s000600_bin.5.s	lane122s000529_megahit	M_acald_e	0.07	0.36	1	0.0252
all	minimal	lane122s000600_bin.5.s	lane122s000529_megahit	M_etoh_e	0.07	0.06	1	0.004200000000000001
all	minimal	lane122s000600_bin.5.s	lane122s000529_megahit	M_fe3_e	0.07	0.05	1	0.0035000000000000005
all	minimal	lane122s000600_bin.5.s	lane122s000529_megahit	M_for_e	0.07	0.01	1	0.0007000000000000001
all	minimal	lane122s000600_bin.5.s	lane122s000529_megahit	M_h2o_e	0.07	0.03	1	0.0021000000000000003
all	minimal	lane122s000600_bin.5.s	lane122s000529_megahit	M_h2s_e	0.07	0.07	1	0.004900000000000001
all	minimal	lane122s000600_bin.5.s	lane122s000529_megahit	M_h_e	0.07	0.69	1	0.0483
all	minimal	lane122s000600_bin.5.s	lane122s000529_megahit	M_hom__L_e	0.07	0.99	1	0.0693
all	minimal	lane122s000600_bin.5.s	lane122s000529_megahit	M_s_e	0.07	0.91	1	0.0637
all	minimal	lane122s000600_bin.5.s	lane122s000530_shovill	M_acald_e	0.33	0.36	1	0.1188
all	minimal	lane122s000600_bin.5.s	lane122s000530_shovill	M_acglu_e	0.33	0.65	1	0.21450000000000002
all	minimal	lane122s000600_bin.5.s	lane122s000530_shovill	M_etoh_e	0.33	0.06	1	0.0198
all	minimal	lane122s000600_bin.5.s	lane122s000530_shovill	M_fe3_e	0.33	0.05	1	0.0165
all	minimal	lane122s000600_bin.5.s	lane122s000530_shovill	M_glyclt_e	0.33	0.9	1	0.29700000000000004
all	minimal	lane122s000600_bin.5.s	lane122s000530_shovill	M_h2o_e	0.33	0.03	1	0.0099
all	minimal	lane122s000600_bin.5.s	lane122s000530_shovill	M_h2s_e	0.33	0.07	1	0.023100000000000002
all	minimal	lane122s000600_bin.5.s	lane122s000530_shovill	M_h_e	0.33	0.69	1	0.22769999999999999
all	minimal	lane122s000600_bin.5.s	lane122s000530_shovill	M_s_e	0.33	0.91	1	0.3003
all	minimal	lane122s000600_bin.5.s	lane122s000532_bin.1.p	M_acald_e	0.06	0.36	1	0.021599999999999998
all	minimal	lane122s000600_bin.5.s	lane122s000532_bin.1.p	M_etoh_e	0.06	0.06	1	0.0036
all	minimal	lane122s000600_bin.5.s	lane122s000532_bin.1.p	M_fe3_e	0.06	0.05	1	0.003
all	minimal	lane122s000600_bin.5.s	lane122s000532_bin.1.p	M_h2o_e	0.06	0.03	1	0.0018
all	minimal	lane122s000600_bin.5.s	lane122s000532_bin.1.p	M_h2s_e	0.06	0.07	1	0.004200000000000001
all	minimal	lane122s000600_bin.5.s	lane122s000532_bin.1.p	M_h_e	0.06	0.69	1	0.04139999999999999
all	minimal	lane122s000600_bin.5.s	lane122s000532_bin.1.p	M_s_e	0.06	0.91	1	0.0546
all	minimal	lane122s000600_bin.5.s	lane122s000544_bin.1.s	M_acald_e	0.05	0.36	1	0.018
all	minimal	lane122s000600_bin.5.s	lane122s000544_bin.1.s	M_etoh_e	0.05	0.06	1	0.003
all	minimal	lane122s000600_bin.5.s	lane122s000544_bin.1.s	M_fe3_e	0.05	0.05	1	0.0025000000000000005
all	minimal	lane122s000600_bin.5.s	lane122s000544_bin.1.s	M_h2o_e	0.05	0.03	1	0.0015
all	minimal	lane122s000600_bin.5.s	lane122s000544_bin.1.s	M_h2s_e	0.05	0.07	1	0.0035000000000000005
all	minimal	lane122s000600_bin.5.s	lane122s000544_bin.1.s	M_h_e	0.05	0.69	1	0.034499999999999996
all	minimal	lane122s000600_bin.5.s	lane122s000544_bin.1.s	M_pi_e	0.05	1.0	1	0.05
all	minimal	lane122s000600_bin.5.s	lane122s000544_bin.1.s	M_s_e	0.05	0.91	1	0.045500000000000006
all	minimal	lane122s000600_bin.5.s	lane122s000600_bin.1.s	M_acald_e	0.1	0.36	1	0.036
all	minimal	lane122s000600_bin.5.s	lane122s000600_bin.1.s	M_ala__D_e	0.1	0.02	1	0.002
all	minimal	lane122s000600_bin.5.s	lane122s000600_bin.1.s	M_arg__L_e	0.1	0.01	1	0.001
all	minimal	lane122s000600_bin.5.s	lane122s000600_bin.1.s	M_etoh_e	0.1	0.06	1	0.006
all	minimal	lane122s000600_bin.5.s	lane122s000600_bin.1.s	M_fe3_e	0.1	0.05	1	0.005000000000000001
all	minimal	lane122s000600_bin.5.s	lane122s000600_bin.1.s	M_h2o_e	0.1	0.03	1	0.003
all	minimal	lane122s000600_bin.5.s	lane122s000600_bin.1.s	M_h2s_e	0.1	0.07	1	0.007000000000000001
all	minimal	lane122s000600_bin.5.s	lane122s000600_bin.1.s	M_h_e	0.1	0.69	1	0.06899999999999999
all	minimal	lane122s000600_bin.5.s	lane122s000600_bin.1.s	M_hom__L_e	0.1	0.99	1	0.099
all	minimal	lane122s000600_bin.5.s	lane122s000600_bin.1.s	M_orn_e	0.1	0.36	1	0.036
all	minimal	lane122s000600_bin.5.s	lane122s000600_bin.1.s	M_pi_e	0.1	1.0	1	0.1
all	minimal	lane122s000600_bin.5.s	lane122s000600_bin.1.s	M_s_e	0.1	0.91	1	0.09100000000000001
all	minimal	lane122s000600_bin.5.s	lane122s000600_bin.1.s	M_thr__L_e	0.1	0.01	1	0.001
all	minimal	lane122s000600_bin.5.s	lane122s000600_bin.2.o	M_acald_e	0.07	0.36	1	0.0252
all	minimal	lane122s000600_bin.5.s	lane122s000600_bin.2.o	M_etoh_e	0.07	0.06	1	0.004200000000000001
all	minimal	lane122s000600_bin.5.s	lane122s000600_bin.2.o	M_fe3_e	0.07	0.05	1	0.0035000000000000005
all	minimal	lane122s000600_bin.5.s	lane122s000600_bin.2.o	M_h2o_e	0.07	0.03	1	0.0021000000000000003
all	minimal	lane122s000600_bin.5.s	lane122s000600_bin.2.o	M_h2s_e	0.07	0.07	1	0.004900000000000001
all	minimal	lane122s000600_bin.5.s	lane122s000600_bin.2.o	M_h_e	0.07	0.69	1	0.0483
all	minimal	lane122s000600_bin.5.s	lane122s000600_bin.3.p	M_acald_e	1.0	0.36	1	0.36
all	minimal	lane122s000600_bin.5.s	lane122s000600_bin.3.p	M_etoh_e	1.0	0.06	1	0.06
all	minimal	lane122s000600_bin.5.s	lane122s000600_bin.3.p	M_fe3_e	1.0	0.05	1	0.05
all	minimal	lane122s000600_bin.5.s	lane122s000600_bin.3.p	M_h2o_e	1.0	0.03	1	0.03
all	minimal	lane122s000600_bin.5.s	lane122s000600_bin.3.p	M_h2s_e	1.0	0.07	1	0.07
all	minimal	lane122s000600_bin.5.s	lane122s000600_bin.3.p	M_h_e	1.0	0.69	1	0.69
all	minimal	lane122s000600_bin.5.s	lane122s000600_bin.3.p	M_hom__L_e	1.0	0.99	1	0.99
all	minimal	lane122s000600_bin.5.s	lane122s000600_bin.3.p	M_phe__L_e	1.0	1.0	1	1.0
all	minimal	lane122s000600_bin.5.s	lane122s000600_bin.3.p	M_pi_e	1.0	1.0	1	1.0
all	minimal	lane122s000600_bin.5.s	lane122s000600_bin.3.p	M_s_e	1.0	0.91	1	0.91
all	minimal	lane122s000600_bin.5.s	lane122s000600_bin.4.o	M_acald_e	0.06	0.36	1	0.021599999999999998
all	minimal	lane122s000600_bin.5.s	lane122s000600_bin.4.o	M_ala__D_e	0.06	0.02	1	0.0012
all	minimal	lane122s000600_bin.5.s	lane122s000600_bin.4.o	M_etoh_e	0.06	0.06	1	0.0036
all	minimal	lane122s000600_bin.5.s	lane122s000600_bin.4.o	M_fe3_e	0.06	0.05	1	0.003
all	minimal	lane122s000600_bin.5.s	lane122s000600_bin.4.o	M_h2o_e	0.06	0.03	1	0.0018
all	minimal	lane122s000600_bin.5.s	lane122s000600_bin.4.o	M_h2s_e	0.06	0.07	1	0.004200000000000001
all	minimal	lane122s000600_bin.5.s	lane122s000600_bin.4.o	M_h_e	0.06	0.69	1	0.04139999999999999
all	minimal	lane122s000600_bin.5.s	lane122s000600_bin.4.o	M_hom__L_e	0.06	0.99	1	0.059399999999999994
all	minimal	lane122s000600_bin.5.s	lane122s000600_bin.4.o	M_pi_e	0.06	1.0	1	0.06
all	minimal	lane122s000600_bin.5.s	lane122s000600_bin.6.p	M_acald_e	0.05	0.36	1	0.018
all	minimal	lane122s000600_bin.5.s	lane122s000600_bin.6.p	M_fe3_e	0.05	0.05	1	0.0025000000000000005
all	minimal	lane122s000600_bin.5.s	lane122s000600_bin.6.p	M_h2o_e	0.05	0.03	1	0.0015
all	minimal	lane122s000600_bin.5.s	lane122s000600_bin.6.p	M_h_e	0.05	0.69	1	0.034499999999999996
all	minimal	lane122s000600_bin.5.s	lane821s003041_shovill	M_acald_e	0.11	0.36	1	0.039599999999999996
all	minimal	lane122s000600_bin.5.s	lane821s003041_shovill	M_acglu_e	0.11	0.65	1	0.07150000000000001
all	minimal	lane122s000600_bin.5.s	lane821s003041_shovill	M_ala__D_e	0.11	0.02	1	0.0022
all	minimal	lane122s000600_bin.5.s	lane821s003041_shovill	M_etoh_e	0.11	0.06	1	0.0066
all	minimal	lane122s000600_bin.5.s	lane821s003041_shovill	M_fe3_e	0.11	0.05	1	0.0055000000000000005
all	minimal	lane122s000600_bin.5.s	lane821s003041_shovill	M_glyclt_e	0.11	0.9	1	0.099
all	minimal	lane122s000600_bin.5.s	lane821s003041_shovill	M_h2o_e	0.11	0.03	1	0.0033
all	minimal	lane122s000600_bin.5.s	lane821s003041_shovill	M_h2s_e	0.11	0.07	1	0.007700000000000001
all	minimal	lane122s000600_bin.5.s	lane821s003041_shovill	M_h_e	0.11	0.69	1	0.0759
all	minimal	lane122s000600_bin.5.s	lane821s003041_shovill	M_s_e	0.11	0.91	1	0.10010000000000001
