community	medium	receiver	donor	compound	scs	mus	mps	smetana
all	minimal	lane121s003976_shovill	lane121s003978_shovill	M_acald_e	0.09	0.28	1	0.0252
all	minimal	lane121s003976_shovill	lane121s003978_shovill	M_etha_e	0.09	0.05	1	0.0045
all	minimal	lane121s003976_shovill	lane121s003978_shovill	M_fe3_e	0.09	0.08	1	0.0072
all	minimal	lane121s003976_shovill	lane121s003978_shovill	M_glc__D_e	0.09	0.05	1	0.0045
all	minimal	lane121s003976_shovill	lane121s003978_shovill	M_glyc_e	0.09	0.83	1	0.07469999999999999
all	minimal	lane121s003976_shovill	lane121s003978_shovill	M_h2o_e	0.09	0.01	1	0.0009
all	minimal	lane121s003976_shovill	lane121s003978_shovill	M_h2s_e	0.09	0.22	1	0.019799999999999998
all	minimal	lane121s003976_shovill	lane121s003978_shovill	M_h_e	0.09	0.03	1	0.0026999999999999997
all	minimal	lane121s003976_shovill	lane121s003978_shovill	M_nh4_e	0.09	0.62	1	0.055799999999999995
all	minimal	lane121s003976_shovill	lane121s003978_shovill	M_rib__D_e	0.09	0.11	1	0.009899999999999999
all	minimal	lane121s003976_shovill	lane121s003978_shovill	M_s_e	0.09	0.77	1	0.0693
all	minimal	lane121s003976_shovill	lane121s003979_bin.1.s	M_acald_e	0.09	0.28	1	0.0252
all	minimal	lane121s003976_shovill	lane121s003979_bin.1.s	M_etha_e	0.09	0.05	1	0.0045
all	minimal	lane121s003976_shovill	lane121s003979_bin.1.s	M_fe3_e	0.09	0.08	1	0.0072
all	minimal	lane121s003976_shovill	lane121s003979_bin.1.s	M_fum_e	0.09	0.01	1	0.0009
all	minimal	lane121s003976_shovill	lane121s003979_bin.1.s	M_glc__D_e	0.09	0.05	1	0.0045
all	minimal	lane121s003976_shovill	lane121s003979_bin.1.s	M_glyc_e	0.09	0.83	1	0.07469999999999999
all	minimal	lane121s003976_shovill	lane121s003979_bin.1.s	M_h2o_e	0.09	0.01	1	0.0009
all	minimal	lane121s003976_shovill	lane121s003979_bin.1.s	M_h2s_e	0.09	0.22	1	0.019799999999999998
all	minimal	lane121s003976_shovill	lane121s003979_bin.1.s	M_h_e	0.09	0.03	1	0.0026999999999999997
all	minimal	lane121s003976_shovill	lane121s003979_bin.1.s	M_nh4_e	0.09	0.62	1	0.055799999999999995
all	minimal	lane121s003976_shovill	lane121s003979_bin.1.s	M_pi_e	0.09	0.96	1	0.08639999999999999
all	minimal	lane121s003976_shovill	lane121s003979_bin.1.s	M_rib__D_e	0.09	0.11	1	0.009899999999999999
all	minimal	lane121s003976_shovill	lane121s003979_bin.1.s	M_s_e	0.09	0.77	1	0.0693
all	minimal	lane121s003976_shovill	lane121s003996_shovill	M_acald_e	0.08	0.28	1	0.022400000000000003
all	minimal	lane121s003976_shovill	lane121s003996_shovill	M_ala__D_e	0.08	0.06	1	0.0048
all	minimal	lane121s003976_shovill	lane121s003996_shovill	M_fe3_e	0.08	0.08	1	0.0064
all	minimal	lane121s003976_shovill	lane121s003996_shovill	M_for_e	0.08	0.03	1	0.0024
all	minimal	lane121s003976_shovill	lane121s003996_shovill	M_glc__D_e	0.08	0.05	1	0.004
all	minimal	lane121s003976_shovill	lane121s003996_shovill	M_glyc_e	0.08	0.83	1	0.0664
all	minimal	lane121s003976_shovill	lane121s003996_shovill	M_h2o_e	0.08	0.01	1	0.0008
all	minimal	lane121s003976_shovill	lane121s003996_shovill	M_h2s_e	0.08	0.22	1	0.0176
all	minimal	lane121s003976_shovill	lane121s003996_shovill	M_h_e	0.08	0.03	1	0.0024
all	minimal	lane121s003976_shovill	lane121s003996_shovill	M_nh4_e	0.08	0.62	1	0.0496
all	minimal	lane121s003976_shovill	lane121s003996_shovill	M_oxa_e	0.08	0.01	1	0.0008
all	minimal	lane121s003976_shovill	lane121s003996_shovill	M_rib__D_e	0.08	0.11	1	0.0088
all	minimal	lane121s003976_shovill	lane121s003996_shovill	M_s_e	0.08	0.77	1	0.0616
all	minimal	lane121s003976_shovill	lane122s000517_bin.1.p	M_acald_e	0.14	0.28	1	0.039200000000000006
all	minimal	lane121s003976_shovill	lane122s000517_bin.1.p	M_ala__D_e	0.14	0.06	1	0.008400000000000001
all	minimal	lane121s003976_shovill	lane122s000517_bin.1.p	M_fe3_e	0.14	0.08	1	0.011200000000000002
all	minimal	lane121s003976_shovill	lane122s000517_bin.1.p	M_glc__D_e	0.14	0.05	1	0.007000000000000001
all	minimal	lane121s003976_shovill	lane122s000517_bin.1.p	M_glyc_e	0.14	0.83	1	0.11620000000000001
all	minimal	lane121s003976_shovill	lane122s000517_bin.1.p	M_h2o_e	0.14	0.01	1	0.0014000000000000002
all	minimal	lane121s003976_shovill	lane122s000517_bin.1.p	M_h2s_e	0.14	0.22	1	0.030800000000000004
all	minimal	lane121s003976_shovill	lane122s000517_bin.1.p	M_h_e	0.14	0.03	1	0.004200000000000001
all	minimal	lane121s003976_shovill	lane122s000517_bin.1.p	M_nh4_e	0.14	0.62	1	0.0868
all	minimal	lane121s003976_shovill	lane122s000517_bin.1.p	M_rib__D_e	0.14	0.11	1	0.015400000000000002
all	minimal	lane121s003976_shovill	lane122s000517_bin.1.p	M_s_e	0.14	0.77	1	0.1078
all	minimal	lane121s003976_shovill	lane122s000517_bin.2.s	M_acald_e	0.16	0.28	1	0.044800000000000006
all	minimal	lane121s003976_shovill	lane122s000517_bin.2.s	M_ala__D_e	0.16	0.06	1	0.0096
all	minimal	lane121s003976_shovill	lane122s000517_bin.2.s	M_fe3_e	0.16	0.08	1	0.0128
all	minimal	lane121s003976_shovill	lane122s000517_bin.2.s	M_glyc_e	0.16	0.83	1	0.1328
all	minimal	lane121s003976_shovill	lane122s000517_bin.2.s	M_h2o_e	0.16	0.01	1	0.0016
all	minimal	lane121s003976_shovill	lane122s000517_bin.2.s	M_h2s_e	0.16	0.22	1	0.0352
all	minimal	lane121s003976_shovill	lane122s000517_bin.2.s	M_h_e	0.16	0.03	1	0.0048
all	minimal	lane121s003976_shovill	lane122s000517_bin.2.s	M_nh4_e	0.16	0.62	1	0.0992
all	minimal	lane121s003976_shovill	lane122s000517_bin.2.s	M_oxa_e	0.16	0.01	1	0.0016
all	minimal	lane121s003976_shovill	lane122s000517_bin.2.s	M_pi_e	0.16	0.96	1	0.1536
all	minimal	lane121s003976_shovill	lane122s000517_bin.2.s	M_rib__D_e	0.16	0.11	1	0.0176
all	minimal	lane121s003976_shovill	lane122s000531_bin.1.o	M_acald_e	0.15	0.28	1	0.042
all	minimal	lane121s003976_shovill	lane122s000531_bin.1.o	M_etha_e	0.15	0.05	1	0.0075
all	minimal	lane121s003976_shovill	lane122s000531_bin.1.o	M_fe3_e	0.15	0.08	1	0.012
all	minimal	lane121s003976_shovill	lane122s000531_bin.1.o	M_for_e	0.15	0.03	1	0.0045
all	minimal	lane121s003976_shovill	lane122s000531_bin.1.o	M_glyc_e	0.15	0.83	1	0.12449999999999999
all	minimal	lane121s003976_shovill	lane122s000531_bin.1.o	M_h2o_e	0.15	0.01	1	0.0015
all	minimal	lane121s003976_shovill	lane122s000531_bin.1.o	M_h2s_e	0.15	0.22	1	0.033
all	minimal	lane121s003976_shovill	lane122s000531_bin.1.o	M_h_e	0.15	0.03	1	0.0045
all	minimal	lane121s003976_shovill	lane122s000531_bin.1.o	M_nh4_e	0.15	0.62	1	0.093
all	minimal	lane121s003976_shovill	lane122s000531_bin.1.o	M_oxa_e	0.15	0.01	1	0.0015
all	minimal	lane121s003976_shovill	lane122s000536_megahit	M_acald_e	0.16	0.28	1	0.044800000000000006
all	minimal	lane121s003976_shovill	lane122s000536_megahit	M_etha_e	0.16	0.05	1	0.008
all	minimal	lane121s003976_shovill	lane122s000536_megahit	M_fe3_e	0.16	0.08	1	0.0128
all	minimal	lane121s003976_shovill	lane122s000536_megahit	M_fum_e	0.16	0.01	1	0.0016
all	minimal	lane121s003976_shovill	lane122s000536_megahit	M_glyc_e	0.16	0.83	1	0.1328
all	minimal	lane121s003976_shovill	lane122s000536_megahit	M_h2o_e	0.16	0.01	1	0.0016
all	minimal	lane121s003976_shovill	lane122s000536_megahit	M_h2s_e	0.16	0.22	1	0.0352
all	minimal	lane121s003976_shovill	lane122s000536_megahit	M_h_e	0.16	0.03	1	0.0048
all	minimal	lane121s003976_shovill	lane122s000536_megahit	M_nh4_e	0.16	0.62	1	0.0992
all	minimal	lane121s003976_shovill	lane122s000536_megahit	M_rib__D_e	0.16	0.11	1	0.0176
all	minimal	lane121s003976_shovill	lane122s000536_megahit	M_s_e	0.16	0.77	1	0.1232
all	minimal	lane121s003976_shovill	lane122s000601_bin.10.s	M_4abut_e	0.16	0.22	1	0.0352
all	minimal	lane121s003976_shovill	lane122s000601_bin.10.s	M_acald_e	0.16	0.28	1	0.044800000000000006
all	minimal	lane121s003976_shovill	lane122s000601_bin.10.s	M_ala__D_e	0.16	0.06	1	0.0096
all	minimal	lane121s003976_shovill	lane122s000601_bin.10.s	M_etha_e	0.16	0.05	1	0.008
all	minimal	lane121s003976_shovill	lane122s000601_bin.10.s	M_fe3_e	0.16	0.08	1	0.0128
all	minimal	lane121s003976_shovill	lane122s000601_bin.10.s	M_for_e	0.16	0.03	1	0.0048
all	minimal	lane121s003976_shovill	lane122s000601_bin.10.s	M_fum_e	0.16	0.01	1	0.0016
all	minimal	lane121s003976_shovill	lane122s000601_bin.10.s	M_glyc3p_e	0.16	0.04	1	0.0064
all	minimal	lane121s003976_shovill	lane122s000601_bin.10.s	M_glyc_e	0.16	0.83	1	0.1328
all	minimal	lane121s003976_shovill	lane122s000601_bin.10.s	M_h2o_e	0.16	0.01	1	0.0016
all	minimal	lane121s003976_shovill	lane122s000601_bin.10.s	M_h2s_e	0.16	0.22	1	0.0352
all	minimal	lane121s003976_shovill	lane122s000601_bin.10.s	M_h_e	0.16	0.03	1	0.0048
all	minimal	lane121s003976_shovill	lane122s000601_bin.10.s	M_hxan_e	0.16	0.01	1	0.0016
all	minimal	lane121s003976_shovill	lane122s000601_bin.10.s	M_nh4_e	0.16	0.62	1	0.0992
all	minimal	lane121s003976_shovill	lane122s000601_bin.10.s	M_oxa_e	0.16	0.01	1	0.0016
all	minimal	lane121s003976_shovill	lane122s000601_bin.10.s	M_pi_e	0.16	0.96	1	0.1536
all	minimal	lane121s003976_shovill	lane122s000601_bin.10.s	M_s_e	0.16	0.77	1	0.1232
all	minimal	lane121s003976_shovill	lane122s000601_bin.1.o	M_acald_e	0.09	0.28	1	0.0252
all	minimal	lane121s003976_shovill	lane122s000601_bin.1.o	M_fe3_e	0.09	0.08	1	0.0072
all	minimal	lane121s003976_shovill	lane122s000601_bin.1.o	M_glyc_e	0.09	0.83	1	0.07469999999999999
all	minimal	lane121s003976_shovill	lane122s000601_bin.1.o	M_h2o_e	0.09	0.01	1	0.0009
all	minimal	lane121s003976_shovill	lane122s000601_bin.1.o	M_h2s_e	0.09	0.22	1	0.019799999999999998
all	minimal	lane121s003976_shovill	lane122s000601_bin.1.o	M_h_e	0.09	0.03	1	0.0026999999999999997
all	minimal	lane121s003976_shovill	lane122s000601_bin.1.o	M_nh4_e	0.09	0.62	1	0.055799999999999995
all	minimal	lane121s003976_shovill	lane122s000601_bin.1.o	M_s_e	0.09	0.77	1	0.0693
all	minimal	lane121s003976_shovill	lane122s000601_bin.2.o	M_acald_e	0.15	0.28	1	0.042
all	minimal	lane121s003976_shovill	lane122s000601_bin.2.o	M_fe3_e	0.15	0.08	1	0.012
all	minimal	lane121s003976_shovill	lane122s000601_bin.2.o	M_glyc_e	0.15	0.83	1	0.12449999999999999
all	minimal	lane121s003976_shovill	lane122s000601_bin.2.o	M_h2o_e	0.15	0.01	1	0.0015
all	minimal	lane121s003976_shovill	lane122s000601_bin.2.o	M_h2s_e	0.15	0.22	1	0.033
all	minimal	lane121s003976_shovill	lane122s000601_bin.2.o	M_h_e	0.15	0.03	1	0.0045
all	minimal	lane121s003976_shovill	lane122s000601_bin.2.o	M_hxan_e	0.15	0.01	1	0.0015
all	minimal	lane121s003976_shovill	lane122s000601_bin.2.o	M_nh4_e	0.15	0.62	1	0.093
all	minimal	lane121s003976_shovill	lane122s000601_bin.3.s	M_acald_e	0.13	0.28	1	0.0364
all	minimal	lane121s003976_shovill	lane122s000601_bin.3.s	M_ala__D_e	0.13	0.06	1	0.0078
all	minimal	lane121s003976_shovill	lane122s000601_bin.3.s	M_etha_e	0.13	0.05	1	0.006500000000000001
all	minimal	lane121s003976_shovill	lane122s000601_bin.3.s	M_fe3_e	0.13	0.08	1	0.010400000000000001
all	minimal	lane121s003976_shovill	lane122s000601_bin.3.s	M_for_e	0.13	0.03	1	0.0039
all	minimal	lane121s003976_shovill	lane122s000601_bin.3.s	M_glyc3p_e	0.13	0.04	1	0.005200000000000001
all	minimal	lane121s003976_shovill	lane122s000601_bin.3.s	M_glyc_e	0.13	0.83	1	0.1079
all	minimal	lane121s003976_shovill	lane122s000601_bin.3.s	M_h2o_e	0.13	0.01	1	0.0013000000000000002
all	minimal	lane121s003976_shovill	lane122s000601_bin.3.s	M_h2s_e	0.13	0.22	1	0.0286
all	minimal	lane121s003976_shovill	lane122s000601_bin.3.s	M_h_e	0.13	0.03	1	0.0039
all	minimal	lane121s003976_shovill	lane122s000601_bin.3.s	M_leu__L_e	0.13	0.01	1	0.0013000000000000002
all	minimal	lane121s003976_shovill	lane122s000601_bin.3.s	M_nh4_e	0.13	0.62	1	0.0806
all	minimal	lane121s003976_shovill	lane122s000601_bin.3.s	M_no2_e	0.13	0.04	1	0.005200000000000001
all	minimal	lane121s003976_shovill	lane122s000601_bin.3.s	M_oxa_e	0.13	0.01	1	0.0013000000000000002
all	minimal	lane121s003976_shovill	lane122s000601_bin.3.s	M_pi_e	0.13	0.96	1	0.1248
all	minimal	lane121s003976_shovill	lane122s000601_bin.3.s	M_s_e	0.13	0.77	1	0.10010000000000001
all	minimal	lane121s003976_shovill	lane122s000601_bin.4.o	M_ac_e	0.08	0.03	1	0.0024
all	minimal	lane121s003976_shovill	lane122s000601_bin.4.o	M_acald_e	0.08	0.28	1	0.022400000000000003
all	minimal	lane121s003976_shovill	lane122s000601_bin.4.o	M_ala__D_e	0.08	0.06	1	0.0048
all	minimal	lane121s003976_shovill	lane122s000601_bin.4.o	M_fe3_e	0.08	0.08	1	0.0064
all	minimal	lane121s003976_shovill	lane122s000601_bin.4.o	M_for_e	0.08	0.03	1	0.0024
all	minimal	lane121s003976_shovill	lane122s000601_bin.4.o	M_fum_e	0.08	0.01	1	0.0008
all	minimal	lane121s003976_shovill	lane122s000601_bin.4.o	M_glyc_e	0.08	0.83	1	0.0664
all	minimal	lane121s003976_shovill	lane122s000601_bin.4.o	M_h2o_e	0.08	0.01	1	0.0008
all	minimal	lane121s003976_shovill	lane122s000601_bin.4.o	M_h2s_e	0.08	0.22	1	0.0176
all	minimal	lane121s003976_shovill	lane122s000601_bin.4.o	M_h_e	0.08	0.03	1	0.0024
all	minimal	lane121s003976_shovill	lane122s000601_bin.4.o	M_hxan_e	0.08	0.01	1	0.0008
all	minimal	lane121s003976_shovill	lane122s000601_bin.4.o	M_leu__L_e	0.08	0.01	1	0.0008
all	minimal	lane121s003976_shovill	lane122s000601_bin.4.o	M_nh4_e	0.08	0.62	1	0.0496
all	minimal	lane121s003976_shovill	lane122s000601_bin.4.o	M_pi_e	0.08	0.96	1	0.0768
all	minimal	lane121s003976_shovill	lane122s000601_bin.4.o	M_s_e	0.08	0.77	1	0.0616
all	minimal	lane121s003976_shovill	lane122s000601_bin.5.o	M_acald_e	0.05	0.28	1	0.014000000000000002
all	minimal	lane121s003976_shovill	lane122s000601_bin.5.o	M_etha_e	0.05	0.05	1	0.0025000000000000005
all	minimal	lane121s003976_shovill	lane122s000601_bin.5.o	M_fe3_e	0.05	0.08	1	0.004
all	minimal	lane121s003976_shovill	lane122s000601_bin.5.o	M_for_e	0.05	0.03	1	0.0015
all	minimal	lane121s003976_shovill	lane122s000601_bin.5.o	M_glyc_e	0.05	0.83	1	0.0415
all	minimal	lane121s003976_shovill	lane122s000601_bin.5.o	M_h2o_e	0.05	0.01	1	0.0005
all	minimal	lane121s003976_shovill	lane122s000601_bin.5.o	M_h2s_e	0.05	0.22	1	0.011000000000000001
all	minimal	lane121s003976_shovill	lane122s000601_bin.5.o	M_h_e	0.05	0.03	1	0.0015
all	minimal	lane121s003976_shovill	lane122s000601_bin.5.o	M_nh4_e	0.05	0.62	1	0.031
all	minimal	lane121s003976_shovill	lane122s000601_bin.5.o	M_oxa_e	0.05	0.01	1	0.0005
all	minimal	lane121s003976_shovill	lane122s000601_bin.5.o	M_pi_e	0.05	0.96	1	0.048
all	minimal	lane121s003976_shovill	lane122s000601_bin.6.o	M_acald_e	1.0	0.28	1	0.28
all	minimal	lane121s003976_shovill	lane122s000601_bin.6.o	M_etha_e	1.0	0.05	1	0.05
all	minimal	lane121s003976_shovill	lane122s000601_bin.6.o	M_fe3_e	1.0	0.08	1	0.08
all	minimal	lane121s003976_shovill	lane122s000601_bin.6.o	M_fum_e	1.0	0.01	1	0.01
all	minimal	lane121s003976_shovill	lane122s000601_bin.6.o	M_glc__D_e	1.0	0.05	1	0.05
all	minimal	lane121s003976_shovill	lane122s000601_bin.6.o	M_glyc_e	1.0	0.83	1	0.83
all	minimal	lane121s003976_shovill	lane122s000601_bin.6.o	M_h2o_e	1.0	0.01	1	0.01
all	minimal	lane121s003976_shovill	lane122s000601_bin.6.o	M_h2s_e	1.0	0.22	1	0.22
all	minimal	lane121s003976_shovill	lane122s000601_bin.6.o	M_h_e	1.0	0.03	1	0.03
all	minimal	lane121s003976_shovill	lane122s000601_bin.6.o	M_hxan_e	1.0	0.01	1	0.01
all	minimal	lane121s003976_shovill	lane122s000601_bin.6.o	M_nh4_e	1.0	0.62	1	0.62
all	minimal	lane121s003976_shovill	lane122s000601_bin.6.o	M_pi_e	1.0	0.96	1	0.96
all	minimal	lane121s003976_shovill	lane122s000601_bin.6.o	M_s_e	1.0	0.77	1	0.77
all	minimal	lane121s003976_shovill	lane122s000601_bin.7.o	M_acald_e	0.15	0.28	1	0.042
all	minimal	lane121s003976_shovill	lane122s000601_bin.7.o	M_fe3_e	0.15	0.08	1	0.012
all	minimal	lane121s003976_shovill	lane122s000601_bin.7.o	M_glyc_e	0.15	0.83	1	0.12449999999999999
all	minimal	lane121s003976_shovill	lane122s000601_bin.7.o	M_h2o_e	0.15	0.01	1	0.0015
all	minimal	lane121s003976_shovill	lane122s000601_bin.7.o	M_h2s_e	0.15	0.22	1	0.033
all	minimal	lane121s003976_shovill	lane122s000601_bin.7.o	M_h_e	0.15	0.03	1	0.0045
all	minimal	lane121s003976_shovill	lane122s000601_bin.7.o	M_nh4_e	0.15	0.62	1	0.093
all	minimal	lane121s003976_shovill	lane122s000601_bin.8.s	M_acald_e	0.09	0.28	1	0.0252
all	minimal	lane121s003976_shovill	lane122s000601_bin.8.s	M_fe3_e	0.09	0.08	1	0.0072
all	minimal	lane121s003976_shovill	lane122s000601_bin.8.s	M_glyc_e	0.09	0.83	1	0.07469999999999999
all	minimal	lane121s003976_shovill	lane122s000601_bin.8.s	M_h2o_e	0.09	0.01	1	0.0009
all	minimal	lane121s003976_shovill	lane122s000601_bin.8.s	M_h_e	0.09	0.03	1	0.0026999999999999997
all	minimal	lane121s003976_shovill	lane122s000601_bin.8.s	M_hxan_e	0.09	0.01	1	0.0009
all	minimal	lane121s003976_shovill	lane122s000601_bin.8.s	M_nh4_e	0.09	0.62	1	0.055799999999999995
all	minimal	lane121s003976_shovill	lane122s000601_bin.8.s	M_oxa_e	0.09	0.01	1	0.0009
all	minimal	lane121s003976_shovill	lane122s000601_bin.9.p	M_ac_e	0.1	0.03	1	0.003
all	minimal	lane121s003976_shovill	lane122s000601_bin.9.p	M_acald_e	0.1	0.28	1	0.028000000000000004
all	minimal	lane121s003976_shovill	lane122s000601_bin.9.p	M_fe3_e	0.1	0.08	1	0.008
all	minimal	lane121s003976_shovill	lane122s000601_bin.9.p	M_h2o_e	0.1	0.01	1	0.001
all	minimal	lane121s003976_shovill	lane122s000601_bin.9.p	M_h2s_e	0.1	0.22	1	0.022000000000000002
all	minimal	lane121s003976_shovill	lane122s000601_bin.9.p	M_h_e	0.1	0.03	1	0.003
all	minimal	lane121s003976_shovill	lane122s000601_bin.9.p	M_nh4_e	0.1	0.62	1	0.062
all	minimal	lane121s003978_shovill	lane121s003976_shovill	M_acald_e	0.1111111111111111	0.18	1	0.019999999999999997
all	minimal	lane121s003978_shovill	lane121s003976_shovill	M_fe3_e	0.1111111111111111	0.02	1	0.0022222222222222222
all	minimal	lane121s003978_shovill	lane121s003976_shovill	M_glc__D_e	0.1111111111111111	0.25	1	0.027777777777777776
all	minimal	lane121s003978_shovill	lane121s003976_shovill	M_glyc_e	0.1111111111111111	0.73	1	0.0811111111111111
all	minimal	lane121s003978_shovill	lane121s003976_shovill	M_h2s_e	0.1111111111111111	0.35	1	0.03888888888888888
all	minimal	lane121s003978_shovill	lane121s003976_shovill	M_h_e	0.1111111111111111	0.01	1	0.0011111111111111111
all	minimal	lane121s003978_shovill	lane121s003976_shovill	M_inost_e	0.1111111111111111	0.02	1	0.0022222222222222222
all	minimal	lane121s003978_shovill	lane121s003976_shovill	M_nh4_e	0.1111111111111111	0.96	1	0.10666666666666666
all	minimal	lane121s003978_shovill	lane121s003976_shovill	M_no2_e	0.1111111111111111	0.01	1	0.0011111111111111111
all	minimal	lane121s003978_shovill	lane121s003976_shovill	M_s_e	0.1111111111111111	0.45	1	0.049999999999999996
all	minimal	lane121s003978_shovill	lane121s003979_bin.1.s	M_acald_e	0.06172839506172839	0.18	1	0.01111111111111111
all	minimal	lane121s003978_shovill	lane121s003979_bin.1.s	M_fe3_e	0.06172839506172839	0.02	1	0.0012345679012345679
all	minimal	lane121s003978_shovill	lane121s003979_bin.1.s	M_glc__D_e	0.06172839506172839	0.25	1	0.015432098765432098
all	minimal	lane121s003978_shovill	lane121s003979_bin.1.s	M_glyc_e	0.06172839506172839	0.73	1	0.04506172839506172
all	minimal	lane121s003978_shovill	lane121s003979_bin.1.s	M_h2s_e	0.06172839506172839	0.35	1	0.021604938271604937
all	minimal	lane121s003978_shovill	lane121s003979_bin.1.s	M_h_e	0.06172839506172839	0.01	1	0.0006172839506172839
all	minimal	lane121s003978_shovill	lane121s003979_bin.1.s	M_nh4_e	0.06172839506172839	0.96	1	0.059259259259259255
all	minimal	lane121s003978_shovill	lane121s003979_bin.1.s	M_pi_e	0.06172839506172839	0.83	1	0.05123456790123456
all	minimal	lane121s003978_shovill	lane121s003979_bin.1.s	M_s_e	0.06172839506172839	0.45	1	0.027777777777777776
all	minimal	lane121s003978_shovill	lane121s003996_shovill	M_acald_e	0.1111111111111111	0.18	1	0.019999999999999997
all	minimal	lane121s003978_shovill	lane121s003996_shovill	M_ala__D_e	0.1111111111111111	0.03	1	0.003333333333333333
all	minimal	lane121s003978_shovill	lane121s003996_shovill	M_fe3_e	0.1111111111111111	0.02	1	0.0022222222222222222
all	minimal	lane121s003978_shovill	lane121s003996_shovill	M_glc__D_e	0.1111111111111111	0.25	1	0.027777777777777776
all	minimal	lane121s003978_shovill	lane121s003996_shovill	M_glyc_e	0.1111111111111111	0.73	1	0.0811111111111111
all	minimal	lane121s003978_shovill	lane121s003996_shovill	M_h2s_e	0.1111111111111111	0.35	1	0.03888888888888888
all	minimal	lane121s003978_shovill	lane121s003996_shovill	M_h_e	0.1111111111111111	0.01	1	0.0011111111111111111
all	minimal	lane121s003978_shovill	lane121s003996_shovill	M_nh4_e	0.1111111111111111	0.96	1	0.10666666666666666
all	minimal	lane121s003978_shovill	lane121s003996_shovill	M_oxa_e	0.1111111111111111	0.01	1	0.0011111111111111111
all	minimal	lane121s003978_shovill	lane121s003996_shovill	M_s_e	0.1111111111111111	0.45	1	0.049999999999999996
all	minimal	lane121s003978_shovill	lane122s000517_bin.1.p	M_acald_e	0.07407407407407407	0.18	1	0.013333333333333332
all	minimal	lane121s003978_shovill	lane122s000517_bin.1.p	M_ala__D_e	0.07407407407407407	0.03	1	0.0022222222222222222
all	minimal	lane121s003978_shovill	lane122s000517_bin.1.p	M_fe3_e	0.07407407407407407	0.02	1	0.0014814814814814814
all	minimal	lane121s003978_shovill	lane122s000517_bin.1.p	M_glc__D_e	0.07407407407407407	0.25	1	0.018518518518518517
all	minimal	lane121s003978_shovill	lane122s000517_bin.1.p	M_glyc_e	0.07407407407407407	0.73	1	0.05407407407407407
all	minimal	lane121s003978_shovill	lane122s000517_bin.1.p	M_h2s_e	0.07407407407407407	0.35	1	0.02592592592592592
all	minimal	lane121s003978_shovill	lane122s000517_bin.1.p	M_h_e	0.07407407407407407	0.01	1	0.0007407407407407407
all	minimal	lane121s003978_shovill	lane122s000517_bin.1.p	M_nh4_e	0.07407407407407407	0.96	1	0.07111111111111111
all	minimal	lane121s003978_shovill	lane122s000517_bin.1.p	M_s_e	0.07407407407407407	0.45	1	0.03333333333333333
all	minimal	lane121s003978_shovill	lane122s000517_bin.2.s	M_acald_e	0.19753086419753085	0.18	1	0.035555555555555556
all	minimal	lane121s003978_shovill	lane122s000517_bin.2.s	M_ala__D_e	0.19753086419753085	0.03	1	0.005925925925925926
all	minimal	lane121s003978_shovill	lane122s000517_bin.2.s	M_fe3_e	0.19753086419753085	0.02	1	0.003950617283950617
all	minimal	lane121s003978_shovill	lane122s000517_bin.2.s	M_glyc_e	0.19753086419753085	0.73	1	0.1441975308641975
all	minimal	lane121s003978_shovill	lane122s000517_bin.2.s	M_h2s_e	0.19753086419753085	0.35	1	0.0691358024691358
all	minimal	lane121s003978_shovill	lane122s000517_bin.2.s	M_h_e	0.19753086419753085	0.01	1	0.0019753086419753087
all	minimal	lane121s003978_shovill	lane122s000517_bin.2.s	M_nh4_e	0.19753086419753085	0.96	1	0.18962962962962962
all	minimal	lane121s003978_shovill	lane122s000517_bin.2.s	M_oxa_e	0.19753086419753085	0.01	1	0.0019753086419753087
all	minimal	lane121s003978_shovill	lane122s000517_bin.2.s	M_pi_e	0.19753086419753085	0.83	1	0.1639506172839506
all	minimal	lane121s003978_shovill	lane122s000531_bin.1.o	M_acald_e	0.19753086419753085	0.18	1	0.035555555555555556
all	minimal	lane121s003978_shovill	lane122s000531_bin.1.o	M_fe3_e	0.19753086419753085	0.02	1	0.003950617283950617
all	minimal	lane121s003978_shovill	lane122s000531_bin.1.o	M_glyc_e	0.19753086419753085	0.73	1	0.1441975308641975
all	minimal	lane121s003978_shovill	lane122s000531_bin.1.o	M_h2s_e	0.19753086419753085	0.35	1	0.0691358024691358
all	minimal	lane121s003978_shovill	lane122s000531_bin.1.o	M_h_e	0.19753086419753085	0.01	1	0.0019753086419753087
all	minimal	lane121s003978_shovill	lane122s000531_bin.1.o	M_nh4_e	0.19753086419753085	0.96	1	0.18962962962962962
all	minimal	lane121s003978_shovill	lane122s000531_bin.1.o	M_oxa_e	0.19753086419753085	0.01	1	0.0019753086419753087
all	minimal	lane121s003978_shovill	lane122s000536_megahit	M_acald_e	0.19753086419753085	0.18	1	0.035555555555555556
all	minimal	lane121s003978_shovill	lane122s000536_megahit	M_fe3_e	0.19753086419753085	0.02	1	0.003950617283950617
all	minimal	lane121s003978_shovill	lane122s000536_megahit	M_glyc_e	0.19753086419753085	0.73	1	0.1441975308641975
all	minimal	lane121s003978_shovill	lane122s000536_megahit	M_h2s_e	0.19753086419753085	0.35	1	0.0691358024691358
all	minimal	lane121s003978_shovill	lane122s000536_megahit	M_h_e	0.19753086419753085	0.01	1	0.0019753086419753087
all	minimal	lane121s003978_shovill	lane122s000536_megahit	M_nh4_e	0.19753086419753085	0.96	1	0.18962962962962962
all	minimal	lane121s003978_shovill	lane122s000536_megahit	M_s_e	0.19753086419753085	0.45	1	0.08888888888888889
all	minimal	lane121s003978_shovill	lane122s000601_bin.10.s	M_acald_e	0.19753086419753085	0.18	1	0.035555555555555556
all	minimal	lane121s003978_shovill	lane122s000601_bin.10.s	M_ala__D_e	0.19753086419753085	0.03	1	0.005925925925925926
all	minimal	lane121s003978_shovill	lane122s000601_bin.10.s	M_fe3_e	0.19753086419753085	0.02	1	0.003950617283950617
all	minimal	lane121s003978_shovill	lane122s000601_bin.10.s	M_glyc3p_e	0.19753086419753085	0.13	1	0.02567901234567901
all	minimal	lane121s003978_shovill	lane122s000601_bin.10.s	M_glyc_e	0.19753086419753085	0.73	1	0.1441975308641975
all	minimal	lane121s003978_shovill	lane122s000601_bin.10.s	M_h2s_e	0.19753086419753085	0.35	1	0.0691358024691358
all	minimal	lane121s003978_shovill	lane122s000601_bin.10.s	M_h_e	0.19753086419753085	0.01	1	0.0019753086419753087
all	minimal	lane121s003978_shovill	lane122s000601_bin.10.s	M_nh4_e	0.19753086419753085	0.96	1	0.18962962962962962
all	minimal	lane121s003978_shovill	lane122s000601_bin.10.s	M_oxa_e	0.19753086419753085	0.01	1	0.0019753086419753087
all	minimal	lane121s003978_shovill	lane122s000601_bin.10.s	M_pi_e	0.19753086419753085	0.83	1	0.1639506172839506
all	minimal	lane121s003978_shovill	lane122s000601_bin.10.s	M_s_e	0.19753086419753085	0.45	1	0.08888888888888889
all	minimal	lane121s003978_shovill	lane122s000601_bin.1.o	M_acald_e	0.07407407407407407	0.18	1	0.013333333333333332
all	minimal	lane121s003978_shovill	lane122s000601_bin.1.o	M_fe3_e	0.07407407407407407	0.02	1	0.0014814814814814814
all	minimal	lane121s003978_shovill	lane122s000601_bin.1.o	M_glyc_e	0.07407407407407407	0.73	1	0.05407407407407407
all	minimal	lane121s003978_shovill	lane122s000601_bin.1.o	M_h2s_e	0.07407407407407407	0.35	1	0.02592592592592592
all	minimal	lane121s003978_shovill	lane122s000601_bin.1.o	M_h_e	0.07407407407407407	0.01	1	0.0007407407407407407
all	minimal	lane121s003978_shovill	lane122s000601_bin.1.o	M_nh4_e	0.07407407407407407	0.96	1	0.07111111111111111
all	minimal	lane121s003978_shovill	lane122s000601_bin.1.o	M_s_e	0.07407407407407407	0.45	1	0.03333333333333333
all	minimal	lane121s003978_shovill	lane122s000601_bin.2.o	M_acald_e	0.09876543209876543	0.18	1	0.017777777777777778
all	minimal	lane121s003978_shovill	lane122s000601_bin.2.o	M_fe3_e	0.09876543209876543	0.02	1	0.0019753086419753087
all	minimal	lane121s003978_shovill	lane122s000601_bin.2.o	M_glyc_e	0.09876543209876543	0.73	1	0.07209876543209875
all	minimal	lane121s003978_shovill	lane122s000601_bin.2.o	M_h2s_e	0.09876543209876543	0.35	1	0.0345679012345679
all	minimal	lane121s003978_shovill	lane122s000601_bin.2.o	M_h_e	0.09876543209876543	0.01	1	0.0009876543209876543
all	minimal	lane121s003978_shovill	lane122s000601_bin.2.o	M_nh4_e	0.09876543209876543	0.96	1	0.09481481481481481
all	minimal	lane121s003978_shovill	lane122s000601_bin.3.s	M_acald_e	0.14814814814814814	0.18	1	0.026666666666666665
all	minimal	lane121s003978_shovill	lane122s000601_bin.3.s	M_ala__D_e	0.14814814814814814	0.03	1	0.0044444444444444444
all	minimal	lane121s003978_shovill	lane122s000601_bin.3.s	M_fe3_e	0.14814814814814814	0.02	1	0.002962962962962963
all	minimal	lane121s003978_shovill	lane122s000601_bin.3.s	M_g3pg_e	0.14814814814814814	0.04	1	0.005925925925925926
all	minimal	lane121s003978_shovill	lane122s000601_bin.3.s	M_glyc3p_e	0.14814814814814814	0.13	1	0.019259259259259257
all	minimal	lane121s003978_shovill	lane122s000601_bin.3.s	M_glyc_e	0.14814814814814814	0.73	1	0.10814814814814815
all	minimal	lane121s003978_shovill	lane122s000601_bin.3.s	M_h2s_e	0.14814814814814814	0.35	1	0.05185185185185184
all	minimal	lane121s003978_shovill	lane122s000601_bin.3.s	M_h_e	0.14814814814814814	0.01	1	0.0014814814814814814
all	minimal	lane121s003978_shovill	lane122s000601_bin.3.s	M_leu__L_e	0.14814814814814814	0.01	1	0.0014814814814814814
all	minimal	lane121s003978_shovill	lane122s000601_bin.3.s	M_nh4_e	0.14814814814814814	0.96	1	0.14222222222222222
all	minimal	lane121s003978_shovill	lane122s000601_bin.3.s	M_no2_e	0.14814814814814814	0.01	1	0.0014814814814814814
all	minimal	lane121s003978_shovill	lane122s000601_bin.3.s	M_oxa_e	0.14814814814814814	0.01	1	0.0014814814814814814
all	minimal	lane121s003978_shovill	lane122s000601_bin.3.s	M_pi_e	0.14814814814814814	0.83	1	0.12296296296296295
all	minimal	lane121s003978_shovill	lane122s000601_bin.3.s	M_s_e	0.14814814814814814	0.45	1	0.06666666666666667
all	minimal	lane121s003978_shovill	lane122s000601_bin.4.o	M_acald_e	0.1111111111111111	0.18	1	0.019999999999999997
all	minimal	lane121s003978_shovill	lane122s000601_bin.4.o	M_ala__D_e	0.1111111111111111	0.03	1	0.003333333333333333
all	minimal	lane121s003978_shovill	lane122s000601_bin.4.o	M_fe3_e	0.1111111111111111	0.02	1	0.0022222222222222222
all	minimal	lane121s003978_shovill	lane122s000601_bin.4.o	M_glyc_e	0.1111111111111111	0.73	1	0.0811111111111111
all	minimal	lane121s003978_shovill	lane122s000601_bin.4.o	M_h2s_e	0.1111111111111111	0.35	1	0.03888888888888888
all	minimal	lane121s003978_shovill	lane122s000601_bin.4.o	M_h_e	0.1111111111111111	0.01	1	0.0011111111111111111
all	minimal	lane121s003978_shovill	lane122s000601_bin.4.o	M_leu__L_e	0.1111111111111111	0.01	1	0.0011111111111111111
all	minimal	lane121s003978_shovill	lane122s000601_bin.4.o	M_nh4_e	0.1111111111111111	0.96	1	0.10666666666666666
all	minimal	lane121s003978_shovill	lane122s000601_bin.4.o	M_pi_e	0.1111111111111111	0.83	1	0.09222222222222222
all	minimal	lane121s003978_shovill	lane122s000601_bin.4.o	M_s_e	0.1111111111111111	0.45	1	0.049999999999999996
all	minimal	lane121s003978_shovill	lane122s000601_bin.5.o	M_acald_e	0.1111111111111111	0.18	1	0.019999999999999997
all	minimal	lane121s003978_shovill	lane122s000601_bin.5.o	M_fe3_e	0.1111111111111111	0.02	1	0.0022222222222222222
all	minimal	lane121s003978_shovill	lane122s000601_bin.5.o	M_g3pg_e	0.1111111111111111	0.04	1	0.0044444444444444444
all	minimal	lane121s003978_shovill	lane122s000601_bin.5.o	M_glyc_e	0.1111111111111111	0.73	1	0.0811111111111111
all	minimal	lane121s003978_shovill	lane122s000601_bin.5.o	M_h2s_e	0.1111111111111111	0.35	1	0.03888888888888888
all	minimal	lane121s003978_shovill	lane122s000601_bin.5.o	M_h_e	0.1111111111111111	0.01	1	0.0011111111111111111
all	minimal	lane121s003978_shovill	lane122s000601_bin.5.o	M_nh4_e	0.1111111111111111	0.96	1	0.10666666666666666
all	minimal	lane121s003978_shovill	lane122s000601_bin.5.o	M_oxa_e	0.1111111111111111	0.01	1	0.0011111111111111111
all	minimal	lane121s003978_shovill	lane122s000601_bin.5.o	M_pi_e	0.1111111111111111	0.83	1	0.09222222222222222
all	minimal	lane121s003978_shovill	lane122s000601_bin.6.o	M_acald_e	1.0	0.18	1	0.18
all	minimal	lane121s003978_shovill	lane122s000601_bin.6.o	M_fe3_e	1.0	0.02	1	0.02
all	minimal	lane121s003978_shovill	lane122s000601_bin.6.o	M_glc__D_e	1.0	0.25	1	0.25
all	minimal	lane121s003978_shovill	lane122s000601_bin.6.o	M_glyc_e	1.0	0.73	1	0.73
all	minimal	lane121s003978_shovill	lane122s000601_bin.6.o	M_h2s_e	1.0	0.35	1	0.35
all	minimal	lane121s003978_shovill	lane122s000601_bin.6.o	M_h_e	1.0	0.01	1	0.01
all	minimal	lane121s003978_shovill	lane122s000601_bin.6.o	M_inost_e	1.0	0.02	1	0.02
all	minimal	lane121s003978_shovill	lane122s000601_bin.6.o	M_nh4_e	1.0	0.96	1	0.96
all	minimal	lane121s003978_shovill	lane122s000601_bin.6.o	M_pi_e	1.0	0.83	1	0.83
all	minimal	lane121s003978_shovill	lane122s000601_bin.6.o	M_s_e	1.0	0.45	1	0.45
all	minimal	lane121s003978_shovill	lane122s000601_bin.7.o	M_acald_e	0.1111111111111111	0.18	1	0.019999999999999997
all	minimal	lane121s003978_shovill	lane122s000601_bin.7.o	M_fe3_e	0.1111111111111111	0.02	1	0.0022222222222222222
all	minimal	lane121s003978_shovill	lane122s000601_bin.7.o	M_glyc_e	0.1111111111111111	0.73	1	0.0811111111111111
all	minimal	lane121s003978_shovill	lane122s000601_bin.7.o	M_h2s_e	0.1111111111111111	0.35	1	0.03888888888888888
all	minimal	lane121s003978_shovill	lane122s000601_bin.7.o	M_h_e	0.1111111111111111	0.01	1	0.0011111111111111111
all	minimal	lane121s003978_shovill	lane122s000601_bin.7.o	M_nh4_e	0.1111111111111111	0.96	1	0.10666666666666666
all	minimal	lane121s003978_shovill	lane122s000601_bin.8.s	M_acald_e	0.09876543209876543	0.18	1	0.017777777777777778
all	minimal	lane121s003978_shovill	lane122s000601_bin.8.s	M_fe3_e	0.09876543209876543	0.02	1	0.0019753086419753087
all	minimal	lane121s003978_shovill	lane122s000601_bin.8.s	M_glyc_e	0.09876543209876543	0.73	1	0.07209876543209875
all	minimal	lane121s003978_shovill	lane122s000601_bin.8.s	M_h_e	0.09876543209876543	0.01	1	0.0009876543209876543
all	minimal	lane121s003978_shovill	lane122s000601_bin.8.s	M_nh4_e	0.09876543209876543	0.96	1	0.09481481481481481
all	minimal	lane121s003978_shovill	lane122s000601_bin.8.s	M_oxa_e	0.09876543209876543	0.01	1	0.0009876543209876543
all	minimal	lane121s003978_shovill	lane122s000601_bin.8.s	M_ptrc_e	0.09876543209876543	0.01	1	0.0009876543209876543
all	minimal	lane121s003978_shovill	lane122s000601_bin.9.p	M_acald_e	0.04938271604938271	0.18	1	0.008888888888888889
all	minimal	lane121s003978_shovill	lane122s000601_bin.9.p	M_fe3_e	0.04938271604938271	0.02	1	0.0009876543209876543
all	minimal	lane121s003978_shovill	lane122s000601_bin.9.p	M_h2s_e	0.04938271604938271	0.35	1	0.01728395061728395
all	minimal	lane121s003978_shovill	lane122s000601_bin.9.p	M_h_e	0.04938271604938271	0.01	1	0.0004938271604938272
all	minimal	lane121s003978_shovill	lane122s000601_bin.9.p	M_inost_e	0.04938271604938271	0.02	1	0.0009876543209876543
all	minimal	lane121s003978_shovill	lane122s000601_bin.9.p	M_nh4_e	0.04938271604938271	0.96	1	0.047407407407407405
all	minimal	lane121s003979_bin.1.s	lane121s003976_shovill	M_acald_e	0.1111111111111111	0.06	1	0.006666666666666666
all	minimal	lane121s003979_bin.1.s	lane121s003976_shovill	M_actn__R_e	0.1111111111111111	0.02	1	0.0022222222222222222
all	minimal	lane121s003979_bin.1.s	lane121s003976_shovill	M_etoh_e	0.1111111111111111	0.01	1	0.0011111111111111111
all	minimal	lane121s003979_bin.1.s	lane121s003976_shovill	M_glc__D_e	0.1111111111111111	0.14	1	0.015555555555555557
all	minimal	lane121s003979_bin.1.s	lane121s003976_shovill	M_glyc_e	0.1111111111111111	0.48	1	0.05333333333333333
all	minimal	lane121s003979_bin.1.s	lane121s003976_shovill	M_glyclt_e	0.1111111111111111	0.01	1	0.0011111111111111111
all	minimal	lane121s003979_bin.1.s	lane121s003976_shovill	M_h2s_e	0.1111111111111111	0.29	1	0.03222222222222222
all	minimal	lane121s003979_bin.1.s	lane121s003976_shovill	M_h_e	0.1111111111111111	0.38	1	0.042222222222222223
all	minimal	lane121s003979_bin.1.s	lane121s003976_shovill	M_lys__L_e	0.1111111111111111	0.01	1	0.0011111111111111111
all	minimal	lane121s003979_bin.1.s	lane121s003976_shovill	M_nh4_e	0.1111111111111111	0.43	1	0.04777777777777777
all	minimal	lane121s003979_bin.1.s	lane121s003976_shovill	M_no2_e	0.1111111111111111	0.12	1	0.013333333333333332
all	minimal	lane121s003979_bin.1.s	lane121s003976_shovill	M_s_e	0.1111111111111111	0.27	1	0.03
all	minimal	lane121s003979_bin.1.s	lane121s003978_shovill	M_acald_e	0.06060606060606061	0.06	1	0.0036363636363636364
all	minimal	lane121s003979_bin.1.s	lane121s003978_shovill	M_etoh_e	0.06060606060606061	0.01	1	0.0006060606060606061
all	minimal	lane121s003979_bin.1.s	lane121s003978_shovill	M_glc__D_e	0.06060606060606061	0.14	1	0.008484848484848486
all	minimal	lane121s003979_bin.1.s	lane121s003978_shovill	M_glyc_e	0.06060606060606061	0.48	1	0.02909090909090909
all	minimal	lane121s003979_bin.1.s	lane121s003978_shovill	M_h2s_e	0.06060606060606061	0.29	1	0.017575757575757574
all	minimal	lane121s003979_bin.1.s	lane121s003978_shovill	M_h_e	0.06060606060606061	0.38	1	0.023030303030303033
all	minimal	lane121s003979_bin.1.s	lane121s003978_shovill	M_lys__L_e	0.06060606060606061	0.01	1	0.0006060606060606061
all	minimal	lane121s003979_bin.1.s	lane121s003978_shovill	M_nh4_e	0.06060606060606061	0.43	1	0.026060606060606062
all	minimal	lane121s003979_bin.1.s	lane121s003978_shovill	M_ptrc_e	0.06060606060606061	0.03	1	0.0018181818181818182
all	minimal	lane121s003979_bin.1.s	lane121s003978_shovill	M_s_e	0.06060606060606061	0.27	1	0.016363636363636365
all	minimal	lane121s003979_bin.1.s	lane121s003996_shovill	M_acald_e	0.09090909090909091	0.06	1	0.005454545454545454
all	minimal	lane121s003979_bin.1.s	lane121s003996_shovill	M_actn__R_e	0.09090909090909091	0.02	1	0.0018181818181818182
all	minimal	lane121s003979_bin.1.s	lane121s003996_shovill	M_ala__D_e	0.09090909090909091	0.03	1	0.002727272727272727
all	minimal	lane121s003979_bin.1.s	lane121s003996_shovill	M_etoh_e	0.09090909090909091	0.01	1	0.0009090909090909091
all	minimal	lane121s003979_bin.1.s	lane121s003996_shovill	M_for_e	0.09090909090909091	0.03	1	0.002727272727272727
all	minimal	lane121s003979_bin.1.s	lane121s003996_shovill	M_glc__D_e	0.09090909090909091	0.14	1	0.01272727272727273
all	minimal	lane121s003979_bin.1.s	lane121s003996_shovill	M_glyc_e	0.09090909090909091	0.48	1	0.04363636363636363
all	minimal	lane121s003979_bin.1.s	lane121s003996_shovill	M_h2s_e	0.09090909090909091	0.29	1	0.026363636363636363
all	minimal	lane121s003979_bin.1.s	lane121s003996_shovill	M_h_e	0.09090909090909091	0.38	1	0.034545454545454546
all	minimal	lane121s003979_bin.1.s	lane121s003996_shovill	M_lys__L_e	0.09090909090909091	0.01	1	0.0009090909090909091
all	minimal	lane121s003979_bin.1.s	lane121s003996_shovill	M_nh4_e	0.09090909090909091	0.43	1	0.03909090909090909
all	minimal	lane121s003979_bin.1.s	lane121s003996_shovill	M_s_e	0.09090909090909091	0.27	1	0.024545454545454547
all	minimal	lane121s003979_bin.1.s	lane122s000517_bin.1.p	M_acald_e	0.08080808080808081	0.06	1	0.0048484848484848485
all	minimal	lane121s003979_bin.1.s	lane122s000517_bin.1.p	M_actn__R_e	0.08080808080808081	0.02	1	0.0016161616161616164
all	minimal	lane121s003979_bin.1.s	lane122s000517_bin.1.p	M_ala__D_e	0.08080808080808081	0.03	1	0.0024242424242424242
all	minimal	lane121s003979_bin.1.s	lane122s000517_bin.1.p	M_etoh_e	0.08080808080808081	0.01	1	0.0008080808080808082
all	minimal	lane121s003979_bin.1.s	lane122s000517_bin.1.p	M_glc__D_e	0.08080808080808081	0.14	1	0.011313131313131315
all	minimal	lane121s003979_bin.1.s	lane122s000517_bin.1.p	M_glyc_e	0.08080808080808081	0.48	1	0.03878787878787879
all	minimal	lane121s003979_bin.1.s	lane122s000517_bin.1.p	M_h2s_e	0.08080808080808081	0.29	1	0.023434343434343436
all	minimal	lane121s003979_bin.1.s	lane122s000517_bin.1.p	M_h_e	0.08080808080808081	0.38	1	0.03070707070707071
all	minimal	lane121s003979_bin.1.s	lane122s000517_bin.1.p	M_lys__L_e	0.08080808080808081	0.01	1	0.0008080808080808082
all	minimal	lane121s003979_bin.1.s	lane122s000517_bin.1.p	M_nh4_e	0.08080808080808081	0.43	1	0.03474747474747475
all	minimal	lane121s003979_bin.1.s	lane122s000517_bin.1.p	M_s_e	0.08080808080808081	0.27	1	0.02181818181818182
all	minimal	lane121s003979_bin.1.s	lane122s000517_bin.2.s	M_acald_e	0.16161616161616163	0.06	1	0.009696969696969697
all	minimal	lane121s003979_bin.1.s	lane122s000517_bin.2.s	M_ala__D_e	0.16161616161616163	0.03	1	0.0048484848484848485
all	minimal	lane121s003979_bin.1.s	lane122s000517_bin.2.s	M_asp__L_e	0.16161616161616163	0.01	1	0.0016161616161616164
all	minimal	lane121s003979_bin.1.s	lane122s000517_bin.2.s	M_etoh_e	0.16161616161616163	0.01	1	0.0016161616161616164
all	minimal	lane121s003979_bin.1.s	lane122s000517_bin.2.s	M_glyc_e	0.16161616161616163	0.48	1	0.07757575757575758
all	minimal	lane121s003979_bin.1.s	lane122s000517_bin.2.s	M_h2s_e	0.16161616161616163	0.29	1	0.04686868686868687
all	minimal	lane121s003979_bin.1.s	lane122s000517_bin.2.s	M_h_e	0.16161616161616163	0.38	1	0.06141414141414142
all	minimal	lane121s003979_bin.1.s	lane122s000517_bin.2.s	M_hom__L_e	0.16161616161616163	0.36	1	0.05818181818181818
all	minimal	lane121s003979_bin.1.s	lane122s000517_bin.2.s	M_lys__L_e	0.16161616161616163	0.01	1	0.0016161616161616164
all	minimal	lane121s003979_bin.1.s	lane122s000517_bin.2.s	M_nh4_e	0.16161616161616163	0.43	1	0.0694949494949495
all	minimal	lane121s003979_bin.1.s	lane122s000517_bin.2.s	M_pi_e	0.16161616161616163	0.95	1	0.15353535353535355
all	minimal	lane121s003979_bin.1.s	lane122s000531_bin.1.o	M_acald_e	0.16161616161616163	0.06	1	0.009696969696969697
all	minimal	lane121s003979_bin.1.s	lane122s000531_bin.1.o	M_etoh_e	0.16161616161616163	0.01	1	0.0016161616161616164
all	minimal	lane121s003979_bin.1.s	lane122s000531_bin.1.o	M_for_e	0.16161616161616163	0.03	1	0.0048484848484848485
all	minimal	lane121s003979_bin.1.s	lane122s000531_bin.1.o	M_glyc_e	0.16161616161616163	0.48	1	0.07757575757575758
all	minimal	lane121s003979_bin.1.s	lane122s000531_bin.1.o	M_h2s_e	0.16161616161616163	0.29	1	0.04686868686868687
all	minimal	lane121s003979_bin.1.s	lane122s000531_bin.1.o	M_h_e	0.16161616161616163	0.38	1	0.06141414141414142
all	minimal	lane121s003979_bin.1.s	lane122s000531_bin.1.o	M_hom__L_e	0.16161616161616163	0.36	1	0.05818181818181818
all	minimal	lane121s003979_bin.1.s	lane122s000531_bin.1.o	M_lys__L_e	0.16161616161616163	0.01	1	0.0016161616161616164
all	minimal	lane121s003979_bin.1.s	lane122s000531_bin.1.o	M_nh4_e	0.16161616161616163	0.43	1	0.0694949494949495
all	minimal	lane121s003979_bin.1.s	lane122s000536_megahit	M_acald_e	0.16161616161616163	0.06	1	0.009696969696969697
all	minimal	lane121s003979_bin.1.s	lane122s000536_megahit	M_asp__L_e	0.16161616161616163	0.01	1	0.0016161616161616164
all	minimal	lane121s003979_bin.1.s	lane122s000536_megahit	M_etoh_e	0.16161616161616163	0.01	1	0.0016161616161616164
all	minimal	lane121s003979_bin.1.s	lane122s000536_megahit	M_glyc_e	0.16161616161616163	0.48	1	0.07757575757575758
all	minimal	lane121s003979_bin.1.s	lane122s000536_megahit	M_h2s_e	0.16161616161616163	0.29	1	0.04686868686868687
all	minimal	lane121s003979_bin.1.s	lane122s000536_megahit	M_h_e	0.16161616161616163	0.38	1	0.06141414141414142
all	minimal	lane121s003979_bin.1.s	lane122s000536_megahit	M_hom__L_e	0.16161616161616163	0.36	1	0.05818181818181818
all	minimal	lane121s003979_bin.1.s	lane122s000536_megahit	M_lys__L_e	0.16161616161616163	0.01	1	0.0016161616161616164
all	minimal	lane121s003979_bin.1.s	lane122s000536_megahit	M_nh4_e	0.16161616161616163	0.43	1	0.0694949494949495
all	minimal	lane121s003979_bin.1.s	lane122s000536_megahit	M_s_e	0.16161616161616163	0.27	1	0.04363636363636364
all	minimal	lane121s003979_bin.1.s	lane122s000601_bin.10.s	M_acald_e	0.16161616161616163	0.06	1	0.009696969696969697
all	minimal	lane121s003979_bin.1.s	lane122s000601_bin.10.s	M_ala__D_e	0.16161616161616163	0.03	1	0.0048484848484848485
all	minimal	lane121s003979_bin.1.s	lane122s000601_bin.10.s	M_etoh_e	0.16161616161616163	0.01	1	0.0016161616161616164
all	minimal	lane121s003979_bin.1.s	lane122s000601_bin.10.s	M_for_e	0.16161616161616163	0.03	1	0.0048484848484848485
all	minimal	lane121s003979_bin.1.s	lane122s000601_bin.10.s	M_g3pe_e	0.16161616161616163	0.03	1	0.0048484848484848485
all	minimal	lane121s003979_bin.1.s	lane122s000601_bin.10.s	M_glyc3p_e	0.16161616161616163	0.02	1	0.0032323232323232328
all	minimal	lane121s003979_bin.1.s	lane122s000601_bin.10.s	M_glyc_e	0.16161616161616163	0.48	1	0.07757575757575758
all	minimal	lane121s003979_bin.1.s	lane122s000601_bin.10.s	M_glyclt_e	0.16161616161616163	0.01	1	0.0016161616161616164
all	minimal	lane121s003979_bin.1.s	lane122s000601_bin.10.s	M_h2s_e	0.16161616161616163	0.29	1	0.04686868686868687
all	minimal	lane121s003979_bin.1.s	lane122s000601_bin.10.s	M_h_e	0.16161616161616163	0.38	1	0.06141414141414142
all	minimal	lane121s003979_bin.1.s	lane122s000601_bin.10.s	M_lys__L_e	0.16161616161616163	0.01	1	0.0016161616161616164
all	minimal	lane121s003979_bin.1.s	lane122s000601_bin.10.s	M_nh4_e	0.16161616161616163	0.43	1	0.0694949494949495
all	minimal	lane121s003979_bin.1.s	lane122s000601_bin.10.s	M_pi_e	0.16161616161616163	0.95	1	0.15353535353535355
all	minimal	lane121s003979_bin.1.s	lane122s000601_bin.10.s	M_s_e	0.16161616161616163	0.27	1	0.04363636363636364
all	minimal	lane121s003979_bin.1.s	lane122s000601_bin.1.o	M_acald_e	0.16161616161616163	0.06	1	0.009696969696969697
all	minimal	lane121s003979_bin.1.s	lane122s000601_bin.1.o	M_etoh_e	0.16161616161616163	0.01	1	0.0016161616161616164
all	minimal	lane121s003979_bin.1.s	lane122s000601_bin.1.o	M_glyc_e	0.16161616161616163	0.48	1	0.07757575757575758
all	minimal	lane121s003979_bin.1.s	lane122s000601_bin.1.o	M_h2s_e	0.16161616161616163	0.29	1	0.04686868686868687
all	minimal	lane121s003979_bin.1.s	lane122s000601_bin.1.o	M_h_e	0.16161616161616163	0.38	1	0.06141414141414142
all	minimal	lane121s003979_bin.1.s	lane122s000601_bin.1.o	M_hom__L_e	0.16161616161616163	0.36	1	0.05818181818181818
all	minimal	lane121s003979_bin.1.s	lane122s000601_bin.1.o	M_nh4_e	0.16161616161616163	0.43	1	0.0694949494949495
all	minimal	lane121s003979_bin.1.s	lane122s000601_bin.1.o	M_s_e	0.16161616161616163	0.27	1	0.04363636363636364
all	minimal	lane121s003979_bin.1.s	lane122s000601_bin.2.o	M_acald_e	0.1111111111111111	0.06	1	0.006666666666666666
all	minimal	lane121s003979_bin.1.s	lane122s000601_bin.2.o	M_actn__R_e	0.1111111111111111	0.02	1	0.0022222222222222222
all	minimal	lane121s003979_bin.1.s	lane122s000601_bin.2.o	M_etoh_e	0.1111111111111111	0.01	1	0.0011111111111111111
all	minimal	lane121s003979_bin.1.s	lane122s000601_bin.2.o	M_glyc_e	0.1111111111111111	0.48	1	0.05333333333333333
all	minimal	lane121s003979_bin.1.s	lane122s000601_bin.2.o	M_glyclt_e	0.1111111111111111	0.01	1	0.0011111111111111111
all	minimal	lane121s003979_bin.1.s	lane122s000601_bin.2.o	M_h2s_e	0.1111111111111111	0.29	1	0.03222222222222222
all	minimal	lane121s003979_bin.1.s	lane122s000601_bin.2.o	M_h_e	0.1111111111111111	0.38	1	0.042222222222222223
all	minimal	lane121s003979_bin.1.s	lane122s000601_bin.2.o	M_nh4_e	0.1111111111111111	0.43	1	0.04777777777777777
all	minimal	lane121s003979_bin.1.s	lane122s000601_bin.3.s	M_acald_e	0.12121212121212122	0.06	1	0.007272727272727273
all	minimal	lane121s003979_bin.1.s	lane122s000601_bin.3.s	M_ala__D_e	0.12121212121212122	0.03	1	0.0036363636363636364
all	minimal	lane121s003979_bin.1.s	lane122s000601_bin.3.s	M_asp__L_e	0.12121212121212122	0.01	1	0.0012121212121212121
all	minimal	lane121s003979_bin.1.s	lane122s000601_bin.3.s	M_etoh_e	0.12121212121212122	0.01	1	0.0012121212121212121
all	minimal	lane121s003979_bin.1.s	lane122s000601_bin.3.s	M_for_e	0.12121212121212122	0.03	1	0.0036363636363636364
all	minimal	lane121s003979_bin.1.s	lane122s000601_bin.3.s	M_g3pe_e	0.12121212121212122	0.03	1	0.0036363636363636364
all	minimal	lane121s003979_bin.1.s	lane122s000601_bin.3.s	M_glyc3p_e	0.12121212121212122	0.02	1	0.0024242424242424242
all	minimal	lane121s003979_bin.1.s	lane122s000601_bin.3.s	M_glyc_e	0.12121212121212122	0.48	1	0.05818181818181818
all	minimal	lane121s003979_bin.1.s	lane122s000601_bin.3.s	M_h2s_e	0.12121212121212122	0.29	1	0.03515151515151515
all	minimal	lane121s003979_bin.1.s	lane122s000601_bin.3.s	M_h_e	0.12121212121212122	0.38	1	0.046060606060606066
all	minimal	lane121s003979_bin.1.s	lane122s000601_bin.3.s	M_hom__L_e	0.12121212121212122	0.36	1	0.04363636363636363
all	minimal	lane121s003979_bin.1.s	lane122s000601_bin.3.s	M_nh4_e	0.12121212121212122	0.43	1	0.052121212121212124
all	minimal	lane121s003979_bin.1.s	lane122s000601_bin.3.s	M_no2_e	0.12121212121212122	0.12	1	0.014545454545454545
all	minimal	lane121s003979_bin.1.s	lane122s000601_bin.3.s	M_pi_e	0.12121212121212122	0.95	1	0.11515151515151514
all	minimal	lane121s003979_bin.1.s	lane122s000601_bin.3.s	M_s_e	0.12121212121212122	0.27	1	0.03272727272727273
all	minimal	lane121s003979_bin.1.s	lane122s000601_bin.3.s	M_thr__L_e	0.12121212121212122	0.01	1	0.0012121212121212121
all	minimal	lane121s003979_bin.1.s	lane122s000601_bin.4.o	M_acald_e	0.1111111111111111	0.06	1	0.006666666666666666
all	minimal	lane121s003979_bin.1.s	lane122s000601_bin.4.o	M_ala__D_e	0.1111111111111111	0.03	1	0.003333333333333333
all	minimal	lane121s003979_bin.1.s	lane122s000601_bin.4.o	M_etoh_e	0.1111111111111111	0.01	1	0.0011111111111111111
all	minimal	lane121s003979_bin.1.s	lane122s000601_bin.4.o	M_for_e	0.1111111111111111	0.03	1	0.003333333333333333
all	minimal	lane121s003979_bin.1.s	lane122s000601_bin.4.o	M_g3pe_e	0.1111111111111111	0.03	1	0.003333333333333333
all	minimal	lane121s003979_bin.1.s	lane122s000601_bin.4.o	M_glyc_e	0.1111111111111111	0.48	1	0.05333333333333333
all	minimal	lane121s003979_bin.1.s	lane122s000601_bin.4.o	M_h2s_e	0.1111111111111111	0.29	1	0.03222222222222222
all	minimal	lane121s003979_bin.1.s	lane122s000601_bin.4.o	M_h_e	0.1111111111111111	0.38	1	0.042222222222222223
all	minimal	lane121s003979_bin.1.s	lane122s000601_bin.4.o	M_hom__L_e	0.1111111111111111	0.36	1	0.039999999999999994
all	minimal	lane121s003979_bin.1.s	lane122s000601_bin.4.o	M_lys__L_e	0.1111111111111111	0.01	1	0.0011111111111111111
all	minimal	lane121s003979_bin.1.s	lane122s000601_bin.4.o	M_nh4_e	0.1111111111111111	0.43	1	0.04777777777777777
all	minimal	lane121s003979_bin.1.s	lane122s000601_bin.4.o	M_pi_e	0.1111111111111111	0.95	1	0.10555555555555554
all	minimal	lane121s003979_bin.1.s	lane122s000601_bin.4.o	M_s_e	0.1111111111111111	0.27	1	0.03
all	minimal	lane121s003979_bin.1.s	lane122s000601_bin.5.o	M_acald_e	0.16161616161616163	0.06	1	0.009696969696969697
all	minimal	lane121s003979_bin.1.s	lane122s000601_bin.5.o	M_etoh_e	0.16161616161616163	0.01	1	0.0016161616161616164
all	minimal	lane121s003979_bin.1.s	lane122s000601_bin.5.o	M_for_e	0.16161616161616163	0.03	1	0.0048484848484848485
all	minimal	lane121s003979_bin.1.s	lane122s000601_bin.5.o	M_g3pe_e	0.16161616161616163	0.03	1	0.0048484848484848485
all	minimal	lane121s003979_bin.1.s	lane122s000601_bin.5.o	M_glyc_e	0.16161616161616163	0.48	1	0.07757575757575758
all	minimal	lane121s003979_bin.1.s	lane122s000601_bin.5.o	M_h2s_e	0.16161616161616163	0.29	1	0.04686868686868687
all	minimal	lane121s003979_bin.1.s	lane122s000601_bin.5.o	M_h_e	0.16161616161616163	0.38	1	0.06141414141414142
all	minimal	lane121s003979_bin.1.s	lane122s000601_bin.5.o	M_hom__L_e	0.16161616161616163	0.36	1	0.05818181818181818
all	minimal	lane121s003979_bin.1.s	lane122s000601_bin.5.o	M_nh4_e	0.16161616161616163	0.43	1	0.0694949494949495
all	minimal	lane121s003979_bin.1.s	lane122s000601_bin.5.o	M_pi_e	0.16161616161616163	0.95	1	0.15353535353535355
all	minimal	lane121s003979_bin.1.s	lane122s000601_bin.6.o	M_acald_e	1.0	0.06	1	0.06
all	minimal	lane121s003979_bin.1.s	lane122s000601_bin.6.o	M_etoh_e	1.0	0.01	1	0.01
all	minimal	lane121s003979_bin.1.s	lane122s000601_bin.6.o	M_glc__D_e	1.0	0.14	1	0.14
all	minimal	lane121s003979_bin.1.s	lane122s000601_bin.6.o	M_glyc_e	1.0	0.48	1	0.48
all	minimal	lane121s003979_bin.1.s	lane122s000601_bin.6.o	M_glyclt_e	1.0	0.01	1	0.01
all	minimal	lane121s003979_bin.1.s	lane122s000601_bin.6.o	M_h2s_e	1.0	0.29	1	0.29
all	minimal	lane121s003979_bin.1.s	lane122s000601_bin.6.o	M_h_e	1.0	0.38	1	0.38
all	minimal	lane121s003979_bin.1.s	lane122s000601_bin.6.o	M_lys__L_e	1.0	0.01	1	0.01
all	minimal	lane121s003979_bin.1.s	lane122s000601_bin.6.o	M_nh4_e	1.0	0.43	1	0.43
all	minimal	lane121s003979_bin.1.s	lane122s000601_bin.6.o	M_pi_e	1.0	0.95	1	0.95
all	minimal	lane121s003979_bin.1.s	lane122s000601_bin.6.o	M_s_e	1.0	0.27	1	0.27
all	minimal	lane121s003979_bin.1.s	lane122s000601_bin.7.o	M_acald_e	0.1111111111111111	0.06	1	0.006666666666666666
all	minimal	lane121s003979_bin.1.s	lane122s000601_bin.7.o	M_glyc_e	0.1111111111111111	0.48	1	0.05333333333333333
all	minimal	lane121s003979_bin.1.s	lane122s000601_bin.7.o	M_h2s_e	0.1111111111111111	0.29	1	0.03222222222222222
all	minimal	lane121s003979_bin.1.s	lane122s000601_bin.7.o	M_h_e	0.1111111111111111	0.38	1	0.042222222222222223
all	minimal	lane121s003979_bin.1.s	lane122s000601_bin.7.o	M_nh4_e	0.1111111111111111	0.43	1	0.04777777777777777
all	minimal	lane121s003979_bin.1.s	lane122s000601_bin.8.s	M_4abz_e	0.10101010101010101	0.03	1	0.0030303030303030303
all	minimal	lane121s003979_bin.1.s	lane122s000601_bin.8.s	M_acald_e	0.10101010101010101	0.06	1	0.006060606060606061
all	minimal	lane121s003979_bin.1.s	lane122s000601_bin.8.s	M_glyc_e	0.10101010101010101	0.48	1	0.048484848484848485
all	minimal	lane121s003979_bin.1.s	lane122s000601_bin.8.s	M_h_e	0.10101010101010101	0.38	1	0.03838383838383838
all	minimal	lane121s003979_bin.1.s	lane122s000601_bin.8.s	M_nh4_e	0.10101010101010101	0.43	1	0.04343434343434343
all	minimal	lane121s003979_bin.1.s	lane122s000601_bin.8.s	M_ptrc_e	0.10101010101010101	0.03	1	0.0030303030303030303
all	minimal	lane121s003979_bin.1.s	lane122s000601_bin.9.p	M_4abz_e	0.0707070707070707	0.03	1	0.002121212121212121
all	minimal	lane121s003979_bin.1.s	lane122s000601_bin.9.p	M_acald_e	0.0707070707070707	0.06	1	0.004242424242424242
all	minimal	lane121s003979_bin.1.s	lane122s000601_bin.9.p	M_h2s_e	0.0707070707070707	0.29	1	0.020505050505050502
all	minimal	lane121s003979_bin.1.s	lane122s000601_bin.9.p	M_h_e	0.0707070707070707	0.38	1	0.026868686868686868
all	minimal	lane121s003979_bin.1.s	lane122s000601_bin.9.p	M_hom__L_e	0.0707070707070707	0.36	1	0.025454545454545452
all	minimal	lane121s003979_bin.1.s	lane122s000601_bin.9.p	M_nh4_e	0.0707070707070707	0.43	1	0.030404040404040402
all	minimal	lane121s003996_shovill	lane121s003976_shovill	M_acald_e	0.11	0.07	1	0.007700000000000001
all	minimal	lane121s003996_shovill	lane121s003976_shovill	M_etoh_e	0.11	0.03	1	0.0033
all	minimal	lane121s003996_shovill	lane121s003976_shovill	M_fe3_e	0.11	0.01	1	0.0011
all	minimal	lane121s003996_shovill	lane121s003976_shovill	M_glc__D_e	0.11	0.09	1	0.009899999999999999
all	minimal	lane121s003996_shovill	lane121s003976_shovill	M_glyc_e	0.11	0.63	1	0.0693
all	minimal	lane121s003996_shovill	lane121s003976_shovill	M_glyclt_e	0.11	0.01	1	0.0011
all	minimal	lane121s003996_shovill	lane121s003976_shovill	M_h_e	0.11	0.15	1	0.0165
all	minimal	lane121s003996_shovill	lane121s003976_shovill	M_nh4_e	0.11	0.82	1	0.09019999999999999
all	minimal	lane121s003996_shovill	lane121s003976_shovill	M_s_e	0.11	0.02	1	0.0022
all	minimal	lane121s003996_shovill	lane121s003978_shovill	M_acald_e	0.08	0.07	1	0.005600000000000001
all	minimal	lane121s003996_shovill	lane121s003978_shovill	M_etoh_e	0.08	0.03	1	0.0024
all	minimal	lane121s003996_shovill	lane121s003978_shovill	M_fe3_e	0.08	0.01	1	0.0008
all	minimal	lane121s003996_shovill	lane121s003978_shovill	M_glc__D_e	0.08	0.09	1	0.0072
all	minimal	lane121s003996_shovill	lane121s003978_shovill	M_glyc_e	0.08	0.63	1	0.0504
all	minimal	lane121s003996_shovill	lane121s003978_shovill	M_h_e	0.08	0.15	1	0.012
all	minimal	lane121s003996_shovill	lane121s003978_shovill	M_nh4_e	0.08	0.82	1	0.06559999999999999
all	minimal	lane121s003996_shovill	lane121s003978_shovill	M_s_e	0.08	0.02	1	0.0016
all	minimal	lane121s003996_shovill	lane121s003979_bin.1.s	M_acald_e	0.09	0.07	1	0.0063
all	minimal	lane121s003996_shovill	lane121s003979_bin.1.s	M_etoh_e	0.09	0.03	1	0.0026999999999999997
all	minimal	lane121s003996_shovill	lane121s003979_bin.1.s	M_fe3_e	0.09	0.01	1	0.0009
all	minimal	lane121s003996_shovill	lane121s003979_bin.1.s	M_glc__D_e	0.09	0.09	1	0.0081
all	minimal	lane121s003996_shovill	lane121s003979_bin.1.s	M_glyc_e	0.09	0.63	1	0.0567
all	minimal	lane121s003996_shovill	lane121s003979_bin.1.s	M_h_e	0.09	0.15	1	0.0135
all	minimal	lane121s003996_shovill	lane121s003979_bin.1.s	M_lac__L_e	0.09	0.02	1	0.0018
all	minimal	lane121s003996_shovill	lane121s003979_bin.1.s	M_nh4_e	0.09	0.82	1	0.07379999999999999
all	minimal	lane121s003996_shovill	lane121s003979_bin.1.s	M_pi_e	0.09	0.84	1	0.0756
all	minimal	lane121s003996_shovill	lane121s003979_bin.1.s	M_s_e	0.09	0.02	1	0.0018
all	minimal	lane121s003996_shovill	lane122s000517_bin.1.p	M_acald_e	0.07	0.07	1	0.004900000000000001
all	minimal	lane121s003996_shovill	lane122s000517_bin.1.p	M_ala__D_e	0.07	0.05	1	0.0035000000000000005
all	minimal	lane121s003996_shovill	lane122s000517_bin.1.p	M_etoh_e	0.07	0.03	1	0.0021000000000000003
all	minimal	lane121s003996_shovill	lane122s000517_bin.1.p	M_fe3_e	0.07	0.01	1	0.0007000000000000001
all	minimal	lane121s003996_shovill	lane122s000517_bin.1.p	M_glc__D_e	0.07	0.09	1	0.0063
all	minimal	lane121s003996_shovill	lane122s000517_bin.1.p	M_glyc_e	0.07	0.63	1	0.04410000000000001
all	minimal	lane121s003996_shovill	lane122s000517_bin.1.p	M_h_e	0.07	0.15	1	0.0105
all	minimal	lane121s003996_shovill	lane122s000517_bin.1.p	M_nh4_e	0.07	0.82	1	0.0574
all	minimal	lane121s003996_shovill	lane122s000517_bin.1.p	M_s_e	0.07	0.02	1	0.0014000000000000002
all	minimal	lane121s003996_shovill	lane122s000517_bin.2.s	M_acald_e	0.16	0.07	1	0.011200000000000002
all	minimal	lane121s003996_shovill	lane122s000517_bin.2.s	M_ala__D_e	0.16	0.05	1	0.008
all	minimal	lane121s003996_shovill	lane122s000517_bin.2.s	M_etoh_e	0.16	0.03	1	0.0048
all	minimal	lane121s003996_shovill	lane122s000517_bin.2.s	M_fe3_e	0.16	0.01	1	0.0016
all	minimal	lane121s003996_shovill	lane122s000517_bin.2.s	M_glyc_e	0.16	0.63	1	0.1008
all	minimal	lane121s003996_shovill	lane122s000517_bin.2.s	M_h_e	0.16	0.15	1	0.024
all	minimal	lane121s003996_shovill	lane122s000517_bin.2.s	M_nh4_e	0.16	0.82	1	0.13119999999999998
all	minimal	lane121s003996_shovill	lane122s000517_bin.2.s	M_oxa_e	0.16	0.01	1	0.0016
all	minimal	lane121s003996_shovill	lane122s000517_bin.2.s	M_pi_e	0.16	0.84	1	0.1344
all	minimal	lane121s003996_shovill	lane122s000531_bin.1.o	M_acald_e	0.16	0.07	1	0.011200000000000002
all	minimal	lane121s003996_shovill	lane122s000531_bin.1.o	M_etoh_e	0.16	0.03	1	0.0048
all	minimal	lane121s003996_shovill	lane122s000531_bin.1.o	M_fe3_e	0.16	0.01	1	0.0016
all	minimal	lane121s003996_shovill	lane122s000531_bin.1.o	M_glyc_e	0.16	0.63	1	0.1008
all	minimal	lane121s003996_shovill	lane122s000531_bin.1.o	M_h_e	0.16	0.15	1	0.024
all	minimal	lane121s003996_shovill	lane122s000531_bin.1.o	M_nh4_e	0.16	0.82	1	0.13119999999999998
all	minimal	lane121s003996_shovill	lane122s000531_bin.1.o	M_oxa_e	0.16	0.01	1	0.0016
all	minimal	lane121s003996_shovill	lane122s000536_megahit	M_acald_e	0.11	0.07	1	0.007700000000000001
all	minimal	lane121s003996_shovill	lane122s000536_megahit	M_etoh_e	0.11	0.03	1	0.0033
all	minimal	lane121s003996_shovill	lane122s000536_megahit	M_fe3_e	0.11	0.01	1	0.0011
all	minimal	lane121s003996_shovill	lane122s000536_megahit	M_glyc_e	0.11	0.63	1	0.0693
all	minimal	lane121s003996_shovill	lane122s000536_megahit	M_h_e	0.11	0.15	1	0.0165
all	minimal	lane121s003996_shovill	lane122s000536_megahit	M_nh4_e	0.11	0.82	1	0.09019999999999999
all	minimal	lane121s003996_shovill	lane122s000536_megahit	M_s_e	0.11	0.02	1	0.0022
all	minimal	lane121s003996_shovill	lane122s000601_bin.10.s	M_acald_e	0.16	0.07	1	0.011200000000000002
all	minimal	lane121s003996_shovill	lane122s000601_bin.10.s	M_ala__D_e	0.16	0.05	1	0.008
all	minimal	lane121s003996_shovill	lane122s000601_bin.10.s	M_alaala_e	0.16	0.01	1	0.0016
all	minimal	lane121s003996_shovill	lane122s000601_bin.10.s	M_etoh_e	0.16	0.03	1	0.0048
all	minimal	lane121s003996_shovill	lane122s000601_bin.10.s	M_fe3_e	0.16	0.01	1	0.0016
all	minimal	lane121s003996_shovill	lane122s000601_bin.10.s	M_glyc3p_e	0.16	0.16	1	0.0256
all	minimal	lane121s003996_shovill	lane122s000601_bin.10.s	M_glyc_e	0.16	0.63	1	0.1008
all	minimal	lane121s003996_shovill	lane122s000601_bin.10.s	M_glyclt_e	0.16	0.01	1	0.0016
all	minimal	lane121s003996_shovill	lane122s000601_bin.10.s	M_h_e	0.16	0.15	1	0.024
all	minimal	lane121s003996_shovill	lane122s000601_bin.10.s	M_mal__L_e	0.16	0.02	1	0.0032
all	minimal	lane121s003996_shovill	lane122s000601_bin.10.s	M_nh4_e	0.16	0.82	1	0.13119999999999998
all	minimal	lane121s003996_shovill	lane122s000601_bin.10.s	M_oxa_e	0.16	0.01	1	0.0016
all	minimal	lane121s003996_shovill	lane122s000601_bin.10.s	M_pi_e	0.16	0.84	1	0.1344
all	minimal	lane121s003996_shovill	lane122s000601_bin.10.s	M_s_e	0.16	0.02	1	0.0032
all	minimal	lane121s003996_shovill	lane122s000601_bin.1.o	M_acald_e	0.1	0.07	1	0.007000000000000001
all	minimal	lane121s003996_shovill	lane122s000601_bin.1.o	M_etoh_e	0.1	0.03	1	0.003
all	minimal	lane121s003996_shovill	lane122s000601_bin.1.o	M_fe3_e	0.1	0.01	1	0.001
all	minimal	lane121s003996_shovill	lane122s000601_bin.1.o	M_glyc_e	0.1	0.63	1	0.063
all	minimal	lane121s003996_shovill	lane122s000601_bin.1.o	M_h_e	0.1	0.15	1	0.015
all	minimal	lane121s003996_shovill	lane122s000601_bin.1.o	M_nh4_e	0.1	0.82	1	0.082
all	minimal	lane121s003996_shovill	lane122s000601_bin.1.o	M_s_e	0.1	0.02	1	0.002
all	minimal	lane121s003996_shovill	lane122s000601_bin.2.o	M_acald_e	0.16	0.07	1	0.011200000000000002
all	minimal	lane121s003996_shovill	lane122s000601_bin.2.o	M_etoh_e	0.16	0.03	1	0.0048
all	minimal	lane121s003996_shovill	lane122s000601_bin.2.o	M_fe3_e	0.16	0.01	1	0.0016
all	minimal	lane121s003996_shovill	lane122s000601_bin.2.o	M_glyc_e	0.16	0.63	1	0.1008
all	minimal	lane121s003996_shovill	lane122s000601_bin.2.o	M_glyclt_e	0.16	0.01	1	0.0016
all	minimal	lane121s003996_shovill	lane122s000601_bin.2.o	M_h_e	0.16	0.15	1	0.024
all	minimal	lane121s003996_shovill	lane122s000601_bin.2.o	M_nh4_e	0.16	0.82	1	0.13119999999999998
all	minimal	lane121s003996_shovill	lane122s000601_bin.3.s	M_acald_e	0.16	0.07	1	0.011200000000000002
all	minimal	lane121s003996_shovill	lane122s000601_bin.3.s	M_ala__D_e	0.16	0.05	1	0.008
all	minimal	lane121s003996_shovill	lane122s000601_bin.3.s	M_alaala_e	0.16	0.01	1	0.0016
all	minimal	lane121s003996_shovill	lane122s000601_bin.3.s	M_arg__L_e	0.16	0.01	1	0.0016
all	minimal	lane121s003996_shovill	lane122s000601_bin.3.s	M_etoh_e	0.16	0.03	1	0.0048
all	minimal	lane121s003996_shovill	lane122s000601_bin.3.s	M_fe3_e	0.16	0.01	1	0.0016
all	minimal	lane121s003996_shovill	lane122s000601_bin.3.s	M_glyc3p_e	0.16	0.16	1	0.0256
all	minimal	lane121s003996_shovill	lane122s000601_bin.3.s	M_glyc_e	0.16	0.63	1	0.1008
all	minimal	lane121s003996_shovill	lane122s000601_bin.3.s	M_h_e	0.16	0.15	1	0.024
all	minimal	lane121s003996_shovill	lane122s000601_bin.3.s	M_ile__L_e	0.16	0.07	1	0.011200000000000002
all	minimal	lane121s003996_shovill	lane122s000601_bin.3.s	M_nh4_e	0.16	0.82	1	0.13119999999999998
all	minimal	lane121s003996_shovill	lane122s000601_bin.3.s	M_oxa_e	0.16	0.01	1	0.0016
all	minimal	lane121s003996_shovill	lane122s000601_bin.3.s	M_pi_e	0.16	0.84	1	0.1344
all	minimal	lane121s003996_shovill	lane122s000601_bin.3.s	M_s_e	0.16	0.02	1	0.0032
all	minimal	lane121s003996_shovill	lane122s000601_bin.3.s	M_thr__L_e	0.16	0.02	1	0.0032
all	minimal	lane121s003996_shovill	lane122s000601_bin.4.o	M_acald_e	0.09	0.07	1	0.0063
all	minimal	lane121s003996_shovill	lane122s000601_bin.4.o	M_ala__D_e	0.09	0.05	1	0.0045
all	minimal	lane121s003996_shovill	lane122s000601_bin.4.o	M_alaala_e	0.09	0.01	1	0.0009
all	minimal	lane121s003996_shovill	lane122s000601_bin.4.o	M_etoh_e	0.09	0.03	1	0.0026999999999999997
all	minimal	lane121s003996_shovill	lane122s000601_bin.4.o	M_fe3_e	0.09	0.01	1	0.0009
all	minimal	lane121s003996_shovill	lane122s000601_bin.4.o	M_glyc_e	0.09	0.63	1	0.0567
all	minimal	lane121s003996_shovill	lane122s000601_bin.4.o	M_h_e	0.09	0.15	1	0.0135
all	minimal	lane121s003996_shovill	lane122s000601_bin.4.o	M_nh4_e	0.09	0.82	1	0.07379999999999999
all	minimal	lane121s003996_shovill	lane122s000601_bin.4.o	M_pi_e	0.09	0.84	1	0.0756
all	minimal	lane121s003996_shovill	lane122s000601_bin.4.o	M_s_e	0.09	0.02	1	0.0018
all	minimal	lane121s003996_shovill	lane122s000601_bin.5.o	M_acald_e	0.16	0.07	1	0.011200000000000002
all	minimal	lane121s003996_shovill	lane122s000601_bin.5.o	M_etoh_e	0.16	0.03	1	0.0048
all	minimal	lane121s003996_shovill	lane122s000601_bin.5.o	M_fe3_e	0.16	0.01	1	0.0016
all	minimal	lane121s003996_shovill	lane122s000601_bin.5.o	M_glyc_e	0.16	0.63	1	0.1008
all	minimal	lane121s003996_shovill	lane122s000601_bin.5.o	M_h_e	0.16	0.15	1	0.024
all	minimal	lane121s003996_shovill	lane122s000601_bin.5.o	M_mal__L_e	0.16	0.02	1	0.0032
all	minimal	lane121s003996_shovill	lane122s000601_bin.5.o	M_nh4_e	0.16	0.82	1	0.13119999999999998
all	minimal	lane121s003996_shovill	lane122s000601_bin.5.o	M_oxa_e	0.16	0.01	1	0.0016
all	minimal	lane121s003996_shovill	lane122s000601_bin.5.o	M_pi_e	0.16	0.84	1	0.1344
all	minimal	lane121s003996_shovill	lane122s000601_bin.6.o	M_acald_e	1.0	0.07	1	0.07
all	minimal	lane121s003996_shovill	lane122s000601_bin.6.o	M_etoh_e	1.0	0.03	1	0.03
all	minimal	lane121s003996_shovill	lane122s000601_bin.6.o	M_fe3_e	1.0	0.01	1	0.01
all	minimal	lane121s003996_shovill	lane122s000601_bin.6.o	M_glc__D_e	1.0	0.09	1	0.09
all	minimal	lane121s003996_shovill	lane122s000601_bin.6.o	M_glyc_e	1.0	0.63	1	0.63
all	minimal	lane121s003996_shovill	lane122s000601_bin.6.o	M_glyclt_e	1.0	0.01	1	0.01
all	minimal	lane121s003996_shovill	lane122s000601_bin.6.o	M_h_e	1.0	0.15	1	0.15
all	minimal	lane121s003996_shovill	lane122s000601_bin.6.o	M_nh4_e	1.0	0.82	1	0.82
all	minimal	lane121s003996_shovill	lane122s000601_bin.6.o	M_pi_e	1.0	0.84	1	0.84
all	minimal	lane121s003996_shovill	lane122s000601_bin.6.o	M_s_e	1.0	0.02	1	0.02
all	minimal	lane121s003996_shovill	lane122s000601_bin.7.o	M_acald_e	0.16	0.07	1	0.011200000000000002
all	minimal	lane121s003996_shovill	lane122s000601_bin.7.o	M_fe3_e	0.16	0.01	1	0.0016
all	minimal	lane121s003996_shovill	lane122s000601_bin.7.o	M_glyc_e	0.16	0.63	1	0.1008
all	minimal	lane121s003996_shovill	lane122s000601_bin.7.o	M_h_e	0.16	0.15	1	0.024
all	minimal	lane121s003996_shovill	lane122s000601_bin.7.o	M_lac__L_e	0.16	0.02	1	0.0032
all	minimal	lane121s003996_shovill	lane122s000601_bin.7.o	M_mal__L_e	0.16	0.02	1	0.0032
all	minimal	lane121s003996_shovill	lane122s000601_bin.7.o	M_nh4_e	0.16	0.82	1	0.13119999999999998
all	minimal	lane121s003996_shovill	lane122s000601_bin.8.s	M_acald_e	0.08	0.07	1	0.005600000000000001
all	minimal	lane121s003996_shovill	lane122s000601_bin.8.s	M_fe3_e	0.08	0.01	1	0.0008
all	minimal	lane121s003996_shovill	lane122s000601_bin.8.s	M_glyc_e	0.08	0.63	1	0.0504
all	minimal	lane121s003996_shovill	lane122s000601_bin.8.s	M_h_e	0.08	0.15	1	0.012
all	minimal	lane121s003996_shovill	lane122s000601_bin.8.s	M_nh4_e	0.08	0.82	1	0.06559999999999999
all	minimal	lane121s003996_shovill	lane122s000601_bin.8.s	M_oxa_e	0.08	0.01	1	0.0008
all	minimal	lane121s003996_shovill	lane122s000601_bin.9.p	M_acald_e	0.08	0.07	1	0.005600000000000001
all	minimal	lane121s003996_shovill	lane122s000601_bin.9.p	M_alaala_e	0.08	0.01	1	0.0008
all	minimal	lane121s003996_shovill	lane122s000601_bin.9.p	M_arg__L_e	0.08	0.01	1	0.0008
all	minimal	lane121s003996_shovill	lane122s000601_bin.9.p	M_fe3_e	0.08	0.01	1	0.0008
all	minimal	lane121s003996_shovill	lane122s000601_bin.9.p	M_glcn_e	0.08	0.07	1	0.005600000000000001
all	minimal	lane121s003996_shovill	lane122s000601_bin.9.p	M_h_e	0.08	0.15	1	0.012
all	minimal	lane121s003996_shovill	lane122s000601_bin.9.p	M_nh4_e	0.08	0.82	1	0.06559999999999999
all	minimal	lane122s000517_bin.1.p	lane121s003976_shovill	M_acald_e	0.10101010101010101	0.1	1	0.010101010101010102
all	minimal	lane122s000517_bin.1.p	lane121s003976_shovill	M_etoh_e	0.10101010101010101	0.07	1	0.007070707070707071
all	minimal	lane122s000517_bin.1.p	lane121s003976_shovill	M_fe3_e	0.10101010101010101	0.05	1	0.005050505050505051
all	minimal	lane122s000517_bin.1.p	lane121s003976_shovill	M_glc__D_e	0.10101010101010101	0.15	1	0.01515151515151515
all	minimal	lane122s000517_bin.1.p	lane121s003976_shovill	M_glyc_e	0.10101010101010101	0.77	1	0.07777777777777778
all	minimal	lane122s000517_bin.1.p	lane121s003976_shovill	M_h2s_e	0.10101010101010101	0.23	1	0.023232323232323233
all	minimal	lane122s000517_bin.1.p	lane121s003976_shovill	M_h_e	0.10101010101010101	0.15	1	0.01515151515151515
all	minimal	lane122s000517_bin.1.p	lane121s003976_shovill	M_lys__L_e	0.10101010101010101	0.03	1	0.0030303030303030303
all	minimal	lane122s000517_bin.1.p	lane121s003976_shovill	M_nh4_e	0.10101010101010101	0.36	1	0.03636363636363636
all	minimal	lane122s000517_bin.1.p	lane121s003976_shovill	M_s_e	0.10101010101010101	0.76	1	0.07676767676767676
all	minimal	lane122s000517_bin.1.p	lane121s003978_shovill	M_acald_e	0.08080808080808081	0.1	1	0.008080808080808083
all	minimal	lane122s000517_bin.1.p	lane121s003978_shovill	M_etoh_e	0.08080808080808081	0.07	1	0.005656565656565657
all	minimal	lane122s000517_bin.1.p	lane121s003978_shovill	M_fe3_e	0.08080808080808081	0.05	1	0.004040404040404041
all	minimal	lane122s000517_bin.1.p	lane121s003978_shovill	M_glc__D_e	0.08080808080808081	0.15	1	0.012121212121212121
all	minimal	lane122s000517_bin.1.p	lane121s003978_shovill	M_glyc_e	0.08080808080808081	0.77	1	0.06222222222222223
all	minimal	lane122s000517_bin.1.p	lane121s003978_shovill	M_h2s_e	0.08080808080808081	0.23	1	0.018585858585858588
all	minimal	lane122s000517_bin.1.p	lane121s003978_shovill	M_h_e	0.08080808080808081	0.15	1	0.012121212121212121
all	minimal	lane122s000517_bin.1.p	lane121s003978_shovill	M_lys__L_e	0.08080808080808081	0.03	1	0.0024242424242424242
all	minimal	lane122s000517_bin.1.p	lane121s003978_shovill	M_nh4_e	0.08080808080808081	0.36	1	0.02909090909090909
all	minimal	lane122s000517_bin.1.p	lane121s003978_shovill	M_s_e	0.08080808080808081	0.76	1	0.06141414141414142
all	minimal	lane122s000517_bin.1.p	lane121s003979_bin.1.s	M_acald_e	0.09090909090909091	0.1	1	0.009090909090909092
all	minimal	lane122s000517_bin.1.p	lane121s003979_bin.1.s	M_etoh_e	0.09090909090909091	0.07	1	0.006363636363636365
all	minimal	lane122s000517_bin.1.p	lane121s003979_bin.1.s	M_fe3_e	0.09090909090909091	0.05	1	0.004545454545454546
all	minimal	lane122s000517_bin.1.p	lane121s003979_bin.1.s	M_glc__D_e	0.09090909090909091	0.15	1	0.013636363636363636
all	minimal	lane122s000517_bin.1.p	lane121s003979_bin.1.s	M_glyc_e	0.09090909090909091	0.77	1	0.07
all	minimal	lane122s000517_bin.1.p	lane121s003979_bin.1.s	M_h2s_e	0.09090909090909091	0.23	1	0.020909090909090912
all	minimal	lane122s000517_bin.1.p	lane121s003979_bin.1.s	M_h_e	0.09090909090909091	0.15	1	0.013636363636363636
all	minimal	lane122s000517_bin.1.p	lane121s003979_bin.1.s	M_lys__L_e	0.09090909090909091	0.03	1	0.002727272727272727
all	minimal	lane122s000517_bin.1.p	lane121s003979_bin.1.s	M_nh4_e	0.09090909090909091	0.36	1	0.03272727272727273
all	minimal	lane122s000517_bin.1.p	lane121s003979_bin.1.s	M_pi_e	0.09090909090909091	0.93	1	0.08454545454545455
all	minimal	lane122s000517_bin.1.p	lane121s003979_bin.1.s	M_s_e	0.09090909090909091	0.76	1	0.06909090909090909
all	minimal	lane122s000517_bin.1.p	lane121s003996_shovill	M_acald_e	0.0707070707070707	0.1	1	0.007070707070707071
all	minimal	lane122s000517_bin.1.p	lane121s003996_shovill	M_ala__D_e	0.0707070707070707	0.11	1	0.0077777777777777776
all	minimal	lane122s000517_bin.1.p	lane121s003996_shovill	M_etoh_e	0.0707070707070707	0.07	1	0.00494949494949495
all	minimal	lane122s000517_bin.1.p	lane121s003996_shovill	M_fe3_e	0.0707070707070707	0.05	1	0.0035353535353535356
all	minimal	lane122s000517_bin.1.p	lane121s003996_shovill	M_for_e	0.0707070707070707	0.05	1	0.0035353535353535356
all	minimal	lane122s000517_bin.1.p	lane121s003996_shovill	M_glc__D_e	0.0707070707070707	0.15	1	0.010606060606060605
all	minimal	lane122s000517_bin.1.p	lane121s003996_shovill	M_glyc_e	0.0707070707070707	0.77	1	0.05444444444444444
all	minimal	lane122s000517_bin.1.p	lane121s003996_shovill	M_h2s_e	0.0707070707070707	0.23	1	0.016262626262626263
all	minimal	lane122s000517_bin.1.p	lane121s003996_shovill	M_h_e	0.0707070707070707	0.15	1	0.010606060606060605
all	minimal	lane122s000517_bin.1.p	lane121s003996_shovill	M_lys__L_e	0.0707070707070707	0.03	1	0.002121212121212121
all	minimal	lane122s000517_bin.1.p	lane121s003996_shovill	M_nh4_e	0.0707070707070707	0.36	1	0.025454545454545452
all	minimal	lane122s000517_bin.1.p	lane121s003996_shovill	M_s_e	0.0707070707070707	0.76	1	0.053737373737373736
all	minimal	lane122s000517_bin.1.p	lane122s000517_bin.2.s	M_acald_e	0.16161616161616163	0.1	1	0.016161616161616165
all	minimal	lane122s000517_bin.1.p	lane122s000517_bin.2.s	M_ala__D_e	0.16161616161616163	0.11	1	0.017777777777777778
all	minimal	lane122s000517_bin.1.p	lane122s000517_bin.2.s	M_etoh_e	0.16161616161616163	0.07	1	0.011313131313131315
all	minimal	lane122s000517_bin.1.p	lane122s000517_bin.2.s	M_fe3_e	0.16161616161616163	0.05	1	0.008080808080808083
all	minimal	lane122s000517_bin.1.p	lane122s000517_bin.2.s	M_glyc_e	0.16161616161616163	0.77	1	0.12444444444444445
all	minimal	lane122s000517_bin.1.p	lane122s000517_bin.2.s	M_h2s_e	0.16161616161616163	0.23	1	0.037171717171717175
all	minimal	lane122s000517_bin.1.p	lane122s000517_bin.2.s	M_h_e	0.16161616161616163	0.15	1	0.024242424242424242
all	minimal	lane122s000517_bin.1.p	lane122s000517_bin.2.s	M_lys__L_e	0.16161616161616163	0.03	1	0.0048484848484848485
all	minimal	lane122s000517_bin.1.p	lane122s000517_bin.2.s	M_nh4_e	0.16161616161616163	0.36	1	0.05818181818181818
all	minimal	lane122s000517_bin.1.p	lane122s000517_bin.2.s	M_pi_e	0.16161616161616163	0.93	1	0.15030303030303033
all	minimal	lane122s000517_bin.1.p	lane122s000531_bin.1.o	M_acald_e	0.16161616161616163	0.1	1	0.016161616161616165
all	minimal	lane122s000517_bin.1.p	lane122s000531_bin.1.o	M_etoh_e	0.16161616161616163	0.07	1	0.011313131313131315
all	minimal	lane122s000517_bin.1.p	lane122s000531_bin.1.o	M_fe3_e	0.16161616161616163	0.05	1	0.008080808080808083
all	minimal	lane122s000517_bin.1.p	lane122s000531_bin.1.o	M_for_e	0.16161616161616163	0.05	1	0.008080808080808083
all	minimal	lane122s000517_bin.1.p	lane122s000531_bin.1.o	M_glyc_e	0.16161616161616163	0.77	1	0.12444444444444445
all	minimal	lane122s000517_bin.1.p	lane122s000531_bin.1.o	M_h2s_e	0.16161616161616163	0.23	1	0.037171717171717175
all	minimal	lane122s000517_bin.1.p	lane122s000531_bin.1.o	M_h_e	0.16161616161616163	0.15	1	0.024242424242424242
all	minimal	lane122s000517_bin.1.p	lane122s000531_bin.1.o	M_lys__L_e	0.16161616161616163	0.03	1	0.0048484848484848485
all	minimal	lane122s000517_bin.1.p	lane122s000531_bin.1.o	M_nh4_e	0.16161616161616163	0.36	1	0.05818181818181818
all	minimal	lane122s000517_bin.1.p	lane122s000536_megahit	M_acald_e	0.1111111111111111	0.1	1	0.011111111111111112
all	minimal	lane122s000517_bin.1.p	lane122s000536_megahit	M_etoh_e	0.1111111111111111	0.07	1	0.007777777777777778
all	minimal	lane122s000517_bin.1.p	lane122s000536_megahit	M_fe3_e	0.1111111111111111	0.05	1	0.005555555555555556
all	minimal	lane122s000517_bin.1.p	lane122s000536_megahit	M_glyc_e	0.1111111111111111	0.77	1	0.08555555555555555
all	minimal	lane122s000517_bin.1.p	lane122s000536_megahit	M_h2s_e	0.1111111111111111	0.23	1	0.025555555555555554
all	minimal	lane122s000517_bin.1.p	lane122s000536_megahit	M_h_e	0.1111111111111111	0.15	1	0.016666666666666666
all	minimal	lane122s000517_bin.1.p	lane122s000536_megahit	M_lys__L_e	0.1111111111111111	0.03	1	0.003333333333333333
all	minimal	lane122s000517_bin.1.p	lane122s000536_megahit	M_nh4_e	0.1111111111111111	0.36	1	0.039999999999999994
all	minimal	lane122s000517_bin.1.p	lane122s000536_megahit	M_s_e	0.1111111111111111	0.76	1	0.08444444444444445
all	minimal	lane122s000517_bin.1.p	lane122s000601_bin.10.s	M_4abut_e	0.16161616161616163	0.01	1	0.0016161616161616164
all	minimal	lane122s000517_bin.1.p	lane122s000601_bin.10.s	M_acald_e	0.16161616161616163	0.1	1	0.016161616161616165
all	minimal	lane122s000517_bin.1.p	lane122s000601_bin.10.s	M_ala__D_e	0.16161616161616163	0.11	1	0.017777777777777778
all	minimal	lane122s000517_bin.1.p	lane122s000601_bin.10.s	M_alaala_e	0.16161616161616163	0.04	1	0.0064646464646464655
all	minimal	lane122s000517_bin.1.p	lane122s000601_bin.10.s	M_etoh_e	0.16161616161616163	0.07	1	0.011313131313131315
all	minimal	lane122s000517_bin.1.p	lane122s000601_bin.10.s	M_fe3_e	0.16161616161616163	0.05	1	0.008080808080808083
all	minimal	lane122s000517_bin.1.p	lane122s000601_bin.10.s	M_for_e	0.16161616161616163	0.05	1	0.008080808080808083
all	minimal	lane122s000517_bin.1.p	lane122s000601_bin.10.s	M_glyc3p_e	0.16161616161616163	0.07	1	0.011313131313131315
all	minimal	lane122s000517_bin.1.p	lane122s000601_bin.10.s	M_glyc_e	0.16161616161616163	0.77	1	0.12444444444444445
all	minimal	lane122s000517_bin.1.p	lane122s000601_bin.10.s	M_h2s_e	0.16161616161616163	0.23	1	0.037171717171717175
all	minimal	lane122s000517_bin.1.p	lane122s000601_bin.10.s	M_h_e	0.16161616161616163	0.15	1	0.024242424242424242
all	minimal	lane122s000517_bin.1.p	lane122s000601_bin.10.s	M_lys__L_e	0.16161616161616163	0.03	1	0.0048484848484848485
all	minimal	lane122s000517_bin.1.p	lane122s000601_bin.10.s	M_mal__L_e	0.16161616161616163	0.08	1	0.012929292929292931
all	minimal	lane122s000517_bin.1.p	lane122s000601_bin.10.s	M_nh4_e	0.16161616161616163	0.36	1	0.05818181818181818
all	minimal	lane122s000517_bin.1.p	lane122s000601_bin.10.s	M_pi_e	0.16161616161616163	0.93	1	0.15030303030303033
all	minimal	lane122s000517_bin.1.p	lane122s000601_bin.10.s	M_s_e	0.16161616161616163	0.76	1	0.12282828282828284
all	minimal	lane122s000517_bin.1.p	lane122s000601_bin.1.o	M_acald_e	0.09090909090909091	0.1	1	0.009090909090909092
all	minimal	lane122s000517_bin.1.p	lane122s000601_bin.1.o	M_etoh_e	0.09090909090909091	0.07	1	0.006363636363636365
all	minimal	lane122s000517_bin.1.p	lane122s000601_bin.1.o	M_fe3_e	0.09090909090909091	0.05	1	0.004545454545454546
all	minimal	lane122s000517_bin.1.p	lane122s000601_bin.1.o	M_glyc_e	0.09090909090909091	0.77	1	0.07
all	minimal	lane122s000517_bin.1.p	lane122s000601_bin.1.o	M_h2s_e	0.09090909090909091	0.23	1	0.020909090909090912
all	minimal	lane122s000517_bin.1.p	lane122s000601_bin.1.o	M_h_e	0.09090909090909091	0.15	1	0.013636363636363636
all	minimal	lane122s000517_bin.1.p	lane122s000601_bin.1.o	M_nh4_e	0.09090909090909091	0.36	1	0.03272727272727273
all	minimal	lane122s000517_bin.1.p	lane122s000601_bin.1.o	M_s_e	0.09090909090909091	0.76	1	0.06909090909090909
all	minimal	lane122s000517_bin.1.p	lane122s000601_bin.2.o	M_acald_e	0.16161616161616163	0.1	1	0.016161616161616165
all	minimal	lane122s000517_bin.1.p	lane122s000601_bin.2.o	M_etoh_e	0.16161616161616163	0.07	1	0.011313131313131315
all	minimal	lane122s000517_bin.1.p	lane122s000601_bin.2.o	M_fe3_e	0.16161616161616163	0.05	1	0.008080808080808083
all	minimal	lane122s000517_bin.1.p	lane122s000601_bin.2.o	M_glyc_e	0.16161616161616163	0.77	1	0.12444444444444445
all	minimal	lane122s000517_bin.1.p	lane122s000601_bin.2.o	M_h2s_e	0.16161616161616163	0.23	1	0.037171717171717175
all	minimal	lane122s000517_bin.1.p	lane122s000601_bin.2.o	M_h_e	0.16161616161616163	0.15	1	0.024242424242424242
all	minimal	lane122s000517_bin.1.p	lane122s000601_bin.2.o	M_nh4_e	0.16161616161616163	0.36	1	0.05818181818181818
all	minimal	lane122s000517_bin.1.p	lane122s000601_bin.3.s	M_acald_e	0.16161616161616163	0.1	1	0.016161616161616165
all	minimal	lane122s000517_bin.1.p	lane122s000601_bin.3.s	M_ala__D_e	0.16161616161616163	0.11	1	0.017777777777777778
all	minimal	lane122s000517_bin.1.p	lane122s000601_bin.3.s	M_alaala_e	0.16161616161616163	0.04	1	0.0064646464646464655
all	minimal	lane122s000517_bin.1.p	lane122s000601_bin.3.s	M_arg__L_e	0.16161616161616163	0.02	1	0.0032323232323232328
all	minimal	lane122s000517_bin.1.p	lane122s000601_bin.3.s	M_etoh_e	0.16161616161616163	0.07	1	0.011313131313131315
all	minimal	lane122s000517_bin.1.p	lane122s000601_bin.3.s	M_fe3_e	0.16161616161616163	0.05	1	0.008080808080808083
all	minimal	lane122s000517_bin.1.p	lane122s000601_bin.3.s	M_for_e	0.16161616161616163	0.05	1	0.008080808080808083
all	minimal	lane122s000517_bin.1.p	lane122s000601_bin.3.s	M_glyc3p_e	0.16161616161616163	0.07	1	0.011313131313131315
all	minimal	lane122s000517_bin.1.p	lane122s000601_bin.3.s	M_glyc_e	0.16161616161616163	0.77	1	0.12444444444444445
all	minimal	lane122s000517_bin.1.p	lane122s000601_bin.3.s	M_h2s_e	0.16161616161616163	0.23	1	0.037171717171717175
all	minimal	lane122s000517_bin.1.p	lane122s000601_bin.3.s	M_h_e	0.16161616161616163	0.15	1	0.024242424242424242
all	minimal	lane122s000517_bin.1.p	lane122s000601_bin.3.s	M_ile__L_e	0.16161616161616163	0.09	1	0.014545454545454545
all	minimal	lane122s000517_bin.1.p	lane122s000601_bin.3.s	M_nh4_e	0.16161616161616163	0.36	1	0.05818181818181818
all	minimal	lane122s000517_bin.1.p	lane122s000601_bin.3.s	M_pi_e	0.16161616161616163	0.93	1	0.15030303030303033
all	minimal	lane122s000517_bin.1.p	lane122s000601_bin.3.s	M_s_e	0.16161616161616163	0.76	1	0.12282828282828284
all	minimal	lane122s000517_bin.1.p	lane122s000601_bin.3.s	M_thr__L_e	0.16161616161616163	0.07	1	0.011313131313131315
all	minimal	lane122s000517_bin.1.p	lane122s000601_bin.4.o	M_acald_e	0.09090909090909091	0.1	1	0.009090909090909092
all	minimal	lane122s000517_bin.1.p	lane122s000601_bin.4.o	M_ala__D_e	0.09090909090909091	0.11	1	0.01
all	minimal	lane122s000517_bin.1.p	lane122s000601_bin.4.o	M_alaala_e	0.09090909090909091	0.04	1	0.0036363636363636364
all	minimal	lane122s000517_bin.1.p	lane122s000601_bin.4.o	M_etoh_e	0.09090909090909091	0.07	1	0.006363636363636365
all	minimal	lane122s000517_bin.1.p	lane122s000601_bin.4.o	M_fe3_e	0.09090909090909091	0.05	1	0.004545454545454546
all	minimal	lane122s000517_bin.1.p	lane122s000601_bin.4.o	M_for_e	0.09090909090909091	0.05	1	0.004545454545454546
all	minimal	lane122s000517_bin.1.p	lane122s000601_bin.4.o	M_glyc_e	0.09090909090909091	0.77	1	0.07
all	minimal	lane122s000517_bin.1.p	lane122s000601_bin.4.o	M_h2s_e	0.09090909090909091	0.23	1	0.020909090909090912
all	minimal	lane122s000517_bin.1.p	lane122s000601_bin.4.o	M_h_e	0.09090909090909091	0.15	1	0.013636363636363636
all	minimal	lane122s000517_bin.1.p	lane122s000601_bin.4.o	M_lys__L_e	0.09090909090909091	0.03	1	0.002727272727272727
all	minimal	lane122s000517_bin.1.p	lane122s000601_bin.4.o	M_nh4_e	0.09090909090909091	0.36	1	0.03272727272727273
all	minimal	lane122s000517_bin.1.p	lane122s000601_bin.4.o	M_pi_e	0.09090909090909091	0.93	1	0.08454545454545455
all	minimal	lane122s000517_bin.1.p	lane122s000601_bin.4.o	M_s_e	0.09090909090909091	0.76	1	0.06909090909090909
all	minimal	lane122s000517_bin.1.p	lane122s000601_bin.5.o	M_acald_e	0.16161616161616163	0.1	1	0.016161616161616165
all	minimal	lane122s000517_bin.1.p	lane122s000601_bin.5.o	M_etoh_e	0.16161616161616163	0.07	1	0.011313131313131315
all	minimal	lane122s000517_bin.1.p	lane122s000601_bin.5.o	M_fe3_e	0.16161616161616163	0.05	1	0.008080808080808083
all	minimal	lane122s000517_bin.1.p	lane122s000601_bin.5.o	M_for_e	0.16161616161616163	0.05	1	0.008080808080808083
all	minimal	lane122s000517_bin.1.p	lane122s000601_bin.5.o	M_glyc_e	0.16161616161616163	0.77	1	0.12444444444444445
all	minimal	lane122s000517_bin.1.p	lane122s000601_bin.5.o	M_h2s_e	0.16161616161616163	0.23	1	0.037171717171717175
all	minimal	lane122s000517_bin.1.p	lane122s000601_bin.5.o	M_h_e	0.16161616161616163	0.15	1	0.024242424242424242
all	minimal	lane122s000517_bin.1.p	lane122s000601_bin.5.o	M_mal__L_e	0.16161616161616163	0.08	1	0.012929292929292931
all	minimal	lane122s000517_bin.1.p	lane122s000601_bin.5.o	M_nh4_e	0.16161616161616163	0.36	1	0.05818181818181818
all	minimal	lane122s000517_bin.1.p	lane122s000601_bin.5.o	M_pi_e	0.16161616161616163	0.93	1	0.15030303030303033
all	minimal	lane122s000517_bin.1.p	lane122s000601_bin.6.o	M_acald_e	1.0	0.1	1	0.1
all	minimal	lane122s000517_bin.1.p	lane122s000601_bin.6.o	M_etoh_e	1.0	0.07	1	0.07
all	minimal	lane122s000517_bin.1.p	lane122s000601_bin.6.o	M_fe3_e	1.0	0.05	1	0.05
all	minimal	lane122s000517_bin.1.p	lane122s000601_bin.6.o	M_glc__D_e	1.0	0.15	1	0.15
all	minimal	lane122s000517_bin.1.p	lane122s000601_bin.6.o	M_glyc_e	1.0	0.77	1	0.77
all	minimal	lane122s000517_bin.1.p	lane122s000601_bin.6.o	M_h2s_e	1.0	0.23	1	0.23
all	minimal	lane122s000517_bin.1.p	lane122s000601_bin.6.o	M_h_e	1.0	0.15	1	0.15
all	minimal	lane122s000517_bin.1.p	lane122s000601_bin.6.o	M_lys__L_e	1.0	0.03	1	0.03
all	minimal	lane122s000517_bin.1.p	lane122s000601_bin.6.o	M_nh4_e	1.0	0.36	1	0.36
all	minimal	lane122s000517_bin.1.p	lane122s000601_bin.6.o	M_pi_e	1.0	0.93	1	0.93
all	minimal	lane122s000517_bin.1.p	lane122s000601_bin.6.o	M_s_e	1.0	0.76	1	0.76
all	minimal	lane122s000517_bin.1.p	lane122s000601_bin.7.o	M_acald_e	0.16161616161616163	0.1	1	0.016161616161616165
all	minimal	lane122s000517_bin.1.p	lane122s000601_bin.7.o	M_fe3_e	0.16161616161616163	0.05	1	0.008080808080808083
all	minimal	lane122s000517_bin.1.p	lane122s000601_bin.7.o	M_glyc_e	0.16161616161616163	0.77	1	0.12444444444444445
all	minimal	lane122s000517_bin.1.p	lane122s000601_bin.7.o	M_h2s_e	0.16161616161616163	0.23	1	0.037171717171717175
all	minimal	lane122s000517_bin.1.p	lane122s000601_bin.7.o	M_h_e	0.16161616161616163	0.15	1	0.024242424242424242
all	minimal	lane122s000517_bin.1.p	lane122s000601_bin.7.o	M_mal__L_e	0.16161616161616163	0.08	1	0.012929292929292931
all	minimal	lane122s000517_bin.1.p	lane122s000601_bin.7.o	M_nh4_e	0.16161616161616163	0.36	1	0.05818181818181818
all	minimal	lane122s000517_bin.1.p	lane122s000601_bin.8.s	M_acald_e	0.08080808080808081	0.1	1	0.008080808080808083
all	minimal	lane122s000517_bin.1.p	lane122s000601_bin.8.s	M_fe3_e	0.08080808080808081	0.05	1	0.004040404040404041
all	minimal	lane122s000517_bin.1.p	lane122s000601_bin.8.s	M_glyc_e	0.08080808080808081	0.77	1	0.06222222222222223
all	minimal	lane122s000517_bin.1.p	lane122s000601_bin.8.s	M_h_e	0.08080808080808081	0.15	1	0.012121212121212121
all	minimal	lane122s000517_bin.1.p	lane122s000601_bin.8.s	M_nh4_e	0.08080808080808081	0.36	1	0.02909090909090909
all	minimal	lane122s000517_bin.1.p	lane122s000601_bin.9.p	M_acald_e	0.08080808080808081	0.1	1	0.008080808080808083
all	minimal	lane122s000517_bin.1.p	lane122s000601_bin.9.p	M_alaala_e	0.08080808080808081	0.04	1	0.0032323232323232328
all	minimal	lane122s000517_bin.1.p	lane122s000601_bin.9.p	M_arg__L_e	0.08080808080808081	0.02	1	0.0016161616161616164
all	minimal	lane122s000517_bin.1.p	lane122s000601_bin.9.p	M_fe3_e	0.08080808080808081	0.05	1	0.004040404040404041
all	minimal	lane122s000517_bin.1.p	lane122s000601_bin.9.p	M_h2s_e	0.08080808080808081	0.23	1	0.018585858585858588
all	minimal	lane122s000517_bin.1.p	lane122s000601_bin.9.p	M_h_e	0.08080808080808081	0.15	1	0.012121212121212121
all	minimal	lane122s000517_bin.1.p	lane122s000601_bin.9.p	M_nh4_e	0.08080808080808081	0.36	1	0.02909090909090909
all	minimal	lane122s000517_bin.2.s	lane121s003976_shovill	M_acald_e	0.0625	0.08	1	0.005
all	minimal	lane122s000517_bin.2.s	lane121s003976_shovill	M_cys__L_e	0.0625	0.43	1	0.026875
all	minimal	lane122s000517_bin.2.s	lane121s003976_shovill	M_etoh_e	0.0625	0.19	1	0.011875
all	minimal	lane122s000517_bin.2.s	lane121s003976_shovill	M_fe3_e	0.0625	1.0	1	0.0625
all	minimal	lane122s000517_bin.2.s	lane121s003976_shovill	M_glyc_e	0.0625	0.01	1	0.000625
all	minimal	lane122s000517_bin.2.s	lane121s003976_shovill	M_h2s_e	0.0625	0.35	1	0.021875
all	minimal	lane122s000517_bin.2.s	lane121s003976_shovill	M_h_e	0.0625	0.23	1	0.014375
all	minimal	lane122s000517_bin.2.s	lane121s003976_shovill	M_nh4_e	0.0625	0.01	1	0.000625
all	minimal	lane122s000517_bin.2.s	lane121s003978_shovill	M_acald_e	0.0625	0.08	1	0.005
all	minimal	lane122s000517_bin.2.s	lane121s003978_shovill	M_cys__L_e	0.0625	0.43	1	0.026875
all	minimal	lane122s000517_bin.2.s	lane121s003978_shovill	M_etoh_e	0.0625	0.19	1	0.011875
all	minimal	lane122s000517_bin.2.s	lane121s003978_shovill	M_fe3_e	0.0625	1.0	1	0.0625
all	minimal	lane122s000517_bin.2.s	lane121s003978_shovill	M_glyc_e	0.0625	0.01	1	0.000625
all	minimal	lane122s000517_bin.2.s	lane121s003978_shovill	M_h2s_e	0.0625	0.35	1	0.021875
all	minimal	lane122s000517_bin.2.s	lane121s003978_shovill	M_h_e	0.0625	0.23	1	0.014375
all	minimal	lane122s000517_bin.2.s	lane121s003978_shovill	M_nh4_e	0.0625	0.01	1	0.000625
all	minimal	lane122s000517_bin.2.s	lane121s003979_bin.1.s	M_acald_e	0.0625	0.08	1	0.005
all	minimal	lane122s000517_bin.2.s	lane121s003979_bin.1.s	M_cys__L_e	0.0625	0.43	1	0.026875
all	minimal	lane122s000517_bin.2.s	lane121s003979_bin.1.s	M_etoh_e	0.0625	0.19	1	0.011875
all	minimal	lane122s000517_bin.2.s	lane121s003979_bin.1.s	M_fe3_e	0.0625	1.0	1	0.0625
all	minimal	lane122s000517_bin.2.s	lane121s003979_bin.1.s	M_glyc_e	0.0625	0.01	1	0.000625
all	minimal	lane122s000517_bin.2.s	lane121s003979_bin.1.s	M_h2s_e	0.0625	0.35	1	0.021875
all	minimal	lane122s000517_bin.2.s	lane121s003979_bin.1.s	M_h_e	0.0625	0.23	1	0.014375
all	minimal	lane122s000517_bin.2.s	lane121s003979_bin.1.s	M_nh4_e	0.0625	0.01	1	0.000625
all	minimal	lane122s000517_bin.2.s	lane121s003979_bin.1.s	M_pi_e	0.0625	0.95	1	0.059375
all	minimal	lane122s000517_bin.2.s	lane121s003996_shovill	M_acald_e	0.0625	0.08	1	0.005
all	minimal	lane122s000517_bin.2.s	lane121s003996_shovill	M_cys__L_e	0.0625	0.43	1	0.026875
all	minimal	lane122s000517_bin.2.s	lane121s003996_shovill	M_etoh_e	0.0625	0.19	1	0.011875
all	minimal	lane122s000517_bin.2.s	lane121s003996_shovill	M_fe3_e	0.0625	1.0	1	0.0625
all	minimal	lane122s000517_bin.2.s	lane121s003996_shovill	M_glyc_e	0.0625	0.01	1	0.000625
all	minimal	lane122s000517_bin.2.s	lane121s003996_shovill	M_h2s_e	0.0625	0.35	1	0.021875
all	minimal	lane122s000517_bin.2.s	lane121s003996_shovill	M_h_e	0.0625	0.23	1	0.014375
all	minimal	lane122s000517_bin.2.s	lane121s003996_shovill	M_nh4_e	0.0625	0.01	1	0.000625
all	minimal	lane122s000517_bin.2.s	lane122s000517_bin.1.p	M_acald_e	0.0625	0.08	1	0.005
all	minimal	lane122s000517_bin.2.s	lane122s000517_bin.1.p	M_cys__L_e	0.0625	0.43	1	0.026875
all	minimal	lane122s000517_bin.2.s	lane122s000517_bin.1.p	M_etoh_e	0.0625	0.19	1	0.011875
all	minimal	lane122s000517_bin.2.s	lane122s000517_bin.1.p	M_fe3_e	0.0625	1.0	1	0.0625
all	minimal	lane122s000517_bin.2.s	lane122s000517_bin.1.p	M_glyc_e	0.0625	0.01	1	0.000625
all	minimal	lane122s000517_bin.2.s	lane122s000517_bin.1.p	M_h2s_e	0.0625	0.35	1	0.021875
all	minimal	lane122s000517_bin.2.s	lane122s000517_bin.1.p	M_h_e	0.0625	0.23	1	0.014375
all	minimal	lane122s000517_bin.2.s	lane122s000517_bin.1.p	M_nh4_e	0.0625	0.01	1	0.000625
all	minimal	lane122s000517_bin.2.s	lane122s000517_bin.1.p	M_ppap_e	0.0625	0.03	1	0.001875
all	minimal	lane122s000517_bin.2.s	lane122s000531_bin.1.o	M_acald_e	0.0625	0.08	1	0.005
all	minimal	lane122s000517_bin.2.s	lane122s000531_bin.1.o	M_cys__L_e	0.0625	0.43	1	0.026875
all	minimal	lane122s000517_bin.2.s	lane122s000531_bin.1.o	M_etoh_e	0.0625	0.19	1	0.011875
all	minimal	lane122s000517_bin.2.s	lane122s000531_bin.1.o	M_fe3_e	0.0625	1.0	1	0.0625
all	minimal	lane122s000517_bin.2.s	lane122s000531_bin.1.o	M_glyc_e	0.0625	0.01	1	0.000625
all	minimal	lane122s000517_bin.2.s	lane122s000531_bin.1.o	M_h2s_e	0.0625	0.35	1	0.021875
all	minimal	lane122s000517_bin.2.s	lane122s000531_bin.1.o	M_h_e	0.0625	0.23	1	0.014375
all	minimal	lane122s000517_bin.2.s	lane122s000531_bin.1.o	M_nh4_e	0.0625	0.01	1	0.000625
all	minimal	lane122s000517_bin.2.s	lane122s000536_megahit	M_acald_e	0.0625	0.08	1	0.005
all	minimal	lane122s000517_bin.2.s	lane122s000536_megahit	M_asp__L_e	0.0625	0.01	1	0.000625
all	minimal	lane122s000517_bin.2.s	lane122s000536_megahit	M_cys__L_e	0.0625	0.43	1	0.026875
all	minimal	lane122s000517_bin.2.s	lane122s000536_megahit	M_etoh_e	0.0625	0.19	1	0.011875
all	minimal	lane122s000517_bin.2.s	lane122s000536_megahit	M_fe3_e	0.0625	1.0	1	0.0625
all	minimal	lane122s000517_bin.2.s	lane122s000536_megahit	M_glyc_e	0.0625	0.01	1	0.000625
all	minimal	lane122s000517_bin.2.s	lane122s000536_megahit	M_h2s_e	0.0625	0.35	1	0.021875
all	minimal	lane122s000517_bin.2.s	lane122s000536_megahit	M_h_e	0.0625	0.23	1	0.014375
all	minimal	lane122s000517_bin.2.s	lane122s000536_megahit	M_nh4_e	0.0625	0.01	1	0.000625
all	minimal	lane122s000517_bin.2.s	lane122s000601_bin.10.s	M_acald_e	0.0625	0.08	1	0.005
all	minimal	lane122s000517_bin.2.s	lane122s000601_bin.10.s	M_cys__L_e	0.0625	0.43	1	0.026875
all	minimal	lane122s000517_bin.2.s	lane122s000601_bin.10.s	M_etoh_e	0.0625	0.19	1	0.011875
all	minimal	lane122s000517_bin.2.s	lane122s000601_bin.10.s	M_fe3_e	0.0625	1.0	1	0.0625
all	minimal	lane122s000517_bin.2.s	lane122s000601_bin.10.s	M_glyc3p_e	0.0625	0.02	1	0.00125
all	minimal	lane122s000517_bin.2.s	lane122s000601_bin.10.s	M_glyc_e	0.0625	0.01	1	0.000625
all	minimal	lane122s000517_bin.2.s	lane122s000601_bin.10.s	M_h2s_e	0.0625	0.35	1	0.021875
all	minimal	lane122s000517_bin.2.s	lane122s000601_bin.10.s	M_h_e	0.0625	0.23	1	0.014375
all	minimal	lane122s000517_bin.2.s	lane122s000601_bin.10.s	M_nh4_e	0.0625	0.01	1	0.000625
all	minimal	lane122s000517_bin.2.s	lane122s000601_bin.10.s	M_pi_e	0.0625	0.95	1	0.059375
all	minimal	lane122s000517_bin.2.s	lane122s000601_bin.10.s	M_ppap_e	0.0625	0.03	1	0.001875
all	minimal	lane122s000517_bin.2.s	lane122s000601_bin.1.o	M_acald_e	0.0625	0.08	1	0.005
all	minimal	lane122s000517_bin.2.s	lane122s000601_bin.1.o	M_cys__L_e	0.0625	0.43	1	0.026875
all	minimal	lane122s000517_bin.2.s	lane122s000601_bin.1.o	M_etoh_e	0.0625	0.19	1	0.011875
all	minimal	lane122s000517_bin.2.s	lane122s000601_bin.1.o	M_fe3_e	0.0625	1.0	1	0.0625
all	minimal	lane122s000517_bin.2.s	lane122s000601_bin.1.o	M_glyc_e	0.0625	0.01	1	0.000625
all	minimal	lane122s000517_bin.2.s	lane122s000601_bin.1.o	M_h2s_e	0.0625	0.35	1	0.021875
all	minimal	lane122s000517_bin.2.s	lane122s000601_bin.1.o	M_h_e	0.0625	0.23	1	0.014375
all	minimal	lane122s000517_bin.2.s	lane122s000601_bin.1.o	M_nh4_e	0.0625	0.01	1	0.000625
all	minimal	lane122s000517_bin.2.s	lane122s000601_bin.1.o	M_ppap_e	0.0625	0.03	1	0.001875
all	minimal	lane122s000517_bin.2.s	lane122s000601_bin.2.o	M_acald_e	0.0625	0.08	1	0.005
all	minimal	lane122s000517_bin.2.s	lane122s000601_bin.2.o	M_etoh_e	0.0625	0.19	1	0.011875
all	minimal	lane122s000517_bin.2.s	lane122s000601_bin.2.o	M_fe3_e	0.0625	1.0	1	0.0625
all	minimal	lane122s000517_bin.2.s	lane122s000601_bin.2.o	M_glyc_e	0.0625	0.01	1	0.000625
all	minimal	lane122s000517_bin.2.s	lane122s000601_bin.2.o	M_h2s_e	0.0625	0.35	1	0.021875
all	minimal	lane122s000517_bin.2.s	lane122s000601_bin.2.o	M_h_e	0.0625	0.23	1	0.014375
all	minimal	lane122s000517_bin.2.s	lane122s000601_bin.2.o	M_nh4_e	0.0625	0.01	1	0.000625
all	minimal	lane122s000517_bin.2.s	lane122s000601_bin.3.s	M_acald_e	1.0	0.08	1	0.08
all	minimal	lane122s000517_bin.2.s	lane122s000601_bin.3.s	M_asp__L_e	1.0	0.01	1	0.01
all	minimal	lane122s000517_bin.2.s	lane122s000601_bin.3.s	M_cys__L_e	1.0	0.43	1	0.43
all	minimal	lane122s000517_bin.2.s	lane122s000601_bin.3.s	M_etoh_e	1.0	0.19	1	0.19
all	minimal	lane122s000517_bin.2.s	lane122s000601_bin.3.s	M_fe3_e	1.0	1.0	1	1.0
all	minimal	lane122s000517_bin.2.s	lane122s000601_bin.3.s	M_glyc3p_e	1.0	0.02	1	0.02
all	minimal	lane122s000517_bin.2.s	lane122s000601_bin.3.s	M_glyc_e	1.0	0.01	1	0.01
all	minimal	lane122s000517_bin.2.s	lane122s000601_bin.3.s	M_h2s_e	1.0	0.35	1	0.35
all	minimal	lane122s000517_bin.2.s	lane122s000601_bin.3.s	M_h_e	1.0	0.23	1	0.23
all	minimal	lane122s000517_bin.2.s	lane122s000601_bin.3.s	M_nh4_e	1.0	0.01	1	0.01
all	minimal	lane122s000517_bin.2.s	lane122s000601_bin.3.s	M_pi_e	1.0	0.95	1	0.95
all	minimal	lane122s000517_bin.2.s	lane122s000601_bin.3.s	M_thr__L_e	1.0	1.0	1	1.0
all	minimal	lane122s000517_bin.2.s	lane122s000601_bin.4.o	M_acald_e	0.0625	0.08	1	0.005
all	minimal	lane122s000517_bin.2.s	lane122s000601_bin.4.o	M_etoh_e	0.0625	0.19	1	0.011875
all	minimal	lane122s000517_bin.2.s	lane122s000601_bin.4.o	M_fe3_e	0.0625	1.0	1	0.0625
all	minimal	lane122s000517_bin.2.s	lane122s000601_bin.4.o	M_glyc_e	0.0625	0.01	1	0.000625
all	minimal	lane122s000517_bin.2.s	lane122s000601_bin.4.o	M_h2s_e	0.0625	0.35	1	0.021875
all	minimal	lane122s000517_bin.2.s	lane122s000601_bin.4.o	M_h_e	0.0625	0.23	1	0.014375
all	minimal	lane122s000517_bin.2.s	lane122s000601_bin.4.o	M_nh4_e	0.0625	0.01	1	0.000625
all	minimal	lane122s000517_bin.2.s	lane122s000601_bin.4.o	M_pi_e	0.0625	0.95	1	0.059375
all	minimal	lane122s000517_bin.2.s	lane122s000601_bin.5.o	M_acald_e	0.0625	0.08	1	0.005
all	minimal	lane122s000517_bin.2.s	lane122s000601_bin.5.o	M_cys__L_e	0.0625	0.43	1	0.026875
all	minimal	lane122s000517_bin.2.s	lane122s000601_bin.5.o	M_etoh_e	0.0625	0.19	1	0.011875
all	minimal	lane122s000517_bin.2.s	lane122s000601_bin.5.o	M_fe3_e	0.0625	1.0	1	0.0625
all	minimal	lane122s000517_bin.2.s	lane122s000601_bin.5.o	M_glyc_e	0.0625	0.01	1	0.000625
all	minimal	lane122s000517_bin.2.s	lane122s000601_bin.5.o	M_h2s_e	0.0625	0.35	1	0.021875
all	minimal	lane122s000517_bin.2.s	lane122s000601_bin.5.o	M_h_e	0.0625	0.23	1	0.014375
all	minimal	lane122s000517_bin.2.s	lane122s000601_bin.5.o	M_nh4_e	0.0625	0.01	1	0.000625
all	minimal	lane122s000517_bin.2.s	lane122s000601_bin.5.o	M_pi_e	0.0625	0.95	1	0.059375
all	minimal	lane122s000517_bin.2.s	lane122s000601_bin.5.o	M_ppap_e	0.0625	0.03	1	0.001875
all	minimal	lane122s000517_bin.2.s	lane122s000601_bin.6.o	M_acald_e	1.0	0.08	1	0.08
all	minimal	lane122s000517_bin.2.s	lane122s000601_bin.6.o	M_etoh_e	1.0	0.19	1	0.19
all	minimal	lane122s000517_bin.2.s	lane122s000601_bin.6.o	M_fe3_e	1.0	1.0	1	1.0
all	minimal	lane122s000517_bin.2.s	lane122s000601_bin.6.o	M_glyc_e	1.0	0.01	1	0.01
all	minimal	lane122s000517_bin.2.s	lane122s000601_bin.6.o	M_h2s_e	1.0	0.35	1	0.35
all	minimal	lane122s000517_bin.2.s	lane122s000601_bin.6.o	M_h_e	1.0	0.23	1	0.23
all	minimal	lane122s000517_bin.2.s	lane122s000601_bin.6.o	M_nh4_e	1.0	0.01	1	0.01
all	minimal	lane122s000517_bin.2.s	lane122s000601_bin.6.o	M_pi_e	1.0	0.95	1	0.95
all	minimal	lane122s000517_bin.2.s	lane122s000601_bin.6.o	M_ppap_e	1.0	0.03	1	0.03
all	minimal	lane122s000517_bin.2.s	lane122s000601_bin.7.o	M_acald_e	0.0625	0.08	1	0.005
all	minimal	lane122s000517_bin.2.s	lane122s000601_bin.7.o	M_fe3_e	0.0625	1.0	1	0.0625
all	minimal	lane122s000517_bin.2.s	lane122s000601_bin.7.o	M_glyc_e	0.0625	0.01	1	0.000625
all	minimal	lane122s000517_bin.2.s	lane122s000601_bin.7.o	M_h2s_e	0.0625	0.35	1	0.021875
all	minimal	lane122s000517_bin.2.s	lane122s000601_bin.7.o	M_h_e	0.0625	0.23	1	0.014375
all	minimal	lane122s000517_bin.2.s	lane122s000601_bin.7.o	M_nh4_e	0.0625	0.01	1	0.000625
all	minimal	lane122s000517_bin.2.s	lane122s000601_bin.7.o	M_ppap_e	0.0625	0.03	1	0.001875
all	minimal	lane122s000517_bin.2.s	lane122s000601_bin.8.s	M_acald_e	0.0625	0.08	1	0.005
all	minimal	lane122s000517_bin.2.s	lane122s000601_bin.8.s	M_fe3_e	0.0625	1.0	1	0.0625
all	minimal	lane122s000517_bin.2.s	lane122s000601_bin.8.s	M_glyc_e	0.0625	0.01	1	0.000625
all	minimal	lane122s000517_bin.2.s	lane122s000601_bin.8.s	M_h_e	0.0625	0.23	1	0.014375
all	minimal	lane122s000517_bin.2.s	lane122s000601_bin.8.s	M_nh4_e	0.0625	0.01	1	0.000625
all	minimal	lane122s000517_bin.2.s	lane122s000601_bin.9.p	M_acald_e	0.0625	0.08	1	0.005
all	minimal	lane122s000517_bin.2.s	lane122s000601_bin.9.p	M_fe3_e	0.0625	1.0	1	0.0625
all	minimal	lane122s000517_bin.2.s	lane122s000601_bin.9.p	M_h2s_e	0.0625	0.35	1	0.021875
all	minimal	lane122s000517_bin.2.s	lane122s000601_bin.9.p	M_h_e	0.0625	0.23	1	0.014375
all	minimal	lane122s000517_bin.2.s	lane122s000601_bin.9.p	M_nh4_e	0.0625	0.01	1	0.000625
all	minimal	lane122s000531_bin.1.o	lane121s003976_shovill	M_acald_e	0.1951219512195122	0.24	1	0.04682926829268293
all	minimal	lane122s000531_bin.1.o	lane121s003976_shovill	M_etoh_e	0.1951219512195122	0.09	1	0.017560975609756096
all	minimal	lane122s000531_bin.1.o	lane121s003976_shovill	M_fe3_e	0.1951219512195122	0.07	1	0.013658536585365855
all	minimal	lane122s000531_bin.1.o	lane121s003976_shovill	M_glyc_e	0.1951219512195122	0.01	1	0.0019512195121951222
all	minimal	lane122s000531_bin.1.o	lane121s003976_shovill	M_h2s_e	0.1951219512195122	0.76	1	0.1482926829268293
all	minimal	lane122s000531_bin.1.o	lane121s003976_shovill	M_h_e	0.1951219512195122	0.01	1	0.0019512195121951222
all	minimal	lane122s000531_bin.1.o	lane121s003976_shovill	M_nh4_e	0.1951219512195122	0.31	1	0.06048780487804878
all	minimal	lane122s000531_bin.1.o	lane121s003976_shovill	M_rib__D_e	0.1951219512195122	1.0	1	0.1951219512195122
all	minimal	lane122s000531_bin.1.o	lane121s003978_shovill	M_acald_e	0.1951219512195122	0.24	1	0.04682926829268293
all	minimal	lane122s000531_bin.1.o	lane121s003978_shovill	M_etoh_e	0.1951219512195122	0.09	1	0.017560975609756096
all	minimal	lane122s000531_bin.1.o	lane121s003978_shovill	M_fe3_e	0.1951219512195122	0.07	1	0.013658536585365855
all	minimal	lane122s000531_bin.1.o	lane121s003978_shovill	M_glyc_e	0.1951219512195122	0.01	1	0.0019512195121951222
all	minimal	lane122s000531_bin.1.o	lane121s003978_shovill	M_h2s_e	0.1951219512195122	0.76	1	0.1482926829268293
all	minimal	lane122s000531_bin.1.o	lane121s003978_shovill	M_h_e	0.1951219512195122	0.01	1	0.0019512195121951222
all	minimal	lane122s000531_bin.1.o	lane121s003978_shovill	M_nh4_e	0.1951219512195122	0.31	1	0.06048780487804878
all	minimal	lane122s000531_bin.1.o	lane121s003978_shovill	M_ptrc_e	0.1951219512195122	0.14	1	0.02731707317073171
all	minimal	lane122s000531_bin.1.o	lane121s003978_shovill	M_rib__D_e	0.1951219512195122	1.0	1	0.1951219512195122
all	minimal	lane122s000531_bin.1.o	lane121s003979_bin.1.s	M_acald_e	0.1951219512195122	0.24	1	0.04682926829268293
all	minimal	lane122s000531_bin.1.o	lane121s003979_bin.1.s	M_etoh_e	0.1951219512195122	0.09	1	0.017560975609756096
all	minimal	lane122s000531_bin.1.o	lane121s003979_bin.1.s	M_fe3_e	0.1951219512195122	0.07	1	0.013658536585365855
all	minimal	lane122s000531_bin.1.o	lane121s003979_bin.1.s	M_glyc_e	0.1951219512195122	0.01	1	0.0019512195121951222
all	minimal	lane122s000531_bin.1.o	lane121s003979_bin.1.s	M_h2s_e	0.1951219512195122	0.76	1	0.1482926829268293
all	minimal	lane122s000531_bin.1.o	lane121s003979_bin.1.s	M_h_e	0.1951219512195122	0.01	1	0.0019512195121951222
all	minimal	lane122s000531_bin.1.o	lane121s003979_bin.1.s	M_nh4_e	0.1951219512195122	0.31	1	0.06048780487804878
all	minimal	lane122s000531_bin.1.o	lane121s003979_bin.1.s	M_pi_e	0.1951219512195122	0.98	1	0.19121951219512195
all	minimal	lane122s000531_bin.1.o	lane121s003979_bin.1.s	M_rib__D_e	0.1951219512195122	1.0	1	0.1951219512195122
all	minimal	lane122s000531_bin.1.o	lane121s003996_shovill	M_acald_e	0.1951219512195122	0.24	1	0.04682926829268293
all	minimal	lane122s000531_bin.1.o	lane121s003996_shovill	M_ala__D_e	0.1951219512195122	0.26	1	0.050731707317073174
all	minimal	lane122s000531_bin.1.o	lane121s003996_shovill	M_bz_e	0.1951219512195122	0.02	1	0.0039024390243902443
all	minimal	lane122s000531_bin.1.o	lane121s003996_shovill	M_etoh_e	0.1951219512195122	0.09	1	0.017560975609756096
all	minimal	lane122s000531_bin.1.o	lane121s003996_shovill	M_fe3_e	0.1951219512195122	0.07	1	0.013658536585365855
all	minimal	lane122s000531_bin.1.o	lane121s003996_shovill	M_for_e	0.1951219512195122	0.03	1	0.005853658536585366
all	minimal	lane122s000531_bin.1.o	lane121s003996_shovill	M_glyc_e	0.1951219512195122	0.01	1	0.0019512195121951222
all	minimal	lane122s000531_bin.1.o	lane121s003996_shovill	M_h2s_e	0.1951219512195122	0.76	1	0.1482926829268293
all	minimal	lane122s000531_bin.1.o	lane121s003996_shovill	M_h_e	0.1951219512195122	0.01	1	0.0019512195121951222
all	minimal	lane122s000531_bin.1.o	lane121s003996_shovill	M_nh4_e	0.1951219512195122	0.31	1	0.06048780487804878
all	minimal	lane122s000531_bin.1.o	lane121s003996_shovill	M_rib__D_e	0.1951219512195122	1.0	1	0.1951219512195122
all	minimal	lane122s000531_bin.1.o	lane122s000517_bin.1.p	M_acald_e	0.1951219512195122	0.24	1	0.04682926829268293
all	minimal	lane122s000531_bin.1.o	lane122s000517_bin.1.p	M_ala__D_e	0.1951219512195122	0.26	1	0.050731707317073174
all	minimal	lane122s000531_bin.1.o	lane122s000517_bin.1.p	M_etoh_e	0.1951219512195122	0.09	1	0.017560975609756096
all	minimal	lane122s000531_bin.1.o	lane122s000517_bin.1.p	M_fe3_e	0.1951219512195122	0.07	1	0.013658536585365855
all	minimal	lane122s000531_bin.1.o	lane122s000517_bin.1.p	M_glyc_e	0.1951219512195122	0.01	1	0.0019512195121951222
all	minimal	lane122s000531_bin.1.o	lane122s000517_bin.1.p	M_h2s_e	0.1951219512195122	0.76	1	0.1482926829268293
all	minimal	lane122s000531_bin.1.o	lane122s000517_bin.1.p	M_h_e	0.1951219512195122	0.01	1	0.0019512195121951222
all	minimal	lane122s000531_bin.1.o	lane122s000517_bin.1.p	M_nh4_e	0.1951219512195122	0.31	1	0.06048780487804878
all	minimal	lane122s000531_bin.1.o	lane122s000517_bin.1.p	M_rib__D_e	0.1951219512195122	1.0	1	0.1951219512195122
all	minimal	lane122s000531_bin.1.o	lane122s000517_bin.2.s	M_acald_e	0.1951219512195122	0.24	1	0.04682926829268293
all	minimal	lane122s000531_bin.1.o	lane122s000517_bin.2.s	M_ala__D_e	0.1951219512195122	0.26	1	0.050731707317073174
all	minimal	lane122s000531_bin.1.o	lane122s000517_bin.2.s	M_asp__L_e	0.1951219512195122	0.03	1	0.005853658536585366
all	minimal	lane122s000531_bin.1.o	lane122s000517_bin.2.s	M_etoh_e	0.1951219512195122	0.09	1	0.017560975609756096
all	minimal	lane122s000531_bin.1.o	lane122s000517_bin.2.s	M_fe3_e	0.1951219512195122	0.07	1	0.013658536585365855
all	minimal	lane122s000531_bin.1.o	lane122s000517_bin.2.s	M_glyc_e	0.1951219512195122	0.01	1	0.0019512195121951222
all	minimal	lane122s000531_bin.1.o	lane122s000517_bin.2.s	M_h2s_e	0.1951219512195122	0.76	1	0.1482926829268293
all	minimal	lane122s000531_bin.1.o	lane122s000517_bin.2.s	M_h_e	0.1951219512195122	0.01	1	0.0019512195121951222
all	minimal	lane122s000531_bin.1.o	lane122s000517_bin.2.s	M_nh4_e	0.1951219512195122	0.31	1	0.06048780487804878
all	minimal	lane122s000531_bin.1.o	lane122s000517_bin.2.s	M_pi_e	0.1951219512195122	0.98	1	0.19121951219512195
all	minimal	lane122s000531_bin.1.o	lane122s000517_bin.2.s	M_rib__D_e	0.1951219512195122	1.0	1	0.1951219512195122
all	minimal	lane122s000531_bin.1.o	lane122s000536_megahit	M_acald_e	0.07317073170731707	0.24	1	0.017560975609756096
all	minimal	lane122s000531_bin.1.o	lane122s000536_megahit	M_asp__L_e	0.07317073170731707	0.03	1	0.002195121951219512
all	minimal	lane122s000531_bin.1.o	lane122s000536_megahit	M_bz_e	0.07317073170731707	0.02	1	0.0014634146341463415
all	minimal	lane122s000531_bin.1.o	lane122s000536_megahit	M_etoh_e	0.07317073170731707	0.09	1	0.006585365853658536
all	minimal	lane122s000531_bin.1.o	lane122s000536_megahit	M_fe3_e	0.07317073170731707	0.07	1	0.005121951219512195
all	minimal	lane122s000531_bin.1.o	lane122s000536_megahit	M_glyc_e	0.07317073170731707	0.01	1	0.0007317073170731707
all	minimal	lane122s000531_bin.1.o	lane122s000536_megahit	M_gua_e	0.07317073170731707	0.02	1	0.0014634146341463415
all	minimal	lane122s000531_bin.1.o	lane122s000536_megahit	M_h2s_e	0.07317073170731707	0.76	1	0.05560975609756097
all	minimal	lane122s000531_bin.1.o	lane122s000536_megahit	M_h_e	0.07317073170731707	0.01	1	0.0007317073170731707
all	minimal	lane122s000531_bin.1.o	lane122s000536_megahit	M_nh4_e	0.07317073170731707	0.31	1	0.022682926829268292
all	minimal	lane122s000531_bin.1.o	lane122s000536_megahit	M_rib__D_e	0.07317073170731707	1.0	1	0.07317073170731707
all	minimal	lane122s000531_bin.1.o	lane122s000601_bin.10.s	M_acald_e	0.07317073170731707	0.24	1	0.017560975609756096
all	minimal	lane122s000531_bin.1.o	lane122s000601_bin.10.s	M_ala__D_e	0.07317073170731707	0.26	1	0.01902439024390244
all	minimal	lane122s000531_bin.1.o	lane122s000601_bin.10.s	M_etoh_e	0.07317073170731707	0.09	1	0.006585365853658536
all	minimal	lane122s000531_bin.1.o	lane122s000601_bin.10.s	M_fe3_e	0.07317073170731707	0.07	1	0.005121951219512195
all	minimal	lane122s000531_bin.1.o	lane122s000601_bin.10.s	M_for_e	0.07317073170731707	0.03	1	0.002195121951219512
all	minimal	lane122s000531_bin.1.o	lane122s000601_bin.10.s	M_glyc3p_e	0.07317073170731707	0.02	1	0.0014634146341463415
all	minimal	lane122s000531_bin.1.o	lane122s000601_bin.10.s	M_glyc_e	0.07317073170731707	0.01	1	0.0007317073170731707
all	minimal	lane122s000531_bin.1.o	lane122s000601_bin.10.s	M_gua_e	0.07317073170731707	0.02	1	0.0014634146341463415
all	minimal	lane122s000531_bin.1.o	lane122s000601_bin.10.s	M_h2s_e	0.07317073170731707	0.76	1	0.05560975609756097
all	minimal	lane122s000531_bin.1.o	lane122s000601_bin.10.s	M_h_e	0.07317073170731707	0.01	1	0.0007317073170731707
all	minimal	lane122s000531_bin.1.o	lane122s000601_bin.10.s	M_nh4_e	0.07317073170731707	0.31	1	0.022682926829268292
all	minimal	lane122s000531_bin.1.o	lane122s000601_bin.10.s	M_pi_e	0.07317073170731707	0.98	1	0.07170731707317073
all	minimal	lane122s000531_bin.1.o	lane122s000601_bin.1.o	M_acald_e	0.07317073170731707	0.24	1	0.017560975609756096
all	minimal	lane122s000531_bin.1.o	lane122s000601_bin.1.o	M_bz_e	0.07317073170731707	0.02	1	0.0014634146341463415
all	minimal	lane122s000531_bin.1.o	lane122s000601_bin.1.o	M_etoh_e	0.07317073170731707	0.09	1	0.006585365853658536
all	minimal	lane122s000531_bin.1.o	lane122s000601_bin.1.o	M_fe3_e	0.07317073170731707	0.07	1	0.005121951219512195
all	minimal	lane122s000531_bin.1.o	lane122s000601_bin.1.o	M_glyc_e	0.07317073170731707	0.01	1	0.0007317073170731707
all	minimal	lane122s000531_bin.1.o	lane122s000601_bin.1.o	M_h2s_e	0.07317073170731707	0.76	1	0.05560975609756097
all	minimal	lane122s000531_bin.1.o	lane122s000601_bin.1.o	M_h_e	0.07317073170731707	0.01	1	0.0007317073170731707
all	minimal	lane122s000531_bin.1.o	lane122s000601_bin.1.o	M_nh4_e	0.07317073170731707	0.31	1	0.022682926829268292
all	minimal	lane122s000531_bin.1.o	lane122s000601_bin.2.o	M_acald_e	0.07317073170731707	0.24	1	0.017560975609756096
all	minimal	lane122s000531_bin.1.o	lane122s000601_bin.2.o	M_etoh_e	0.07317073170731707	0.09	1	0.006585365853658536
all	minimal	lane122s000531_bin.1.o	lane122s000601_bin.2.o	M_fe3_e	0.07317073170731707	0.07	1	0.005121951219512195
all	minimal	lane122s000531_bin.1.o	lane122s000601_bin.2.o	M_glyc_e	0.07317073170731707	0.01	1	0.0007317073170731707
all	minimal	lane122s000531_bin.1.o	lane122s000601_bin.2.o	M_h2s_e	0.07317073170731707	0.76	1	0.05560975609756097
all	minimal	lane122s000531_bin.1.o	lane122s000601_bin.2.o	M_h_e	0.07317073170731707	0.01	1	0.0007317073170731707
all	minimal	lane122s000531_bin.1.o	lane122s000601_bin.2.o	M_nh4_e	0.07317073170731707	0.31	1	0.022682926829268292
all	minimal	lane122s000531_bin.1.o	lane122s000601_bin.3.s	M_acald_e	0.07317073170731707	0.24	1	0.017560975609756096
all	minimal	lane122s000531_bin.1.o	lane122s000601_bin.3.s	M_ala__D_e	0.07317073170731707	0.26	1	0.01902439024390244
all	minimal	lane122s000531_bin.1.o	lane122s000601_bin.3.s	M_arg__L_e	0.07317073170731707	0.02	1	0.0014634146341463415
all	minimal	lane122s000531_bin.1.o	lane122s000601_bin.3.s	M_asp__L_e	0.07317073170731707	0.03	1	0.002195121951219512
all	minimal	lane122s000531_bin.1.o	lane122s000601_bin.3.s	M_bz_e	0.07317073170731707	0.02	1	0.0014634146341463415
all	minimal	lane122s000531_bin.1.o	lane122s000601_bin.3.s	M_etoh_e	0.07317073170731707	0.09	1	0.006585365853658536
all	minimal	lane122s000531_bin.1.o	lane122s000601_bin.3.s	M_fe3_e	0.07317073170731707	0.07	1	0.005121951219512195
all	minimal	lane122s000531_bin.1.o	lane122s000601_bin.3.s	M_for_e	0.07317073170731707	0.03	1	0.002195121951219512
all	minimal	lane122s000531_bin.1.o	lane122s000601_bin.3.s	M_glyc3p_e	0.07317073170731707	0.02	1	0.0014634146341463415
all	minimal	lane122s000531_bin.1.o	lane122s000601_bin.3.s	M_glyc_e	0.07317073170731707	0.01	1	0.0007317073170731707
all	minimal	lane122s000531_bin.1.o	lane122s000601_bin.3.s	M_h2s_e	0.07317073170731707	0.76	1	0.05560975609756097
all	minimal	lane122s000531_bin.1.o	lane122s000601_bin.3.s	M_h_e	0.07317073170731707	0.01	1	0.0007317073170731707
all	minimal	lane122s000531_bin.1.o	lane122s000601_bin.3.s	M_nh4_e	0.07317073170731707	0.31	1	0.022682926829268292
all	minimal	lane122s000531_bin.1.o	lane122s000601_bin.3.s	M_pi_e	0.07317073170731707	0.98	1	0.07170731707317073
all	minimal	lane122s000531_bin.1.o	lane122s000601_bin.4.o	M_acald_e	0.07317073170731707	0.24	1	0.017560975609756096
all	minimal	lane122s000531_bin.1.o	lane122s000601_bin.4.o	M_ala__D_e	0.07317073170731707	0.26	1	0.01902439024390244
all	minimal	lane122s000531_bin.1.o	lane122s000601_bin.4.o	M_bz_e	0.07317073170731707	0.02	1	0.0014634146341463415
all	minimal	lane122s000531_bin.1.o	lane122s000601_bin.4.o	M_etoh_e	0.07317073170731707	0.09	1	0.006585365853658536
all	minimal	lane122s000531_bin.1.o	lane122s000601_bin.4.o	M_fe3_e	0.07317073170731707	0.07	1	0.005121951219512195
all	minimal	lane122s000531_bin.1.o	lane122s000601_bin.4.o	M_for_e	0.07317073170731707	0.03	1	0.002195121951219512
all	minimal	lane122s000531_bin.1.o	lane122s000601_bin.4.o	M_glyc_e	0.07317073170731707	0.01	1	0.0007317073170731707
all	minimal	lane122s000531_bin.1.o	lane122s000601_bin.4.o	M_h2s_e	0.07317073170731707	0.76	1	0.05560975609756097
all	minimal	lane122s000531_bin.1.o	lane122s000601_bin.4.o	M_h_e	0.07317073170731707	0.01	1	0.0007317073170731707
all	minimal	lane122s000531_bin.1.o	lane122s000601_bin.4.o	M_nh4_e	0.07317073170731707	0.31	1	0.022682926829268292
all	minimal	lane122s000531_bin.1.o	lane122s000601_bin.4.o	M_pi_e	0.07317073170731707	0.98	1	0.07170731707317073
all	minimal	lane122s000531_bin.1.o	lane122s000601_bin.5.o	M_acald_e	0.08536585365853659	0.24	1	0.02048780487804878
all	minimal	lane122s000531_bin.1.o	lane122s000601_bin.5.o	M_bz_e	0.08536585365853659	0.02	1	0.001707317073170732
all	minimal	lane122s000531_bin.1.o	lane122s000601_bin.5.o	M_etoh_e	0.08536585365853659	0.09	1	0.007682926829268293
all	minimal	lane122s000531_bin.1.o	lane122s000601_bin.5.o	M_fe3_e	0.08536585365853659	0.07	1	0.005975609756097562
all	minimal	lane122s000531_bin.1.o	lane122s000601_bin.5.o	M_for_e	0.08536585365853659	0.03	1	0.0025609756097560977
all	minimal	lane122s000531_bin.1.o	lane122s000601_bin.5.o	M_glyc_e	0.08536585365853659	0.01	1	0.000853658536585366
all	minimal	lane122s000531_bin.1.o	lane122s000601_bin.5.o	M_h2s_e	0.08536585365853659	0.76	1	0.06487804878048781
all	minimal	lane122s000531_bin.1.o	lane122s000601_bin.5.o	M_h_e	0.08536585365853659	0.01	1	0.000853658536585366
all	minimal	lane122s000531_bin.1.o	lane122s000601_bin.5.o	M_nh4_e	0.08536585365853659	0.31	1	0.026463414634146344
all	minimal	lane122s000531_bin.1.o	lane122s000601_bin.5.o	M_pi_e	0.08536585365853659	0.98	1	0.08365853658536586
all	minimal	lane122s000531_bin.1.o	lane122s000601_bin.6.o	M_acald_e	1.0	0.24	1	0.24
all	minimal	lane122s000531_bin.1.o	lane122s000601_bin.6.o	M_bz_e	1.0	0.02	1	0.02
all	minimal	lane122s000531_bin.1.o	lane122s000601_bin.6.o	M_etoh_e	1.0	0.09	1	0.09
all	minimal	lane122s000531_bin.1.o	lane122s000601_bin.6.o	M_fe3_e	1.0	0.07	1	0.07
all	minimal	lane122s000531_bin.1.o	lane122s000601_bin.6.o	M_glyc_e	1.0	0.01	1	0.01
all	minimal	lane122s000531_bin.1.o	lane122s000601_bin.6.o	M_h2s_e	1.0	0.76	1	0.76
all	minimal	lane122s000531_bin.1.o	lane122s000601_bin.6.o	M_h_e	1.0	0.01	1	0.01
all	minimal	lane122s000531_bin.1.o	lane122s000601_bin.6.o	M_nh4_e	1.0	0.31	1	0.31
all	minimal	lane122s000531_bin.1.o	lane122s000601_bin.6.o	M_pi_e	1.0	0.98	1	0.98
all	minimal	lane122s000531_bin.1.o	lane122s000601_bin.6.o	M_thm_e	1.0	1.0	1	1.0
all	minimal	lane122s000531_bin.1.o	lane122s000601_bin.7.o	M_acald_e	0.07317073170731707	0.24	1	0.017560975609756096
all	minimal	lane122s000531_bin.1.o	lane122s000601_bin.7.o	M_bz_e	0.07317073170731707	0.02	1	0.0014634146341463415
all	minimal	lane122s000531_bin.1.o	lane122s000601_bin.7.o	M_fe3_e	0.07317073170731707	0.07	1	0.005121951219512195
all	minimal	lane122s000531_bin.1.o	lane122s000601_bin.7.o	M_glyc_e	0.07317073170731707	0.01	1	0.0007317073170731707
all	minimal	lane122s000531_bin.1.o	lane122s000601_bin.7.o	M_h2s_e	0.07317073170731707	0.76	1	0.05560975609756097
all	minimal	lane122s000531_bin.1.o	lane122s000601_bin.7.o	M_h_e	0.07317073170731707	0.01	1	0.0007317073170731707
all	minimal	lane122s000531_bin.1.o	lane122s000601_bin.7.o	M_nh4_e	0.07317073170731707	0.31	1	0.022682926829268292
all	minimal	lane122s000531_bin.1.o	lane122s000601_bin.8.s	M_acald_e	0.08536585365853659	0.24	1	0.02048780487804878
all	minimal	lane122s000531_bin.1.o	lane122s000601_bin.8.s	M_bz_e	0.08536585365853659	0.02	1	0.001707317073170732
all	minimal	lane122s000531_bin.1.o	lane122s000601_bin.8.s	M_fe3_e	0.08536585365853659	0.07	1	0.005975609756097562
all	minimal	lane122s000531_bin.1.o	lane122s000601_bin.8.s	M_glyc_e	0.08536585365853659	0.01	1	0.000853658536585366
all	minimal	lane122s000531_bin.1.o	lane122s000601_bin.8.s	M_h_e	0.08536585365853659	0.01	1	0.000853658536585366
all	minimal	lane122s000531_bin.1.o	lane122s000601_bin.8.s	M_nh4_e	0.08536585365853659	0.31	1	0.026463414634146344
all	minimal	lane122s000531_bin.1.o	lane122s000601_bin.8.s	M_ptrc_e	0.08536585365853659	0.14	1	0.011951219512195124
all	minimal	lane122s000531_bin.1.o	lane122s000601_bin.8.s	M_thm_e	0.08536585365853659	1.0	1	0.08536585365853659
all	minimal	lane122s000531_bin.1.o	lane122s000601_bin.9.p	M_acald_e	0.07317073170731707	0.24	1	0.017560975609756096
all	minimal	lane122s000531_bin.1.o	lane122s000601_bin.9.p	M_arg__L_e	0.07317073170731707	0.02	1	0.0014634146341463415
all	minimal	lane122s000531_bin.1.o	lane122s000601_bin.9.p	M_bz_e	0.07317073170731707	0.02	1	0.0014634146341463415
all	minimal	lane122s000531_bin.1.o	lane122s000601_bin.9.p	M_fe3_e	0.07317073170731707	0.07	1	0.005121951219512195
all	minimal	lane122s000531_bin.1.o	lane122s000601_bin.9.p	M_h2s_e	0.07317073170731707	0.76	1	0.05560975609756097
all	minimal	lane122s000531_bin.1.o	lane122s000601_bin.9.p	M_h_e	0.07317073170731707	0.01	1	0.0007317073170731707
all	minimal	lane122s000531_bin.1.o	lane122s000601_bin.9.p	M_nh4_e	0.07317073170731707	0.31	1	0.022682926829268292
all	minimal	lane122s000536_megahit	lane121s003976_shovill	M_acald_e	0.19736842105263158	0.15	1	0.029605263157894735
all	minimal	lane122s000536_megahit	lane121s003976_shovill	M_fe3_e	0.19736842105263158	0.61	1	0.12039473684210526
all	minimal	lane122s000536_megahit	lane121s003976_shovill	M_glc__D_e	0.19736842105263158	1.0	1	0.19736842105263158
all	minimal	lane122s000536_megahit	lane121s003976_shovill	M_h2s_e	0.19736842105263158	0.01	1	0.001973684210526316
all	minimal	lane122s000536_megahit	lane121s003976_shovill	M_nh4_e	0.19736842105263158	0.64	1	0.12631578947368421
all	minimal	lane122s000536_megahit	lane121s003976_shovill	M_no2_e	0.19736842105263158	0.19	1	0.0375
all	minimal	lane122s000536_megahit	lane121s003976_shovill	M_s_e	0.19736842105263158	0.98	1	0.19342105263157894
all	minimal	lane122s000536_megahit	lane121s003978_shovill	M_acald_e	0.19736842105263158	0.15	1	0.029605263157894735
all	minimal	lane122s000536_megahit	lane121s003978_shovill	M_fe3_e	0.19736842105263158	0.61	1	0.12039473684210526
all	minimal	lane122s000536_megahit	lane121s003978_shovill	M_glc__D_e	0.19736842105263158	1.0	1	0.19736842105263158
all	minimal	lane122s000536_megahit	lane121s003978_shovill	M_h2s_e	0.19736842105263158	0.01	1	0.001973684210526316
all	minimal	lane122s000536_megahit	lane121s003978_shovill	M_nh4_e	0.19736842105263158	0.64	1	0.12631578947368421
all	minimal	lane122s000536_megahit	lane121s003978_shovill	M_s_e	0.19736842105263158	0.98	1	0.19342105263157894
all	minimal	lane122s000536_megahit	lane121s003979_bin.1.s	M_acald_e	0.19736842105263158	0.15	1	0.029605263157894735
all	minimal	lane122s000536_megahit	lane121s003979_bin.1.s	M_fe3_e	0.19736842105263158	0.61	1	0.12039473684210526
all	minimal	lane122s000536_megahit	lane121s003979_bin.1.s	M_glc__D_e	0.19736842105263158	1.0	1	0.19736842105263158
all	minimal	lane122s000536_megahit	lane121s003979_bin.1.s	M_h2s_e	0.19736842105263158	0.01	1	0.001973684210526316
all	minimal	lane122s000536_megahit	lane121s003979_bin.1.s	M_nh4_e	0.19736842105263158	0.64	1	0.12631578947368421
all	minimal	lane122s000536_megahit	lane121s003979_bin.1.s	M_pi_e	0.19736842105263158	1.0	1	0.19736842105263158
all	minimal	lane122s000536_megahit	lane121s003979_bin.1.s	M_s_e	0.19736842105263158	0.98	1	0.19342105263157894
all	minimal	lane122s000536_megahit	lane121s003996_shovill	M_acald_e	0.19736842105263158	0.15	1	0.029605263157894735
all	minimal	lane122s000536_megahit	lane121s003996_shovill	M_bz_e	0.19736842105263158	0.02	1	0.003947368421052632
all	minimal	lane122s000536_megahit	lane121s003996_shovill	M_fe3_e	0.19736842105263158	0.61	1	0.12039473684210526
all	minimal	lane122s000536_megahit	lane121s003996_shovill	M_glc__D_e	0.19736842105263158	1.0	1	0.19736842105263158
all	minimal	lane122s000536_megahit	lane121s003996_shovill	M_h2s_e	0.19736842105263158	0.01	1	0.001973684210526316
all	minimal	lane122s000536_megahit	lane121s003996_shovill	M_nh4_e	0.19736842105263158	0.64	1	0.12631578947368421
all	minimal	lane122s000536_megahit	lane121s003996_shovill	M_s_e	0.19736842105263158	0.98	1	0.19342105263157894
all	minimal	lane122s000536_megahit	lane122s000517_bin.1.p	M_acald_e	0.19736842105263158	0.15	1	0.029605263157894735
all	minimal	lane122s000536_megahit	lane122s000517_bin.1.p	M_fe3_e	0.19736842105263158	0.61	1	0.12039473684210526
all	minimal	lane122s000536_megahit	lane122s000517_bin.1.p	M_glc__D_e	0.19736842105263158	1.0	1	0.19736842105263158
all	minimal	lane122s000536_megahit	lane122s000517_bin.1.p	M_h2s_e	0.19736842105263158	0.01	1	0.001973684210526316
all	minimal	lane122s000536_megahit	lane122s000517_bin.1.p	M_nh4_e	0.19736842105263158	0.64	1	0.12631578947368421
all	minimal	lane122s000536_megahit	lane122s000517_bin.1.p	M_s_e	0.19736842105263158	0.98	1	0.19342105263157894
all	minimal	lane122s000536_megahit	lane122s000517_bin.2.s	M_acald_e	0.19736842105263158	0.15	1	0.029605263157894735
all	minimal	lane122s000536_megahit	lane122s000517_bin.2.s	M_asp__L_e	0.19736842105263158	0.02	1	0.003947368421052632
all	minimal	lane122s000536_megahit	lane122s000517_bin.2.s	M_fe3_e	0.19736842105263158	0.61	1	0.12039473684210526
all	minimal	lane122s000536_megahit	lane122s000517_bin.2.s	M_h2s_e	0.19736842105263158	0.01	1	0.001973684210526316
all	minimal	lane122s000536_megahit	lane122s000517_bin.2.s	M_nh4_e	0.19736842105263158	0.64	1	0.12631578947368421
all	minimal	lane122s000536_megahit	lane122s000517_bin.2.s	M_pi_e	0.19736842105263158	1.0	1	0.19736842105263158
all	minimal	lane122s000536_megahit	lane122s000531_bin.1.o	M_acald_e	1.0	0.15	1	0.15
all	minimal	lane122s000536_megahit	lane122s000531_bin.1.o	M_bz_e	1.0	0.02	1	0.02
all	minimal	lane122s000536_megahit	lane122s000531_bin.1.o	M_fe3_e	1.0	0.61	1	0.61
all	minimal	lane122s000536_megahit	lane122s000531_bin.1.o	M_gua_e	1.0	0.03	1	0.03
all	minimal	lane122s000536_megahit	lane122s000531_bin.1.o	M_h2s_e	1.0	0.01	1	0.01
all	minimal	lane122s000536_megahit	lane122s000531_bin.1.o	M_nh4_e	1.0	0.64	1	0.64
all	minimal	lane122s000536_megahit	lane122s000531_bin.1.o	M_thym_e	1.0	1.0	1	1.0
all	minimal	lane122s000536_megahit	lane122s000601_bin.10.s	M_acald_e	0.07894736842105263	0.15	1	0.011842105263157893
all	minimal	lane122s000536_megahit	lane122s000601_bin.10.s	M_fe3_e	0.07894736842105263	0.61	1	0.0481578947368421
all	minimal	lane122s000536_megahit	lane122s000601_bin.10.s	M_gua_e	0.07894736842105263	0.03	1	0.0023684210526315787
all	minimal	lane122s000536_megahit	lane122s000601_bin.10.s	M_h2s_e	0.07894736842105263	0.01	1	0.0007894736842105263
all	minimal	lane122s000536_megahit	lane122s000601_bin.10.s	M_nh4_e	0.07894736842105263	0.64	1	0.05052631578947368
all	minimal	lane122s000536_megahit	lane122s000601_bin.10.s	M_pi_e	0.07894736842105263	1.0	1	0.07894736842105263
all	minimal	lane122s000536_megahit	lane122s000601_bin.10.s	M_s_e	0.07894736842105263	0.98	1	0.07736842105263157
all	minimal	lane122s000536_megahit	lane122s000601_bin.10.s	M_thym_e	0.07894736842105263	1.0	1	0.07894736842105263
all	minimal	lane122s000536_megahit	lane122s000601_bin.1.o	M_acald_e	0.07894736842105263	0.15	1	0.011842105263157893
all	minimal	lane122s000536_megahit	lane122s000601_bin.1.o	M_bz_e	0.07894736842105263	0.02	1	0.0015789473684210526
all	minimal	lane122s000536_megahit	lane122s000601_bin.1.o	M_fe3_e	0.07894736842105263	0.61	1	0.0481578947368421
all	minimal	lane122s000536_megahit	lane122s000601_bin.1.o	M_h2s_e	0.07894736842105263	0.01	1	0.0007894736842105263
all	minimal	lane122s000536_megahit	lane122s000601_bin.1.o	M_nh4_e	0.07894736842105263	0.64	1	0.05052631578947368
all	minimal	lane122s000536_megahit	lane122s000601_bin.1.o	M_s_e	0.07894736842105263	0.98	1	0.07736842105263157
all	minimal	lane122s000536_megahit	lane122s000601_bin.2.o	M_acald_e	0.07894736842105263	0.15	1	0.011842105263157893
all	minimal	lane122s000536_megahit	lane122s000601_bin.2.o	M_fe3_e	0.07894736842105263	0.61	1	0.0481578947368421
all	minimal	lane122s000536_megahit	lane122s000601_bin.2.o	M_h2s_e	0.07894736842105263	0.01	1	0.0007894736842105263
all	minimal	lane122s000536_megahit	lane122s000601_bin.2.o	M_nh4_e	0.07894736842105263	0.64	1	0.05052631578947368
all	minimal	lane122s000536_megahit	lane122s000601_bin.3.s	M_acald_e	0.07894736842105263	0.15	1	0.011842105263157893
all	minimal	lane122s000536_megahit	lane122s000601_bin.3.s	M_arg__L_e	0.07894736842105263	0.02	1	0.0015789473684210526
all	minimal	lane122s000536_megahit	lane122s000601_bin.3.s	M_asp__L_e	0.07894736842105263	0.02	1	0.0015789473684210526
all	minimal	lane122s000536_megahit	lane122s000601_bin.3.s	M_bz_e	0.07894736842105263	0.02	1	0.0015789473684210526
all	minimal	lane122s000536_megahit	lane122s000601_bin.3.s	M_fe3_e	0.07894736842105263	0.61	1	0.0481578947368421
all	minimal	lane122s000536_megahit	lane122s000601_bin.3.s	M_h2s_e	0.07894736842105263	0.01	1	0.0007894736842105263
all	minimal	lane122s000536_megahit	lane122s000601_bin.3.s	M_nh4_e	0.07894736842105263	0.64	1	0.05052631578947368
all	minimal	lane122s000536_megahit	lane122s000601_bin.3.s	M_no2_e	0.07894736842105263	0.19	1	0.015
all	minimal	lane122s000536_megahit	lane122s000601_bin.3.s	M_pi_e	0.07894736842105263	1.0	1	0.07894736842105263
all	minimal	lane122s000536_megahit	lane122s000601_bin.3.s	M_s_e	0.07894736842105263	0.98	1	0.07736842105263157
all	minimal	lane122s000536_megahit	lane122s000601_bin.4.o	M_acald_e	0.07894736842105263	0.15	1	0.011842105263157893
all	minimal	lane122s000536_megahit	lane122s000601_bin.4.o	M_bz_e	0.07894736842105263	0.02	1	0.0015789473684210526
all	minimal	lane122s000536_megahit	lane122s000601_bin.4.o	M_fe3_e	0.07894736842105263	0.61	1	0.0481578947368421
all	minimal	lane122s000536_megahit	lane122s000601_bin.4.o	M_h2s_e	0.07894736842105263	0.01	1	0.0007894736842105263
all	minimal	lane122s000536_megahit	lane122s000601_bin.4.o	M_nh4_e	0.07894736842105263	0.64	1	0.05052631578947368
all	minimal	lane122s000536_megahit	lane122s000601_bin.4.o	M_pi_e	0.07894736842105263	1.0	1	0.07894736842105263
all	minimal	lane122s000536_megahit	lane122s000601_bin.4.o	M_s_e	0.07894736842105263	0.98	1	0.07736842105263157
all	minimal	lane122s000536_megahit	lane122s000601_bin.5.o	M_acald_e	0.09210526315789473	0.15	1	0.01381578947368421
all	minimal	lane122s000536_megahit	lane122s000601_bin.5.o	M_bz_e	0.09210526315789473	0.02	1	0.0018421052631578947
all	minimal	lane122s000536_megahit	lane122s000601_bin.5.o	M_fe3_e	0.09210526315789473	0.61	1	0.05618421052631579
all	minimal	lane122s000536_megahit	lane122s000601_bin.5.o	M_h2s_e	0.09210526315789473	0.01	1	0.0009210526315789473
all	minimal	lane122s000536_megahit	lane122s000601_bin.5.o	M_nh4_e	0.09210526315789473	0.64	1	0.05894736842105263
all	minimal	lane122s000536_megahit	lane122s000601_bin.5.o	M_pi_e	0.09210526315789473	1.0	1	0.09210526315789473
all	minimal	lane122s000536_megahit	lane122s000601_bin.6.o	M_acald_e	1.0	0.15	1	0.15
all	minimal	lane122s000536_megahit	lane122s000601_bin.6.o	M_bz_e	1.0	0.02	1	0.02
all	minimal	lane122s000536_megahit	lane122s000601_bin.6.o	M_fe3_e	1.0	0.61	1	0.61
all	minimal	lane122s000536_megahit	lane122s000601_bin.6.o	M_glc__D_e	1.0	1.0	1	1.0
all	minimal	lane122s000536_megahit	lane122s000601_bin.6.o	M_h2s_e	1.0	0.01	1	0.01
all	minimal	lane122s000536_megahit	lane122s000601_bin.6.o	M_nh4_e	1.0	0.64	1	0.64
all	minimal	lane122s000536_megahit	lane122s000601_bin.6.o	M_pi_e	1.0	1.0	1	1.0
all	minimal	lane122s000536_megahit	lane122s000601_bin.6.o	M_s_e	1.0	0.98	1	0.98
all	minimal	lane122s000536_megahit	lane122s000601_bin.7.o	M_acald_e	0.07894736842105263	0.15	1	0.011842105263157893
all	minimal	lane122s000536_megahit	lane122s000601_bin.7.o	M_bz_e	0.07894736842105263	0.02	1	0.0015789473684210526
all	minimal	lane122s000536_megahit	lane122s000601_bin.7.o	M_fe3_e	0.07894736842105263	0.61	1	0.0481578947368421
all	minimal	lane122s000536_megahit	lane122s000601_bin.7.o	M_h2s_e	0.07894736842105263	0.01	1	0.0007894736842105263
all	minimal	lane122s000536_megahit	lane122s000601_bin.7.o	M_nh4_e	0.07894736842105263	0.64	1	0.05052631578947368
all	minimal	lane122s000536_megahit	lane122s000601_bin.8.s	M_acald_e	0.09210526315789473	0.15	1	0.01381578947368421
all	minimal	lane122s000536_megahit	lane122s000601_bin.8.s	M_bz_e	0.09210526315789473	0.02	1	0.0018421052631578947
all	minimal	lane122s000536_megahit	lane122s000601_bin.8.s	M_fe3_e	0.09210526315789473	0.61	1	0.05618421052631579
all	minimal	lane122s000536_megahit	lane122s000601_bin.8.s	M_nh4_e	0.09210526315789473	0.64	1	0.05894736842105263
all	minimal	lane122s000536_megahit	lane122s000601_bin.9.p	M_acald_e	0.07894736842105263	0.15	1	0.011842105263157893
all	minimal	lane122s000536_megahit	lane122s000601_bin.9.p	M_arg__L_e	0.07894736842105263	0.02	1	0.0015789473684210526
all	minimal	lane122s000536_megahit	lane122s000601_bin.9.p	M_bz_e	0.07894736842105263	0.02	1	0.0015789473684210526
all	minimal	lane122s000536_megahit	lane122s000601_bin.9.p	M_fe3_e	0.07894736842105263	0.61	1	0.0481578947368421
all	minimal	lane122s000536_megahit	lane122s000601_bin.9.p	M_h2s_e	0.07894736842105263	0.01	1	0.0007894736842105263
all	minimal	lane122s000536_megahit	lane122s000601_bin.9.p	M_nh4_e	0.07894736842105263	0.64	1	0.05052631578947368
all	minimal	lane122s000601_bin.10.s	lane121s003976_shovill	M_acald_e	0.1111111111111111	0.02	1	0.0022222222222222222
all	minimal	lane122s000601_bin.10.s	lane121s003976_shovill	M_acglu_e	0.1111111111111111	0.08	1	0.008888888888888889
all	minimal	lane122s000601_bin.10.s	lane121s003976_shovill	M_etoh_e	0.1111111111111111	0.08	1	0.008888888888888889
all	minimal	lane122s000601_bin.10.s	lane121s003976_shovill	M_fe3_e	0.1111111111111111	0.05	1	0.005555555555555556
all	minimal	lane122s000601_bin.10.s	lane121s003976_shovill	M_glu__L_e	0.1111111111111111	0.02	1	0.0022222222222222222
all	minimal	lane122s000601_bin.10.s	lane121s003976_shovill	M_h2o_e	0.1111111111111111	0.02	1	0.0022222222222222222
all	minimal	lane122s000601_bin.10.s	lane121s003976_shovill	M_h2s_e	0.1111111111111111	0.38	1	0.042222222222222223
all	minimal	lane122s000601_bin.10.s	lane121s003976_shovill	M_h_e	0.1111111111111111	0.69	1	0.07666666666666666
all	minimal	lane122s000601_bin.10.s	lane121s003976_shovill	M_s_e	0.1111111111111111	0.6	1	0.06666666666666667
all	minimal	lane122s000601_bin.10.s	lane121s003978_shovill	M_acald_e	0.05555555555555555	0.02	1	0.0011111111111111111
all	minimal	lane122s000601_bin.10.s	lane121s003978_shovill	M_etoh_e	0.05555555555555555	0.08	1	0.0044444444444444444
all	minimal	lane122s000601_bin.10.s	lane121s003978_shovill	M_fe3_e	0.05555555555555555	0.05	1	0.002777777777777778
all	minimal	lane122s000601_bin.10.s	lane121s003978_shovill	M_h2o_e	0.05555555555555555	0.02	1	0.0011111111111111111
all	minimal	lane122s000601_bin.10.s	lane121s003978_shovill	M_h2s_e	0.05555555555555555	0.38	1	0.021111111111111112
all	minimal	lane122s000601_bin.10.s	lane121s003978_shovill	M_h_e	0.05555555555555555	0.69	1	0.03833333333333333
all	minimal	lane122s000601_bin.10.s	lane121s003978_shovill	M_ncam_e	0.05555555555555555	0.01	1	0.0005555555555555556
all	minimal	lane122s000601_bin.10.s	lane121s003978_shovill	M_s_e	0.05555555555555555	0.6	1	0.03333333333333333
all	minimal	lane122s000601_bin.10.s	lane121s003979_bin.1.s	M_acald_e	0.05555555555555555	0.02	1	0.0011111111111111111
all	minimal	lane122s000601_bin.10.s	lane121s003979_bin.1.s	M_etoh_e	0.05555555555555555	0.08	1	0.0044444444444444444
all	minimal	lane122s000601_bin.10.s	lane121s003979_bin.1.s	M_fe3_e	0.05555555555555555	0.05	1	0.002777777777777778
all	minimal	lane122s000601_bin.10.s	lane121s003979_bin.1.s	M_h2o_e	0.05555555555555555	0.02	1	0.0011111111111111111
all	minimal	lane122s000601_bin.10.s	lane121s003979_bin.1.s	M_h2s_e	0.05555555555555555	0.38	1	0.021111111111111112
all	minimal	lane122s000601_bin.10.s	lane121s003979_bin.1.s	M_h_e	0.05555555555555555	0.69	1	0.03833333333333333
all	minimal	lane122s000601_bin.10.s	lane121s003979_bin.1.s	M_ncam_e	0.05555555555555555	0.01	1	0.0005555555555555556
all	minimal	lane122s000601_bin.10.s	lane121s003979_bin.1.s	M_pi_e	0.05555555555555555	0.98	1	0.05444444444444444
all	minimal	lane122s000601_bin.10.s	lane121s003979_bin.1.s	M_s_e	0.05555555555555555	0.6	1	0.03333333333333333
all	minimal	lane122s000601_bin.10.s	lane121s003996_shovill	M_acald_e	0.1111111111111111	0.02	1	0.0022222222222222222
all	minimal	lane122s000601_bin.10.s	lane121s003996_shovill	M_acglu_e	0.1111111111111111	0.08	1	0.008888888888888889
all	minimal	lane122s000601_bin.10.s	lane121s003996_shovill	M_etoh_e	0.1111111111111111	0.08	1	0.008888888888888889
all	minimal	lane122s000601_bin.10.s	lane121s003996_shovill	M_fe3_e	0.1111111111111111	0.05	1	0.005555555555555556
all	minimal	lane122s000601_bin.10.s	lane121s003996_shovill	M_glu__L_e	0.1111111111111111	0.02	1	0.0022222222222222222
all	minimal	lane122s000601_bin.10.s	lane121s003996_shovill	M_h2o_e	0.1111111111111111	0.02	1	0.0022222222222222222
all	minimal	lane122s000601_bin.10.s	lane121s003996_shovill	M_h2s_e	0.1111111111111111	0.38	1	0.042222222222222223
all	minimal	lane122s000601_bin.10.s	lane121s003996_shovill	M_h_e	0.1111111111111111	0.69	1	0.07666666666666666
all	minimal	lane122s000601_bin.10.s	lane121s003996_shovill	M_s_e	0.1111111111111111	0.6	1	0.06666666666666667
all	minimal	lane122s000601_bin.10.s	lane122s000517_bin.1.p	M_acald_e	0.1111111111111111	0.02	1	0.0022222222222222222
all	minimal	lane122s000601_bin.10.s	lane122s000517_bin.1.p	M_acglu_e	0.1111111111111111	0.08	1	0.008888888888888889
all	minimal	lane122s000601_bin.10.s	lane122s000517_bin.1.p	M_etoh_e	0.1111111111111111	0.08	1	0.008888888888888889
all	minimal	lane122s000601_bin.10.s	lane122s000517_bin.1.p	M_fe3_e	0.1111111111111111	0.05	1	0.005555555555555556
all	minimal	lane122s000601_bin.10.s	lane122s000517_bin.1.p	M_glu__L_e	0.1111111111111111	0.02	1	0.0022222222222222222
all	minimal	lane122s000601_bin.10.s	lane122s000517_bin.1.p	M_h2o_e	0.1111111111111111	0.02	1	0.0022222222222222222
all	minimal	lane122s000601_bin.10.s	lane122s000517_bin.1.p	M_h2s_e	0.1111111111111111	0.38	1	0.042222222222222223
all	minimal	lane122s000601_bin.10.s	lane122s000517_bin.1.p	M_h_e	0.1111111111111111	0.69	1	0.07666666666666666
all	minimal	lane122s000601_bin.10.s	lane122s000517_bin.1.p	M_s_e	0.1111111111111111	0.6	1	0.06666666666666667
all	minimal	lane122s000601_bin.10.s	lane122s000517_bin.2.s	M_acald_e	0.05555555555555555	0.02	1	0.0011111111111111111
all	minimal	lane122s000601_bin.10.s	lane122s000517_bin.2.s	M_etoh_e	0.05555555555555555	0.08	1	0.0044444444444444444
all	minimal	lane122s000601_bin.10.s	lane122s000517_bin.2.s	M_fe3_e	0.05555555555555555	0.05	1	0.002777777777777778
all	minimal	lane122s000601_bin.10.s	lane122s000517_bin.2.s	M_h2o_e	0.05555555555555555	0.02	1	0.0011111111111111111
all	minimal	lane122s000601_bin.10.s	lane122s000517_bin.2.s	M_h2s_e	0.05555555555555555	0.38	1	0.021111111111111112
all	minimal	lane122s000601_bin.10.s	lane122s000517_bin.2.s	M_h_e	0.05555555555555555	0.69	1	0.03833333333333333
all	minimal	lane122s000601_bin.10.s	lane122s000517_bin.2.s	M_pi_e	0.05555555555555555	0.98	1	0.05444444444444444
all	minimal	lane122s000601_bin.10.s	lane122s000531_bin.1.o	M_acald_e	0.1111111111111111	0.02	1	0.0022222222222222222
all	minimal	lane122s000601_bin.10.s	lane122s000531_bin.1.o	M_acglu_e	0.1111111111111111	0.08	1	0.008888888888888889
all	minimal	lane122s000601_bin.10.s	lane122s000531_bin.1.o	M_etoh_e	0.1111111111111111	0.08	1	0.008888888888888889
all	minimal	lane122s000601_bin.10.s	lane122s000531_bin.1.o	M_fe3_e	0.1111111111111111	0.05	1	0.005555555555555556
all	minimal	lane122s000601_bin.10.s	lane122s000531_bin.1.o	M_gua_e	0.1111111111111111	0.04	1	0.0044444444444444444
all	minimal	lane122s000601_bin.10.s	lane122s000531_bin.1.o	M_h2o_e	0.1111111111111111	0.02	1	0.0022222222222222222
all	minimal	lane122s000601_bin.10.s	lane122s000531_bin.1.o	M_h2s_e	0.1111111111111111	0.38	1	0.042222222222222223
all	minimal	lane122s000601_bin.10.s	lane122s000531_bin.1.o	M_h_e	0.1111111111111111	0.69	1	0.07666666666666666
all	minimal	lane122s000601_bin.10.s	lane122s000536_megahit	M_acald_e	0.05555555555555555	0.02	1	0.0011111111111111111
all	minimal	lane122s000601_bin.10.s	lane122s000536_megahit	M_etoh_e	0.05555555555555555	0.08	1	0.0044444444444444444
all	minimal	lane122s000601_bin.10.s	lane122s000536_megahit	M_fe3_e	0.05555555555555555	0.05	1	0.002777777777777778
all	minimal	lane122s000601_bin.10.s	lane122s000536_megahit	M_glu__L_e	0.05555555555555555	0.02	1	0.0011111111111111111
all	minimal	lane122s000601_bin.10.s	lane122s000536_megahit	M_gua_e	0.05555555555555555	0.04	1	0.0022222222222222222
all	minimal	lane122s000601_bin.10.s	lane122s000536_megahit	M_h2o_e	0.05555555555555555	0.02	1	0.0011111111111111111
all	minimal	lane122s000601_bin.10.s	lane122s000536_megahit	M_h2s_e	0.05555555555555555	0.38	1	0.021111111111111112
all	minimal	lane122s000601_bin.10.s	lane122s000536_megahit	M_h_e	0.05555555555555555	0.69	1	0.03833333333333333
all	minimal	lane122s000601_bin.10.s	lane122s000536_megahit	M_s_e	0.05555555555555555	0.6	1	0.03333333333333333
all	minimal	lane122s000601_bin.10.s	lane122s000601_bin.1.o	M_acald_e	0.05555555555555555	0.02	1	0.0011111111111111111
all	minimal	lane122s000601_bin.10.s	lane122s000601_bin.1.o	M_etoh_e	0.05555555555555555	0.08	1	0.0044444444444444444
all	minimal	lane122s000601_bin.10.s	lane122s000601_bin.1.o	M_fe3_e	0.05555555555555555	0.05	1	0.002777777777777778
all	minimal	lane122s000601_bin.10.s	lane122s000601_bin.1.o	M_h2o_e	0.05555555555555555	0.02	1	0.0011111111111111111
all	minimal	lane122s000601_bin.10.s	lane122s000601_bin.1.o	M_h2s_e	0.05555555555555555	0.38	1	0.021111111111111112
all	minimal	lane122s000601_bin.10.s	lane122s000601_bin.1.o	M_h_e	0.05555555555555555	0.69	1	0.03833333333333333
all	minimal	lane122s000601_bin.10.s	lane122s000601_bin.1.o	M_s_e	0.05555555555555555	0.6	1	0.03333333333333333
all	minimal	lane122s000601_bin.10.s	lane122s000601_bin.2.o	M_acald_e	0.05555555555555555	0.02	1	0.0011111111111111111
all	minimal	lane122s000601_bin.10.s	lane122s000601_bin.2.o	M_etoh_e	0.05555555555555555	0.08	1	0.0044444444444444444
all	minimal	lane122s000601_bin.10.s	lane122s000601_bin.2.o	M_fe3_e	0.05555555555555555	0.05	1	0.002777777777777778
all	minimal	lane122s000601_bin.10.s	lane122s000601_bin.2.o	M_h2o_e	0.05555555555555555	0.02	1	0.0011111111111111111
all	minimal	lane122s000601_bin.10.s	lane122s000601_bin.2.o	M_h2s_e	0.05555555555555555	0.38	1	0.021111111111111112
all	minimal	lane122s000601_bin.10.s	lane122s000601_bin.2.o	M_h_e	0.05555555555555555	0.69	1	0.03833333333333333
all	minimal	lane122s000601_bin.10.s	lane122s000601_bin.2.o	M_hxan_e	0.05555555555555555	0.14	1	0.007777777777777778
all	minimal	lane122s000601_bin.10.s	lane122s000601_bin.3.s	M_acald_e	0.7222222222222222	0.02	1	0.014444444444444444
all	minimal	lane122s000601_bin.10.s	lane122s000601_bin.3.s	M_arg__L_e	0.7222222222222222	0.92	1	0.6644444444444445
all	minimal	lane122s000601_bin.10.s	lane122s000601_bin.3.s	M_etoh_e	0.7222222222222222	0.08	1	0.057777777777777775
all	minimal	lane122s000601_bin.10.s	lane122s000601_bin.3.s	M_fe3_e	0.7222222222222222	0.05	1	0.036111111111111115
all	minimal	lane122s000601_bin.10.s	lane122s000601_bin.3.s	M_glu__L_e	0.7222222222222222	0.02	1	0.014444444444444444
all	minimal	lane122s000601_bin.10.s	lane122s000601_bin.3.s	M_glyc3p_e	0.7222222222222222	0.02	1	0.014444444444444444
all	minimal	lane122s000601_bin.10.s	lane122s000601_bin.3.s	M_h2o_e	0.7222222222222222	0.02	1	0.014444444444444444
all	minimal	lane122s000601_bin.10.s	lane122s000601_bin.3.s	M_h2s_e	0.7222222222222222	0.38	1	0.27444444444444444
all	minimal	lane122s000601_bin.10.s	lane122s000601_bin.3.s	M_h_e	0.7222222222222222	0.69	1	0.4983333333333333
all	minimal	lane122s000601_bin.10.s	lane122s000601_bin.3.s	M_leu__L_e	0.7222222222222222	1.0	1	0.7222222222222222
all	minimal	lane122s000601_bin.10.s	lane122s000601_bin.3.s	M_pi_e	0.7222222222222222	0.98	1	0.7077777777777777
all	minimal	lane122s000601_bin.10.s	lane122s000601_bin.3.s	M_s_e	0.7222222222222222	0.6	1	0.4333333333333333
all	minimal	lane122s000601_bin.10.s	lane122s000601_bin.4.o	M_ac_e	0.3333333333333333	0.44	1	0.14666666666666667
all	minimal	lane122s000601_bin.10.s	lane122s000601_bin.4.o	M_acald_e	0.3333333333333333	0.02	1	0.006666666666666666
all	minimal	lane122s000601_bin.10.s	lane122s000601_bin.4.o	M_etoh_e	0.3333333333333333	0.08	1	0.026666666666666665
all	minimal	lane122s000601_bin.10.s	lane122s000601_bin.4.o	M_fe3_e	0.3333333333333333	0.05	1	0.016666666666666666
all	minimal	lane122s000601_bin.10.s	lane122s000601_bin.4.o	M_h2o_e	0.3333333333333333	0.02	1	0.006666666666666666
all	minimal	lane122s000601_bin.10.s	lane122s000601_bin.4.o	M_h2s_e	0.3333333333333333	0.38	1	0.12666666666666665
all	minimal	lane122s000601_bin.10.s	lane122s000601_bin.4.o	M_h_e	0.3333333333333333	0.69	1	0.22999999999999998
all	minimal	lane122s000601_bin.10.s	lane122s000601_bin.4.o	M_hxan_e	0.3333333333333333	0.14	1	0.04666666666666667
all	minimal	lane122s000601_bin.10.s	lane122s000601_bin.4.o	M_leu__L_e	0.3333333333333333	1.0	1	0.3333333333333333
all	minimal	lane122s000601_bin.10.s	lane122s000601_bin.4.o	M_pi_e	0.3333333333333333	0.98	1	0.32666666666666666
all	minimal	lane122s000601_bin.10.s	lane122s000601_bin.4.o	M_s_e	0.3333333333333333	0.6	1	0.19999999999999998
all	minimal	lane122s000601_bin.10.s	lane122s000601_bin.6.o	M_acald_e	1.0	0.02	1	0.02
all	minimal	lane122s000601_bin.10.s	lane122s000601_bin.6.o	M_etoh_e	1.0	0.08	1	0.08
all	minimal	lane122s000601_bin.10.s	lane122s000601_bin.6.o	M_fe3_e	1.0	0.05	1	0.05
all	minimal	lane122s000601_bin.10.s	lane122s000601_bin.6.o	M_h2o_e	1.0	0.02	1	0.02
all	minimal	lane122s000601_bin.10.s	lane122s000601_bin.6.o	M_h2s_e	1.0	0.38	1	0.38
all	minimal	lane122s000601_bin.10.s	lane122s000601_bin.6.o	M_h_e	1.0	0.69	1	0.69
all	minimal	lane122s000601_bin.10.s	lane122s000601_bin.6.o	M_hxan_e	1.0	0.14	1	0.14
all	minimal	lane122s000601_bin.10.s	lane122s000601_bin.6.o	M_pi_e	1.0	0.98	1	0.98
all	minimal	lane122s000601_bin.10.s	lane122s000601_bin.6.o	M_s_e	1.0	0.6	1	0.6
all	minimal	lane122s000601_bin.10.s	lane122s000601_bin.6.o	M_thm_e	1.0	1.0	1	1.0
all	minimal	lane122s000601_bin.10.s	lane122s000601_bin.8.s	M_acald_e	0.05555555555555555	0.02	1	0.0011111111111111111
all	minimal	lane122s000601_bin.10.s	lane122s000601_bin.8.s	M_fe3_e	0.05555555555555555	0.05	1	0.002777777777777778
all	minimal	lane122s000601_bin.10.s	lane122s000601_bin.8.s	M_h2o_e	0.05555555555555555	0.02	1	0.0011111111111111111
all	minimal	lane122s000601_bin.10.s	lane122s000601_bin.8.s	M_h_e	0.05555555555555555	0.69	1	0.03833333333333333
all	minimal	lane122s000601_bin.10.s	lane122s000601_bin.8.s	M_hxan_e	0.05555555555555555	0.14	1	0.007777777777777778
all	minimal	lane122s000601_bin.10.s	lane122s000601_bin.8.s	M_thm_e	0.05555555555555555	1.0	1	0.05555555555555555
all	minimal	lane122s000601_bin.10.s	lane122s000601_bin.9.p	M_ac_e	0.05555555555555555	0.44	1	0.024444444444444442
all	minimal	lane122s000601_bin.10.s	lane122s000601_bin.9.p	M_acald_e	0.05555555555555555	0.02	1	0.0011111111111111111
all	minimal	lane122s000601_bin.10.s	lane122s000601_bin.9.p	M_arg__L_e	0.05555555555555555	0.92	1	0.05111111111111111
all	minimal	lane122s000601_bin.10.s	lane122s000601_bin.9.p	M_fe3_e	0.05555555555555555	0.05	1	0.002777777777777778
all	minimal	lane122s000601_bin.10.s	lane122s000601_bin.9.p	M_h2o_e	0.05555555555555555	0.02	1	0.0011111111111111111
all	minimal	lane122s000601_bin.10.s	lane122s000601_bin.9.p	M_h2s_e	0.05555555555555555	0.38	1	0.021111111111111112
all	minimal	lane122s000601_bin.10.s	lane122s000601_bin.9.p	M_h_e	0.05555555555555555	0.69	1	0.03833333333333333
all	minimal	lane122s000601_bin.1.o	lane121s003976_shovill	M_acald_e	0.0625	0.55	1	0.034375
all	minimal	lane122s000601_bin.1.o	lane121s003976_shovill	M_actn__R_e	0.0625	0.01	1	0.000625
all	minimal	lane122s000601_bin.1.o	lane121s003976_shovill	M_fe3_e	0.0625	0.03	1	0.001875
all	minimal	lane122s000601_bin.1.o	lane121s003976_shovill	M_glyclt_e	0.0625	0.03	1	0.001875
all	minimal	lane122s000601_bin.1.o	lane121s003976_shovill	M_h2o_e	0.0625	0.02	1	0.00125
all	minimal	lane122s000601_bin.1.o	lane121s003976_shovill	M_h_e	0.0625	0.24	1	0.015
all	minimal	lane122s000601_bin.1.o	lane121s003976_shovill	M_lys__L_e	0.0625	0.01	1	0.000625
all	minimal	lane122s000601_bin.1.o	lane121s003976_shovill	M_nh4_e	0.0625	0.01	1	0.000625
all	minimal	lane122s000601_bin.1.o	lane121s003976_shovill	M_no2_e	0.0625	0.02	1	0.00125
all	minimal	lane122s000601_bin.1.o	lane121s003976_shovill	M_rib__D_e	0.0625	0.03	1	0.001875
all	minimal	lane122s000601_bin.1.o	lane121s003976_shovill	M_s_e	0.0625	0.86	1	0.05375
all	minimal	lane122s000601_bin.1.o	lane121s003978_shovill	M_acald_e	0.0625	0.55	1	0.034375
all	minimal	lane122s000601_bin.1.o	lane121s003978_shovill	M_fe3_e	0.0625	0.03	1	0.001875
all	minimal	lane122s000601_bin.1.o	lane121s003978_shovill	M_h2o_e	0.0625	0.02	1	0.00125
all	minimal	lane122s000601_bin.1.o	lane121s003978_shovill	M_h_e	0.0625	0.24	1	0.015
all	minimal	lane122s000601_bin.1.o	lane121s003978_shovill	M_lys__L_e	0.0625	0.01	1	0.000625
all	minimal	lane122s000601_bin.1.o	lane121s003978_shovill	M_nh4_e	0.0625	0.01	1	0.000625
all	minimal	lane122s000601_bin.1.o	lane121s003978_shovill	M_rib__D_e	0.0625	0.03	1	0.001875
all	minimal	lane122s000601_bin.1.o	lane121s003978_shovill	M_s_e	0.0625	0.86	1	0.05375
all	minimal	lane122s000601_bin.1.o	lane121s003979_bin.1.s	M_acald_e	0.0625	0.55	1	0.034375
all	minimal	lane122s000601_bin.1.o	lane121s003979_bin.1.s	M_fe3_e	0.0625	0.03	1	0.001875
all	minimal	lane122s000601_bin.1.o	lane121s003979_bin.1.s	M_fum_e	0.0625	0.01	1	0.000625
all	minimal	lane122s000601_bin.1.o	lane121s003979_bin.1.s	M_h2o_e	0.0625	0.02	1	0.00125
all	minimal	lane122s000601_bin.1.o	lane121s003979_bin.1.s	M_h_e	0.0625	0.24	1	0.015
all	minimal	lane122s000601_bin.1.o	lane121s003979_bin.1.s	M_hom__L_e	0.0625	0.01	1	0.000625
all	minimal	lane122s000601_bin.1.o	lane121s003979_bin.1.s	M_lys__L_e	0.0625	0.01	1	0.000625
all	minimal	lane122s000601_bin.1.o	lane121s003979_bin.1.s	M_nh4_e	0.0625	0.01	1	0.000625
all	minimal	lane122s000601_bin.1.o	lane121s003979_bin.1.s	M_pi_e	0.0625	1.0	1	0.0625
all	minimal	lane122s000601_bin.1.o	lane121s003979_bin.1.s	M_rib__D_e	0.0625	0.03	1	0.001875
all	minimal	lane122s000601_bin.1.o	lane121s003979_bin.1.s	M_s_e	0.0625	0.86	1	0.05375
all	minimal	lane122s000601_bin.1.o	lane121s003996_shovill	M_acald_e	0.0625	0.55	1	0.034375
all	minimal	lane122s000601_bin.1.o	lane121s003996_shovill	M_actn__R_e	0.0625	0.01	1	0.000625
all	minimal	lane122s000601_bin.1.o	lane121s003996_shovill	M_fe3_e	0.0625	0.03	1	0.001875
all	minimal	lane122s000601_bin.1.o	lane121s003996_shovill	M_h2o_e	0.0625	0.02	1	0.00125
all	minimal	lane122s000601_bin.1.o	lane121s003996_shovill	M_h_e	0.0625	0.24	1	0.015
all	minimal	lane122s000601_bin.1.o	lane121s003996_shovill	M_lys__L_e	0.0625	0.01	1	0.000625
all	minimal	lane122s000601_bin.1.o	lane121s003996_shovill	M_nh4_e	0.0625	0.01	1	0.000625
all	minimal	lane122s000601_bin.1.o	lane121s003996_shovill	M_rib__D_e	0.0625	0.03	1	0.001875
all	minimal	lane122s000601_bin.1.o	lane121s003996_shovill	M_s_e	0.0625	0.86	1	0.05375
all	minimal	lane122s000601_bin.1.o	lane122s000517_bin.1.p	M_acald_e	0.0625	0.55	1	0.034375
all	minimal	lane122s000601_bin.1.o	lane122s000517_bin.1.p	M_actn__R_e	0.0625	0.01	1	0.000625
all	minimal	lane122s000601_bin.1.o	lane122s000517_bin.1.p	M_fe3_e	0.0625	0.03	1	0.001875
all	minimal	lane122s000601_bin.1.o	lane122s000517_bin.1.p	M_h2o_e	0.0625	0.02	1	0.00125
all	minimal	lane122s000601_bin.1.o	lane122s000517_bin.1.p	M_h_e	0.0625	0.24	1	0.015
all	minimal	lane122s000601_bin.1.o	lane122s000517_bin.1.p	M_lys__L_e	0.0625	0.01	1	0.000625
all	minimal	lane122s000601_bin.1.o	lane122s000517_bin.1.p	M_nh4_e	0.0625	0.01	1	0.000625
all	minimal	lane122s000601_bin.1.o	lane122s000517_bin.1.p	M_rib__D_e	0.0625	0.03	1	0.001875
all	minimal	lane122s000601_bin.1.o	lane122s000517_bin.1.p	M_s_e	0.0625	0.86	1	0.05375
all	minimal	lane122s000601_bin.1.o	lane122s000517_bin.2.s	M_acald_e	0.0625	0.55	1	0.034375
all	minimal	lane122s000601_bin.1.o	lane122s000517_bin.2.s	M_fe3_e	0.0625	0.03	1	0.001875
all	minimal	lane122s000601_bin.1.o	lane122s000517_bin.2.s	M_h2o_e	0.0625	0.02	1	0.00125
all	minimal	lane122s000601_bin.1.o	lane122s000517_bin.2.s	M_h_e	0.0625	0.24	1	0.015
all	minimal	lane122s000601_bin.1.o	lane122s000517_bin.2.s	M_hom__L_e	0.0625	0.01	1	0.000625
all	minimal	lane122s000601_bin.1.o	lane122s000517_bin.2.s	M_lys__L_e	0.0625	0.01	1	0.000625
all	minimal	lane122s000601_bin.1.o	lane122s000517_bin.2.s	M_nh4_e	0.0625	0.01	1	0.000625
all	minimal	lane122s000601_bin.1.o	lane122s000517_bin.2.s	M_pi_e	0.0625	1.0	1	0.0625
all	minimal	lane122s000601_bin.1.o	lane122s000517_bin.2.s	M_rib__D_e	0.0625	0.03	1	0.001875
all	minimal	lane122s000601_bin.1.o	lane122s000531_bin.1.o	M_acald_e	0.0625	0.55	1	0.034375
all	minimal	lane122s000601_bin.1.o	lane122s000531_bin.1.o	M_fe3_e	0.0625	0.03	1	0.001875
all	minimal	lane122s000601_bin.1.o	lane122s000531_bin.1.o	M_h2o_e	0.0625	0.02	1	0.00125
all	minimal	lane122s000601_bin.1.o	lane122s000531_bin.1.o	M_h_e	0.0625	0.24	1	0.015
all	minimal	lane122s000601_bin.1.o	lane122s000531_bin.1.o	M_hom__L_e	0.0625	0.01	1	0.000625
all	minimal	lane122s000601_bin.1.o	lane122s000531_bin.1.o	M_lys__L_e	0.0625	0.01	1	0.000625
all	minimal	lane122s000601_bin.1.o	lane122s000531_bin.1.o	M_nh4_e	0.0625	0.01	1	0.000625
all	minimal	lane122s000601_bin.1.o	lane122s000536_megahit	M_acald_e	0.0625	0.55	1	0.034375
all	minimal	lane122s000601_bin.1.o	lane122s000536_megahit	M_fe3_e	0.0625	0.03	1	0.001875
all	minimal	lane122s000601_bin.1.o	lane122s000536_megahit	M_fum_e	0.0625	0.01	1	0.000625
all	minimal	lane122s000601_bin.1.o	lane122s000536_megahit	M_h2o_e	0.0625	0.02	1	0.00125
all	minimal	lane122s000601_bin.1.o	lane122s000536_megahit	M_h_e	0.0625	0.24	1	0.015
all	minimal	lane122s000601_bin.1.o	lane122s000536_megahit	M_hom__L_e	0.0625	0.01	1	0.000625
all	minimal	lane122s000601_bin.1.o	lane122s000536_megahit	M_lys__L_e	0.0625	0.01	1	0.000625
all	minimal	lane122s000601_bin.1.o	lane122s000536_megahit	M_nh4_e	0.0625	0.01	1	0.000625
all	minimal	lane122s000601_bin.1.o	lane122s000536_megahit	M_rib__D_e	0.0625	0.03	1	0.001875
all	minimal	lane122s000601_bin.1.o	lane122s000536_megahit	M_s_e	0.0625	0.86	1	0.05375
all	minimal	lane122s000601_bin.1.o	lane122s000601_bin.10.s	M_4abut_e	0.0625	0.05	1	0.003125
all	minimal	lane122s000601_bin.1.o	lane122s000601_bin.10.s	M_acald_e	0.0625	0.55	1	0.034375
all	minimal	lane122s000601_bin.1.o	lane122s000601_bin.10.s	M_fe3_e	0.0625	0.03	1	0.001875
all	minimal	lane122s000601_bin.1.o	lane122s000601_bin.10.s	M_fum_e	0.0625	0.01	1	0.000625
all	minimal	lane122s000601_bin.1.o	lane122s000601_bin.10.s	M_glyclt_e	0.0625	0.03	1	0.001875
all	minimal	lane122s000601_bin.1.o	lane122s000601_bin.10.s	M_h2o_e	0.0625	0.02	1	0.00125
all	minimal	lane122s000601_bin.1.o	lane122s000601_bin.10.s	M_h_e	0.0625	0.24	1	0.015
all	minimal	lane122s000601_bin.1.o	lane122s000601_bin.10.s	M_lys__L_e	0.0625	0.01	1	0.000625
all	minimal	lane122s000601_bin.1.o	lane122s000601_bin.10.s	M_mal__L_e	0.0625	0.01	1	0.000625
all	minimal	lane122s000601_bin.1.o	lane122s000601_bin.10.s	M_nh4_e	0.0625	0.01	1	0.000625
all	minimal	lane122s000601_bin.1.o	lane122s000601_bin.10.s	M_pi_e	0.0625	1.0	1	0.0625
all	minimal	lane122s000601_bin.1.o	lane122s000601_bin.10.s	M_s_e	0.0625	0.86	1	0.05375
all	minimal	lane122s000601_bin.1.o	lane122s000601_bin.2.o	M_acald_e	0.0625	0.55	1	0.034375
all	minimal	lane122s000601_bin.1.o	lane122s000601_bin.2.o	M_actn__R_e	0.0625	0.01	1	0.000625
all	minimal	lane122s000601_bin.1.o	lane122s000601_bin.2.o	M_fe3_e	0.0625	0.03	1	0.001875
all	minimal	lane122s000601_bin.1.o	lane122s000601_bin.2.o	M_glyclt_e	0.0625	0.03	1	0.001875
all	minimal	lane122s000601_bin.1.o	lane122s000601_bin.2.o	M_h2o_e	0.0625	0.02	1	0.00125
all	minimal	lane122s000601_bin.1.o	lane122s000601_bin.2.o	M_h_e	0.0625	0.24	1	0.015
all	minimal	lane122s000601_bin.1.o	lane122s000601_bin.2.o	M_nh4_e	0.0625	0.01	1	0.000625
all	minimal	lane122s000601_bin.1.o	lane122s000601_bin.3.s	M_acald_e	1.0	0.55	1	0.55
all	minimal	lane122s000601_bin.1.o	lane122s000601_bin.3.s	M_fe3_e	1.0	0.03	1	0.03
all	minimal	lane122s000601_bin.1.o	lane122s000601_bin.3.s	M_h2o_e	1.0	0.02	1	0.02
all	minimal	lane122s000601_bin.1.o	lane122s000601_bin.3.s	M_h_e	1.0	0.24	1	0.24
all	minimal	lane122s000601_bin.1.o	lane122s000601_bin.3.s	M_hom__L_e	1.0	0.01	1	0.01
all	minimal	lane122s000601_bin.1.o	lane122s000601_bin.3.s	M_ile__L_e	1.0	0.01	1	0.01
all	minimal	lane122s000601_bin.1.o	lane122s000601_bin.3.s	M_leu__L_e	1.0	1.0	1	1.0
all	minimal	lane122s000601_bin.1.o	lane122s000601_bin.3.s	M_nh4_e	1.0	0.01	1	0.01
all	minimal	lane122s000601_bin.1.o	lane122s000601_bin.3.s	M_no2_e	1.0	0.02	1	0.02
all	minimal	lane122s000601_bin.1.o	lane122s000601_bin.3.s	M_pi_e	1.0	1.0	1	1.0
all	minimal	lane122s000601_bin.1.o	lane122s000601_bin.3.s	M_s_e	1.0	0.86	1	0.86
all	minimal	lane122s000601_bin.1.o	lane122s000601_bin.3.s	M_thr__L_e	1.0	1.0	1	1.0
all	minimal	lane122s000601_bin.1.o	lane122s000601_bin.4.o	M_ac_e	0.0625	0.09	1	0.005625
all	minimal	lane122s000601_bin.1.o	lane122s000601_bin.4.o	M_acald_e	0.0625	0.55	1	0.034375
all	minimal	lane122s000601_bin.1.o	lane122s000601_bin.4.o	M_bzal_e	0.0625	0.02	1	0.00125
all	minimal	lane122s000601_bin.1.o	lane122s000601_bin.4.o	M_fe3_e	0.0625	0.03	1	0.001875
all	minimal	lane122s000601_bin.1.o	lane122s000601_bin.4.o	M_fum_e	0.0625	0.01	1	0.000625
all	minimal	lane122s000601_bin.1.o	lane122s000601_bin.4.o	M_h2o_e	0.0625	0.02	1	0.00125
all	minimal	lane122s000601_bin.1.o	lane122s000601_bin.4.o	M_h_e	0.0625	0.24	1	0.015
all	minimal	lane122s000601_bin.1.o	lane122s000601_bin.4.o	M_hom__L_e	0.0625	0.01	1	0.000625
all	minimal	lane122s000601_bin.1.o	lane122s000601_bin.4.o	M_leu__L_e	0.0625	1.0	1	0.0625
all	minimal	lane122s000601_bin.1.o	lane122s000601_bin.4.o	M_lys__L_e	0.0625	0.01	1	0.000625
all	minimal	lane122s000601_bin.1.o	lane122s000601_bin.4.o	M_nh4_e	0.0625	0.01	1	0.000625
all	minimal	lane122s000601_bin.1.o	lane122s000601_bin.4.o	M_pi_e	0.0625	1.0	1	0.0625
all	minimal	lane122s000601_bin.1.o	lane122s000601_bin.4.o	M_s_e	0.0625	0.86	1	0.05375
all	minimal	lane122s000601_bin.1.o	lane122s000601_bin.5.o	M_acald_e	0.0625	0.55	1	0.034375
all	minimal	lane122s000601_bin.1.o	lane122s000601_bin.5.o	M_fe3_e	0.0625	0.03	1	0.001875
all	minimal	lane122s000601_bin.1.o	lane122s000601_bin.5.o	M_h2o_e	0.0625	0.02	1	0.00125
all	minimal	lane122s000601_bin.1.o	lane122s000601_bin.5.o	M_h_e	0.0625	0.24	1	0.015
all	minimal	lane122s000601_bin.1.o	lane122s000601_bin.5.o	M_hom__L_e	0.0625	0.01	1	0.000625
all	minimal	lane122s000601_bin.1.o	lane122s000601_bin.5.o	M_mal__L_e	0.0625	0.01	1	0.000625
all	minimal	lane122s000601_bin.1.o	lane122s000601_bin.5.o	M_nh4_e	0.0625	0.01	1	0.000625
all	minimal	lane122s000601_bin.1.o	lane122s000601_bin.5.o	M_pi_e	0.0625	1.0	1	0.0625
all	minimal	lane122s000601_bin.1.o	lane122s000601_bin.6.o	M_acald_e	1.0	0.55	1	0.55
all	minimal	lane122s000601_bin.1.o	lane122s000601_bin.6.o	M_fe3_e	1.0	0.03	1	0.03
all	minimal	lane122s000601_bin.1.o	lane122s000601_bin.6.o	M_fum_e	1.0	0.01	1	0.01
all	minimal	lane122s000601_bin.1.o	lane122s000601_bin.6.o	M_glyclt_e	1.0	0.03	1	0.03
all	minimal	lane122s000601_bin.1.o	lane122s000601_bin.6.o	M_h2o_e	1.0	0.02	1	0.02
all	minimal	lane122s000601_bin.1.o	lane122s000601_bin.6.o	M_h_e	1.0	0.24	1	0.24
all	minimal	lane122s000601_bin.1.o	lane122s000601_bin.6.o	M_lys__L_e	1.0	0.01	1	0.01
all	minimal	lane122s000601_bin.1.o	lane122s000601_bin.6.o	M_meoh_e	1.0	0.03	1	0.03
all	minimal	lane122s000601_bin.1.o	lane122s000601_bin.6.o	M_nh4_e	1.0	0.01	1	0.01
all	minimal	lane122s000601_bin.1.o	lane122s000601_bin.6.o	M_pi_e	1.0	1.0	1	1.0
all	minimal	lane122s000601_bin.1.o	lane122s000601_bin.6.o	M_s_e	1.0	0.86	1	0.86
all	minimal	lane122s000601_bin.1.o	lane122s000601_bin.7.o	M_acald_e	0.0625	0.55	1	0.034375
all	minimal	lane122s000601_bin.1.o	lane122s000601_bin.7.o	M_bzal_e	0.0625	0.02	1	0.00125
all	minimal	lane122s000601_bin.1.o	lane122s000601_bin.7.o	M_fe3_e	0.0625	0.03	1	0.001875
all	minimal	lane122s000601_bin.1.o	lane122s000601_bin.7.o	M_glyald_e	0.0625	0.03	1	0.001875
all	minimal	lane122s000601_bin.1.o	lane122s000601_bin.7.o	M_h2o_e	0.0625	0.02	1	0.00125
all	minimal	lane122s000601_bin.1.o	lane122s000601_bin.7.o	M_h_e	0.0625	0.24	1	0.015
all	minimal	lane122s000601_bin.1.o	lane122s000601_bin.7.o	M_mal__L_e	0.0625	0.01	1	0.000625
all	minimal	lane122s000601_bin.1.o	lane122s000601_bin.7.o	M_nh4_e	0.0625	0.01	1	0.000625
all	minimal	lane122s000601_bin.1.o	lane122s000601_bin.8.s	M_acald_e	0.0625	0.55	1	0.034375
all	minimal	lane122s000601_bin.1.o	lane122s000601_bin.8.s	M_fe3_e	0.0625	0.03	1	0.001875
all	minimal	lane122s000601_bin.1.o	lane122s000601_bin.8.s	M_glyald_e	0.0625	0.03	1	0.001875
all	minimal	lane122s000601_bin.1.o	lane122s000601_bin.8.s	M_h2o_e	0.0625	0.02	1	0.00125
all	minimal	lane122s000601_bin.1.o	lane122s000601_bin.8.s	M_h_e	0.0625	0.24	1	0.015
all	minimal	lane122s000601_bin.1.o	lane122s000601_bin.8.s	M_nh4_e	0.0625	0.01	1	0.000625
all	minimal	lane122s000601_bin.1.o	lane122s000601_bin.9.p	M_ac_e	0.0625	0.09	1	0.005625
all	minimal	lane122s000601_bin.1.o	lane122s000601_bin.9.p	M_acald_e	0.0625	0.55	1	0.034375
all	minimal	lane122s000601_bin.1.o	lane122s000601_bin.9.p	M_fe3_e	0.0625	0.03	1	0.001875
all	minimal	lane122s000601_bin.1.o	lane122s000601_bin.9.p	M_h2o_e	0.0625	0.02	1	0.00125
all	minimal	lane122s000601_bin.1.o	lane122s000601_bin.9.p	M_h_e	0.0625	0.24	1	0.015
all	minimal	lane122s000601_bin.1.o	lane122s000601_bin.9.p	M_hom__L_e	0.0625	0.01	1	0.000625
all	minimal	lane122s000601_bin.1.o	lane122s000601_bin.9.p	M_nh4_e	0.0625	0.01	1	0.000625
all	minimal	lane122s000601_bin.2.o	lane121s003976_shovill	M_etoh_e	0.08333333333333333	0.08	1	0.006666666666666666
all	minimal	lane122s000601_bin.2.o	lane121s003976_shovill	M_fe3_e	0.08333333333333333	1.0	1	0.08333333333333333
all	minimal	lane122s000601_bin.2.o	lane121s003976_shovill	M_h_e	0.08333333333333333	0.01	1	0.0008333333333333333
all	minimal	lane122s000601_bin.2.o	lane121s003978_shovill	M_etoh_e	0.041666666666666664	0.08	1	0.003333333333333333
all	minimal	lane122s000601_bin.2.o	lane121s003978_shovill	M_fe3_e	0.041666666666666664	1.0	1	0.041666666666666664
all	minimal	lane122s000601_bin.2.o	lane121s003978_shovill	M_h_e	0.041666666666666664	0.01	1	0.00041666666666666664
all	minimal	lane122s000601_bin.2.o	lane121s003978_shovill	M_ptrc_e	0.041666666666666664	0.29	1	0.012083333333333331
all	minimal	lane122s000601_bin.2.o	lane121s003979_bin.1.s	M_etoh_e	0.08333333333333333	0.08	1	0.006666666666666666
all	minimal	lane122s000601_bin.2.o	lane121s003979_bin.1.s	M_fe3_e	0.08333333333333333	1.0	1	0.08333333333333333
all	minimal	lane122s000601_bin.2.o	lane121s003979_bin.1.s	M_h_e	0.08333333333333333	0.01	1	0.0008333333333333333
all	minimal	lane122s000601_bin.2.o	lane121s003979_bin.1.s	M_pi_e	0.08333333333333333	1.0	1	0.08333333333333333
all	minimal	lane122s000601_bin.2.o	lane121s003996_shovill	M_ala__D_e	0.041666666666666664	0.71	1	0.02958333333333333
all	minimal	lane122s000601_bin.2.o	lane121s003996_shovill	M_etoh_e	0.041666666666666664	0.08	1	0.003333333333333333
all	minimal	lane122s000601_bin.2.o	lane121s003996_shovill	M_fe3_e	0.041666666666666664	1.0	1	0.041666666666666664
all	minimal	lane122s000601_bin.2.o	lane121s003996_shovill	M_for_e	0.041666666666666664	0.03	1	0.0012499999999999998
all	minimal	lane122s000601_bin.2.o	lane121s003996_shovill	M_h_e	0.041666666666666664	0.01	1	0.00041666666666666664
all	minimal	lane122s000601_bin.2.o	lane122s000517_bin.1.p	M_ala__D_e	0.08333333333333333	0.71	1	0.05916666666666666
all	minimal	lane122s000601_bin.2.o	lane122s000517_bin.1.p	M_etoh_e	0.08333333333333333	0.08	1	0.006666666666666666
all	minimal	lane122s000601_bin.2.o	lane122s000517_bin.1.p	M_fe3_e	0.08333333333333333	1.0	1	0.08333333333333333
all	minimal	lane122s000601_bin.2.o	lane122s000517_bin.1.p	M_h_e	0.08333333333333333	0.01	1	0.0008333333333333333
all	minimal	lane122s000601_bin.2.o	lane122s000517_bin.2.s	M_ala__D_e	0.041666666666666664	0.71	1	0.02958333333333333
all	minimal	lane122s000601_bin.2.o	lane122s000517_bin.2.s	M_etoh_e	0.041666666666666664	0.08	1	0.003333333333333333
all	minimal	lane122s000601_bin.2.o	lane122s000517_bin.2.s	M_fe3_e	0.041666666666666664	1.0	1	0.041666666666666664
all	minimal	lane122s000601_bin.2.o	lane122s000517_bin.2.s	M_h_e	0.041666666666666664	0.01	1	0.00041666666666666664
all	minimal	lane122s000601_bin.2.o	lane122s000517_bin.2.s	M_pi_e	0.041666666666666664	1.0	1	0.041666666666666664
all	minimal	lane122s000601_bin.2.o	lane122s000531_bin.1.o	M_etoh_e	0.08333333333333333	0.08	1	0.006666666666666666
all	minimal	lane122s000601_bin.2.o	lane122s000531_bin.1.o	M_fe3_e	0.08333333333333333	1.0	1	0.08333333333333333
all	minimal	lane122s000601_bin.2.o	lane122s000531_bin.1.o	M_for_e	0.08333333333333333	0.03	1	0.0024999999999999996
all	minimal	lane122s000601_bin.2.o	lane122s000531_bin.1.o	M_h_e	0.08333333333333333	0.01	1	0.0008333333333333333
all	minimal	lane122s000601_bin.2.o	lane122s000536_megahit	M_etoh_e	0.08333333333333333	0.08	1	0.006666666666666666
all	minimal	lane122s000601_bin.2.o	lane122s000536_megahit	M_fe3_e	0.08333333333333333	1.0	1	0.08333333333333333
all	minimal	lane122s000601_bin.2.o	lane122s000536_megahit	M_h_e	0.08333333333333333	0.01	1	0.0008333333333333333
all	minimal	lane122s000601_bin.2.o	lane122s000601_bin.10.s	M_ala__D_e	0.041666666666666664	0.71	1	0.02958333333333333
all	minimal	lane122s000601_bin.2.o	lane122s000601_bin.10.s	M_etoh_e	0.041666666666666664	0.08	1	0.003333333333333333
all	minimal	lane122s000601_bin.2.o	lane122s000601_bin.10.s	M_fe3_e	0.041666666666666664	1.0	1	0.041666666666666664
all	minimal	lane122s000601_bin.2.o	lane122s000601_bin.10.s	M_for_e	0.041666666666666664	0.03	1	0.0012499999999999998
all	minimal	lane122s000601_bin.2.o	lane122s000601_bin.10.s	M_h_e	0.041666666666666664	0.01	1	0.00041666666666666664
all	minimal	lane122s000601_bin.2.o	lane122s000601_bin.10.s	M_pi_e	0.041666666666666664	1.0	1	0.041666666666666664
all	minimal	lane122s000601_bin.2.o	lane122s000601_bin.1.o	M_etoh_e	0.08333333333333333	0.08	1	0.006666666666666666
all	minimal	lane122s000601_bin.2.o	lane122s000601_bin.1.o	M_fe3_e	0.08333333333333333	1.0	1	0.08333333333333333
all	minimal	lane122s000601_bin.2.o	lane122s000601_bin.1.o	M_h_e	0.08333333333333333	0.01	1	0.0008333333333333333
all	minimal	lane122s000601_bin.2.o	lane122s000601_bin.3.s	M_4hba_e	0.625	0.04	1	0.025
all	minimal	lane122s000601_bin.2.o	lane122s000601_bin.3.s	M_ala__D_e	0.625	0.71	1	0.44375
all	minimal	lane122s000601_bin.2.o	lane122s000601_bin.3.s	M_etoh_e	0.625	0.08	1	0.05
all	minimal	lane122s000601_bin.2.o	lane122s000601_bin.3.s	M_fe3_e	0.625	1.0	1	0.625
all	minimal	lane122s000601_bin.2.o	lane122s000601_bin.3.s	M_for_e	0.625	0.03	1	0.01875
all	minimal	lane122s000601_bin.2.o	lane122s000601_bin.3.s	M_h_e	0.625	0.01	1	0.00625
all	minimal	lane122s000601_bin.2.o	lane122s000601_bin.3.s	M_leu__L_e	0.625	1.0	1	0.625
all	minimal	lane122s000601_bin.2.o	lane122s000601_bin.3.s	M_pi_e	0.625	1.0	1	0.625
all	minimal	lane122s000601_bin.2.o	lane122s000601_bin.4.o	M_ac_e	0.4166666666666667	0.68	1	0.2833333333333334
all	minimal	lane122s000601_bin.2.o	lane122s000601_bin.4.o	M_ala__D_e	0.4166666666666667	0.71	1	0.29583333333333334
all	minimal	lane122s000601_bin.2.o	lane122s000601_bin.4.o	M_etoh_e	0.4166666666666667	0.08	1	0.03333333333333333
all	minimal	lane122s000601_bin.2.o	lane122s000601_bin.4.o	M_fe3_e	0.4166666666666667	1.0	1	0.4166666666666667
all	minimal	lane122s000601_bin.2.o	lane122s000601_bin.4.o	M_for_e	0.4166666666666667	0.03	1	0.0125
all	minimal	lane122s000601_bin.2.o	lane122s000601_bin.4.o	M_h_e	0.4166666666666667	0.01	1	0.004166666666666667
all	minimal	lane122s000601_bin.2.o	lane122s000601_bin.4.o	M_leu__L_e	0.4166666666666667	1.0	1	0.4166666666666667
all	minimal	lane122s000601_bin.2.o	lane122s000601_bin.4.o	M_pi_e	0.4166666666666667	1.0	1	0.4166666666666667
all	minimal	lane122s000601_bin.2.o	lane122s000601_bin.5.o	M_etoh_e	0.08333333333333333	0.08	1	0.006666666666666666
all	minimal	lane122s000601_bin.2.o	lane122s000601_bin.5.o	M_fe3_e	0.08333333333333333	1.0	1	0.08333333333333333
all	minimal	lane122s000601_bin.2.o	lane122s000601_bin.5.o	M_for_e	0.08333333333333333	0.03	1	0.0024999999999999996
all	minimal	lane122s000601_bin.2.o	lane122s000601_bin.5.o	M_h_e	0.08333333333333333	0.01	1	0.0008333333333333333
all	minimal	lane122s000601_bin.2.o	lane122s000601_bin.5.o	M_pi_e	0.08333333333333333	1.0	1	0.08333333333333333
all	minimal	lane122s000601_bin.2.o	lane122s000601_bin.6.o	M_4hba_e	1.0	0.04	1	0.04
all	minimal	lane122s000601_bin.2.o	lane122s000601_bin.6.o	M_etoh_e	1.0	0.08	1	0.08
all	minimal	lane122s000601_bin.2.o	lane122s000601_bin.6.o	M_fe3_e	1.0	1.0	1	1.0
all	minimal	lane122s000601_bin.2.o	lane122s000601_bin.6.o	M_h_e	1.0	0.01	1	0.01
all	minimal	lane122s000601_bin.2.o	lane122s000601_bin.6.o	M_pi_e	1.0	1.0	1	1.0
all	minimal	lane122s000601_bin.2.o	lane122s000601_bin.7.o	M_fe3_e	0.08333333333333333	1.0	1	0.08333333333333333
all	minimal	lane122s000601_bin.2.o	lane122s000601_bin.7.o	M_h_e	0.08333333333333333	0.01	1	0.0008333333333333333
all	minimal	lane122s000601_bin.2.o	lane122s000601_bin.8.s	M_4hba_e	0.041666666666666664	0.04	1	0.0016666666666666666
all	minimal	lane122s000601_bin.2.o	lane122s000601_bin.8.s	M_fe3_e	0.041666666666666664	1.0	1	0.041666666666666664
all	minimal	lane122s000601_bin.2.o	lane122s000601_bin.8.s	M_h_e	0.041666666666666664	0.01	1	0.00041666666666666664
all	minimal	lane122s000601_bin.2.o	lane122s000601_bin.8.s	M_ptrc_e	0.041666666666666664	0.29	1	0.012083333333333331
all	minimal	lane122s000601_bin.2.o	lane122s000601_bin.9.p	M_ac_e	0.041666666666666664	0.68	1	0.028333333333333335
all	minimal	lane122s000601_bin.2.o	lane122s000601_bin.9.p	M_fe3_e	0.041666666666666664	1.0	1	0.041666666666666664
all	minimal	lane122s000601_bin.2.o	lane122s000601_bin.9.p	M_h_e	0.041666666666666664	0.01	1	0.00041666666666666664
all	minimal	lane122s000601_bin.3.s	lane121s003976_shovill	M_etoh_e	0.19736842105263158	0.11	1	0.021710526315789475
all	minimal	lane122s000601_bin.3.s	lane121s003976_shovill	M_fe3_e	0.19736842105263158	0.24	1	0.04736842105263158
all	minimal	lane122s000601_bin.3.s	lane121s003976_shovill	M_glc__D_e	0.19736842105263158	1.0	1	0.19736842105263158
all	minimal	lane122s000601_bin.3.s	lane121s003976_shovill	M_glyc_e	0.19736842105263158	0.01	1	0.001973684210526316
all	minimal	lane122s000601_bin.3.s	lane121s003976_shovill	M_h2s_e	0.19736842105263158	0.03	1	0.0059210526315789476
all	minimal	lane122s000601_bin.3.s	lane121s003976_shovill	M_lys__L_e	0.19736842105263158	1.0	1	0.19736842105263158
all	minimal	lane122s000601_bin.3.s	lane121s003976_shovill	M_nh4_e	0.19736842105263158	0.71	1	0.1401315789473684
all	minimal	lane122s000601_bin.3.s	lane121s003976_shovill	M_no2_e	0.19736842105263158	0.12	1	0.02368421052631579
all	minimal	lane122s000601_bin.3.s	lane121s003976_shovill	M_s_e	0.19736842105263158	0.04	1	0.007894736842105263
all	minimal	lane122s000601_bin.3.s	lane121s003976_shovill	M_urea_e	0.19736842105263158	0.09	1	0.017763157894736842
all	minimal	lane122s000601_bin.3.s	lane121s003978_shovill	M_etoh_e	0.19736842105263158	0.11	1	0.021710526315789475
all	minimal	lane122s000601_bin.3.s	lane121s003978_shovill	M_fe3_e	0.19736842105263158	0.24	1	0.04736842105263158
all	minimal	lane122s000601_bin.3.s	lane121s003978_shovill	M_glc__D_e	0.19736842105263158	1.0	1	0.19736842105263158
all	minimal	lane122s000601_bin.3.s	lane121s003978_shovill	M_glyc_e	0.19736842105263158	0.01	1	0.001973684210526316
all	minimal	lane122s000601_bin.3.s	lane121s003978_shovill	M_h2s_e	0.19736842105263158	0.03	1	0.0059210526315789476
all	minimal	lane122s000601_bin.3.s	lane121s003978_shovill	M_lys__L_e	0.19736842105263158	1.0	1	0.19736842105263158
all	minimal	lane122s000601_bin.3.s	lane121s003978_shovill	M_nh4_e	0.19736842105263158	0.71	1	0.1401315789473684
all	minimal	lane122s000601_bin.3.s	lane121s003978_shovill	M_s_e	0.19736842105263158	0.04	1	0.007894736842105263
all	minimal	lane122s000601_bin.3.s	lane121s003979_bin.1.s	M_etoh_e	0.19736842105263158	0.11	1	0.021710526315789475
all	minimal	lane122s000601_bin.3.s	lane121s003979_bin.1.s	M_fe3_e	0.19736842105263158	0.24	1	0.04736842105263158
all	minimal	lane122s000601_bin.3.s	lane121s003979_bin.1.s	M_glc__D_e	0.19736842105263158	1.0	1	0.19736842105263158
all	minimal	lane122s000601_bin.3.s	lane121s003979_bin.1.s	M_glyc_e	0.19736842105263158	0.01	1	0.001973684210526316
all	minimal	lane122s000601_bin.3.s	lane121s003979_bin.1.s	M_h2s_e	0.19736842105263158	0.03	1	0.0059210526315789476
all	minimal	lane122s000601_bin.3.s	lane121s003979_bin.1.s	M_lys__L_e	0.19736842105263158	1.0	1	0.19736842105263158
all	minimal	lane122s000601_bin.3.s	lane121s003979_bin.1.s	M_nh4_e	0.19736842105263158	0.71	1	0.1401315789473684
all	minimal	lane122s000601_bin.3.s	lane121s003979_bin.1.s	M_pi_e	0.19736842105263158	0.96	1	0.18947368421052632
all	minimal	lane122s000601_bin.3.s	lane121s003979_bin.1.s	M_s_e	0.19736842105263158	0.04	1	0.007894736842105263
all	minimal	lane122s000601_bin.3.s	lane121s003996_shovill	M_ala__D_e	0.19736842105263158	0.05	1	0.00986842105263158
all	minimal	lane122s000601_bin.3.s	lane121s003996_shovill	M_bz_e	0.19736842105263158	0.03	1	0.0059210526315789476
all	minimal	lane122s000601_bin.3.s	lane121s003996_shovill	M_etoh_e	0.19736842105263158	0.11	1	0.021710526315789475
all	minimal	lane122s000601_bin.3.s	lane121s003996_shovill	M_fe3_e	0.19736842105263158	0.24	1	0.04736842105263158
all	minimal	lane122s000601_bin.3.s	lane121s003996_shovill	M_glc__D_e	0.19736842105263158	1.0	1	0.19736842105263158
all	minimal	lane122s000601_bin.3.s	lane121s003996_shovill	M_glyc_e	0.19736842105263158	0.01	1	0.001973684210526316
all	minimal	lane122s000601_bin.3.s	lane121s003996_shovill	M_h2s_e	0.19736842105263158	0.03	1	0.0059210526315789476
all	minimal	lane122s000601_bin.3.s	lane121s003996_shovill	M_lys__L_e	0.19736842105263158	1.0	1	0.19736842105263158
all	minimal	lane122s000601_bin.3.s	lane121s003996_shovill	M_nh4_e	0.19736842105263158	0.71	1	0.1401315789473684
all	minimal	lane122s000601_bin.3.s	lane121s003996_shovill	M_oxa_e	0.19736842105263158	0.01	1	0.001973684210526316
all	minimal	lane122s000601_bin.3.s	lane121s003996_shovill	M_s_e	0.19736842105263158	0.04	1	0.007894736842105263
all	minimal	lane122s000601_bin.3.s	lane122s000517_bin.1.p	M_ala__D_e	0.19736842105263158	0.05	1	0.00986842105263158
all	minimal	lane122s000601_bin.3.s	lane122s000517_bin.1.p	M_etoh_e	0.19736842105263158	0.11	1	0.021710526315789475
all	minimal	lane122s000601_bin.3.s	lane122s000517_bin.1.p	M_fe3_e	0.19736842105263158	0.24	1	0.04736842105263158
all	minimal	lane122s000601_bin.3.s	lane122s000517_bin.1.p	M_glc__D_e	0.19736842105263158	1.0	1	0.19736842105263158
all	minimal	lane122s000601_bin.3.s	lane122s000517_bin.1.p	M_glyc_e	0.19736842105263158	0.01	1	0.001973684210526316
all	minimal	lane122s000601_bin.3.s	lane122s000517_bin.1.p	M_h2s_e	0.19736842105263158	0.03	1	0.0059210526315789476
all	minimal	lane122s000601_bin.3.s	lane122s000517_bin.1.p	M_lys__L_e	0.19736842105263158	1.0	1	0.19736842105263158
all	minimal	lane122s000601_bin.3.s	lane122s000517_bin.1.p	M_nh4_e	0.19736842105263158	0.71	1	0.1401315789473684
all	minimal	lane122s000601_bin.3.s	lane122s000517_bin.1.p	M_s_e	0.19736842105263158	0.04	1	0.007894736842105263
all	minimal	lane122s000601_bin.3.s	lane122s000517_bin.2.s	M_ala__D_e	0.19736842105263158	0.05	1	0.00986842105263158
all	minimal	lane122s000601_bin.3.s	lane122s000517_bin.2.s	M_asp__L_e	0.19736842105263158	0.01	1	0.001973684210526316
all	minimal	lane122s000601_bin.3.s	lane122s000517_bin.2.s	M_etoh_e	0.19736842105263158	0.11	1	0.021710526315789475
all	minimal	lane122s000601_bin.3.s	lane122s000517_bin.2.s	M_fe3_e	0.19736842105263158	0.24	1	0.04736842105263158
all	minimal	lane122s000601_bin.3.s	lane122s000517_bin.2.s	M_glyc_e	0.19736842105263158	0.01	1	0.001973684210526316
all	minimal	lane122s000601_bin.3.s	lane122s000517_bin.2.s	M_h2s_e	0.19736842105263158	0.03	1	0.0059210526315789476
all	minimal	lane122s000601_bin.3.s	lane122s000517_bin.2.s	M_lys__L_e	0.19736842105263158	1.0	1	0.19736842105263158
all	minimal	lane122s000601_bin.3.s	lane122s000517_bin.2.s	M_nh4_e	0.19736842105263158	0.71	1	0.1401315789473684
all	minimal	lane122s000601_bin.3.s	lane122s000517_bin.2.s	M_oxa_e	0.19736842105263158	0.01	1	0.001973684210526316
all	minimal	lane122s000601_bin.3.s	lane122s000517_bin.2.s	M_pi_e	0.19736842105263158	0.96	1	0.18947368421052632
all	minimal	lane122s000601_bin.3.s	lane122s000531_bin.1.o	M_bz_e	1.0	0.03	1	0.03
all	minimal	lane122s000601_bin.3.s	lane122s000531_bin.1.o	M_etoh_e	1.0	0.11	1	0.11
all	minimal	lane122s000601_bin.3.s	lane122s000531_bin.1.o	M_fe3_e	1.0	0.24	1	0.24
all	minimal	lane122s000601_bin.3.s	lane122s000531_bin.1.o	M_glyc_e	1.0	0.01	1	0.01
all	minimal	lane122s000601_bin.3.s	lane122s000531_bin.1.o	M_h2s_e	1.0	0.03	1	0.03
all	minimal	lane122s000601_bin.3.s	lane122s000531_bin.1.o	M_lys__L_e	1.0	1.0	1	1.0
all	minimal	lane122s000601_bin.3.s	lane122s000531_bin.1.o	M_nh4_e	1.0	0.71	1	0.71
all	minimal	lane122s000601_bin.3.s	lane122s000531_bin.1.o	M_oxa_e	1.0	0.01	1	0.01
all	minimal	lane122s000601_bin.3.s	lane122s000536_megahit	M_asp__L_e	0.07894736842105263	0.01	1	0.0007894736842105263
all	minimal	lane122s000601_bin.3.s	lane122s000536_megahit	M_bz_e	0.07894736842105263	0.03	1	0.0023684210526315787
all	minimal	lane122s000601_bin.3.s	lane122s000536_megahit	M_etoh_e	0.07894736842105263	0.11	1	0.008684210526315789
all	minimal	lane122s000601_bin.3.s	lane122s000536_megahit	M_fe3_e	0.07894736842105263	0.24	1	0.01894736842105263
all	minimal	lane122s000601_bin.3.s	lane122s000536_megahit	M_glyc_e	0.07894736842105263	0.01	1	0.0007894736842105263
all	minimal	lane122s000601_bin.3.s	lane122s000536_megahit	M_h2s_e	0.07894736842105263	0.03	1	0.0023684210526315787
all	minimal	lane122s000601_bin.3.s	lane122s000536_megahit	M_lys__L_e	0.07894736842105263	1.0	1	0.07894736842105263
all	minimal	lane122s000601_bin.3.s	lane122s000536_megahit	M_nh4_e	0.07894736842105263	0.71	1	0.05605263157894736
all	minimal	lane122s000601_bin.3.s	lane122s000536_megahit	M_s_e	0.07894736842105263	0.04	1	0.003157894736842105
all	minimal	lane122s000601_bin.3.s	lane122s000601_bin.10.s	M_ala__D_e	0.07894736842105263	0.05	1	0.003947368421052632
all	minimal	lane122s000601_bin.3.s	lane122s000601_bin.10.s	M_alaala_e	0.07894736842105263	0.01	1	0.0007894736842105263
all	minimal	lane122s000601_bin.3.s	lane122s000601_bin.10.s	M_etoh_e	0.07894736842105263	0.11	1	0.008684210526315789
all	minimal	lane122s000601_bin.3.s	lane122s000601_bin.10.s	M_fe3_e	0.07894736842105263	0.24	1	0.01894736842105263
all	minimal	lane122s000601_bin.3.s	lane122s000601_bin.10.s	M_g3pe_e	0.07894736842105263	0.02	1	0.0015789473684210526
all	minimal	lane122s000601_bin.3.s	lane122s000601_bin.10.s	M_glyc3p_e	0.07894736842105263	0.01	1	0.0007894736842105263
all	minimal	lane122s000601_bin.3.s	lane122s000601_bin.10.s	M_glyc_e	0.07894736842105263	0.01	1	0.0007894736842105263
all	minimal	lane122s000601_bin.3.s	lane122s000601_bin.10.s	M_h2s_e	0.07894736842105263	0.03	1	0.0023684210526315787
all	minimal	lane122s000601_bin.3.s	lane122s000601_bin.10.s	M_lys__L_e	0.07894736842105263	1.0	1	0.07894736842105263
all	minimal	lane122s000601_bin.3.s	lane122s000601_bin.10.s	M_nh4_e	0.07894736842105263	0.71	1	0.05605263157894736
all	minimal	lane122s000601_bin.3.s	lane122s000601_bin.10.s	M_oxa_e	0.07894736842105263	0.01	1	0.0007894736842105263
all	minimal	lane122s000601_bin.3.s	lane122s000601_bin.10.s	M_pi_e	0.07894736842105263	0.96	1	0.07578947368421052
all	minimal	lane122s000601_bin.3.s	lane122s000601_bin.10.s	M_s_e	0.07894736842105263	0.04	1	0.003157894736842105
all	minimal	lane122s000601_bin.3.s	lane122s000601_bin.1.o	M_bz_e	0.07894736842105263	0.03	1	0.0023684210526315787
all	minimal	lane122s000601_bin.3.s	lane122s000601_bin.1.o	M_etoh_e	0.07894736842105263	0.11	1	0.008684210526315789
all	minimal	lane122s000601_bin.3.s	lane122s000601_bin.1.o	M_fe3_e	0.07894736842105263	0.24	1	0.01894736842105263
all	minimal	lane122s000601_bin.3.s	lane122s000601_bin.1.o	M_glyc_e	0.07894736842105263	0.01	1	0.0007894736842105263
all	minimal	lane122s000601_bin.3.s	lane122s000601_bin.1.o	M_h2s_e	0.07894736842105263	0.03	1	0.0023684210526315787
all	minimal	lane122s000601_bin.3.s	lane122s000601_bin.1.o	M_nh4_e	0.07894736842105263	0.71	1	0.05605263157894736
all	minimal	lane122s000601_bin.3.s	lane122s000601_bin.1.o	M_s_e	0.07894736842105263	0.04	1	0.003157894736842105
all	minimal	lane122s000601_bin.3.s	lane122s000601_bin.2.o	M_etoh_e	0.07894736842105263	0.11	1	0.008684210526315789
all	minimal	lane122s000601_bin.3.s	lane122s000601_bin.2.o	M_fe3_e	0.07894736842105263	0.24	1	0.01894736842105263
all	minimal	lane122s000601_bin.3.s	lane122s000601_bin.2.o	M_glyc_e	0.07894736842105263	0.01	1	0.0007894736842105263
all	minimal	lane122s000601_bin.3.s	lane122s000601_bin.2.o	M_h2s_e	0.07894736842105263	0.03	1	0.0023684210526315787
all	minimal	lane122s000601_bin.3.s	lane122s000601_bin.2.o	M_nh4_e	0.07894736842105263	0.71	1	0.05605263157894736
all	minimal	lane122s000601_bin.3.s	lane122s000601_bin.4.o	M_ala__D_e	0.07894736842105263	0.05	1	0.003947368421052632
all	minimal	lane122s000601_bin.3.s	lane122s000601_bin.4.o	M_alaala_e	0.07894736842105263	0.01	1	0.0007894736842105263
all	minimal	lane122s000601_bin.3.s	lane122s000601_bin.4.o	M_bz_e	0.07894736842105263	0.03	1	0.0023684210526315787
all	minimal	lane122s000601_bin.3.s	lane122s000601_bin.4.o	M_etoh_e	0.07894736842105263	0.11	1	0.008684210526315789
all	minimal	lane122s000601_bin.3.s	lane122s000601_bin.4.o	M_fe3_e	0.07894736842105263	0.24	1	0.01894736842105263
all	minimal	lane122s000601_bin.3.s	lane122s000601_bin.4.o	M_g3pe_e	0.07894736842105263	0.02	1	0.0015789473684210526
all	minimal	lane122s000601_bin.3.s	lane122s000601_bin.4.o	M_glyc_e	0.07894736842105263	0.01	1	0.0007894736842105263
all	minimal	lane122s000601_bin.3.s	lane122s000601_bin.4.o	M_h2s_e	0.07894736842105263	0.03	1	0.0023684210526315787
all	minimal	lane122s000601_bin.3.s	lane122s000601_bin.4.o	M_lys__L_e	0.07894736842105263	1.0	1	0.07894736842105263
all	minimal	lane122s000601_bin.3.s	lane122s000601_bin.4.o	M_nh4_e	0.07894736842105263	0.71	1	0.05605263157894736
all	minimal	lane122s000601_bin.3.s	lane122s000601_bin.4.o	M_pi_e	0.07894736842105263	0.96	1	0.07578947368421052
all	minimal	lane122s000601_bin.3.s	lane122s000601_bin.4.o	M_s_e	0.07894736842105263	0.04	1	0.003157894736842105
all	minimal	lane122s000601_bin.3.s	lane122s000601_bin.4.o	M_urea_e	0.07894736842105263	0.09	1	0.007105263157894736
all	minimal	lane122s000601_bin.3.s	lane122s000601_bin.5.o	M_bz_e	0.09210526315789473	0.03	1	0.002763157894736842
all	minimal	lane122s000601_bin.3.s	lane122s000601_bin.5.o	M_etoh_e	0.09210526315789473	0.11	1	0.01013157894736842
all	minimal	lane122s000601_bin.3.s	lane122s000601_bin.5.o	M_fe3_e	0.09210526315789473	0.24	1	0.022105263157894735
all	minimal	lane122s000601_bin.3.s	lane122s000601_bin.5.o	M_g3pe_e	0.09210526315789473	0.02	1	0.0018421052631578947
all	minimal	lane122s000601_bin.3.s	lane122s000601_bin.5.o	M_g3pg_e	0.09210526315789473	0.01	1	0.0009210526315789473
all	minimal	lane122s000601_bin.3.s	lane122s000601_bin.5.o	M_glyc_e	0.09210526315789473	0.01	1	0.0009210526315789473
all	minimal	lane122s000601_bin.3.s	lane122s000601_bin.5.o	M_h2s_e	0.09210526315789473	0.03	1	0.002763157894736842
all	minimal	lane122s000601_bin.3.s	lane122s000601_bin.5.o	M_nh4_e	0.09210526315789473	0.71	1	0.06539473684210526
all	minimal	lane122s000601_bin.3.s	lane122s000601_bin.5.o	M_oxa_e	0.09210526315789473	0.01	1	0.0009210526315789473
all	minimal	lane122s000601_bin.3.s	lane122s000601_bin.5.o	M_pi_e	0.09210526315789473	0.96	1	0.08842105263157894
all	minimal	lane122s000601_bin.3.s	lane122s000601_bin.6.o	M_bz_e	1.0	0.03	1	0.03
all	minimal	lane122s000601_bin.3.s	lane122s000601_bin.6.o	M_etoh_e	1.0	0.11	1	0.11
all	minimal	lane122s000601_bin.3.s	lane122s000601_bin.6.o	M_fe3_e	1.0	0.24	1	0.24
all	minimal	lane122s000601_bin.3.s	lane122s000601_bin.6.o	M_glc__D_e	1.0	1.0	1	1.0
all	minimal	lane122s000601_bin.3.s	lane122s000601_bin.6.o	M_glyc_e	1.0	0.01	1	0.01
all	minimal	lane122s000601_bin.3.s	lane122s000601_bin.6.o	M_h2s_e	1.0	0.03	1	0.03
all	minimal	lane122s000601_bin.3.s	lane122s000601_bin.6.o	M_lys__L_e	1.0	1.0	1	1.0
all	minimal	lane122s000601_bin.3.s	lane122s000601_bin.6.o	M_nh4_e	1.0	0.71	1	0.71
all	minimal	lane122s000601_bin.3.s	lane122s000601_bin.6.o	M_pi_e	1.0	0.96	1	0.96
all	minimal	lane122s000601_bin.3.s	lane122s000601_bin.6.o	M_s_e	1.0	0.04	1	0.04
all	minimal	lane122s000601_bin.3.s	lane122s000601_bin.7.o	M_bz_e	0.07894736842105263	0.03	1	0.0023684210526315787
all	minimal	lane122s000601_bin.3.s	lane122s000601_bin.7.o	M_fe3_e	0.07894736842105263	0.24	1	0.01894736842105263
all	minimal	lane122s000601_bin.3.s	lane122s000601_bin.7.o	M_glyc_e	0.07894736842105263	0.01	1	0.0007894736842105263
all	minimal	lane122s000601_bin.3.s	lane122s000601_bin.7.o	M_h2s_e	0.07894736842105263	0.03	1	0.0023684210526315787
all	minimal	lane122s000601_bin.3.s	lane122s000601_bin.7.o	M_nh4_e	0.07894736842105263	0.71	1	0.05605263157894736
all	minimal	lane122s000601_bin.3.s	lane122s000601_bin.7.o	M_urea_e	0.07894736842105263	0.09	1	0.007105263157894736
all	minimal	lane122s000601_bin.3.s	lane122s000601_bin.8.s	M_bz_e	0.09210526315789473	0.03	1	0.002763157894736842
all	minimal	lane122s000601_bin.3.s	lane122s000601_bin.8.s	M_fe3_e	0.09210526315789473	0.24	1	0.022105263157894735
all	minimal	lane122s000601_bin.3.s	lane122s000601_bin.8.s	M_glyc_e	0.09210526315789473	0.01	1	0.0009210526315789473
all	minimal	lane122s000601_bin.3.s	lane122s000601_bin.8.s	M_nh4_e	0.09210526315789473	0.71	1	0.06539473684210526
all	minimal	lane122s000601_bin.3.s	lane122s000601_bin.8.s	M_oxa_e	0.09210526315789473	0.01	1	0.0009210526315789473
all	minimal	lane122s000601_bin.3.s	lane122s000601_bin.8.s	M_urea_e	0.09210526315789473	0.09	1	0.008289473684210525
all	minimal	lane122s000601_bin.3.s	lane122s000601_bin.9.p	M_alaala_e	0.07894736842105263	0.01	1	0.0007894736842105263
all	minimal	lane122s000601_bin.3.s	lane122s000601_bin.9.p	M_arg__L_e	0.07894736842105263	0.01	1	0.0007894736842105263
all	minimal	lane122s000601_bin.3.s	lane122s000601_bin.9.p	M_bz_e	0.07894736842105263	0.03	1	0.0023684210526315787
all	minimal	lane122s000601_bin.3.s	lane122s000601_bin.9.p	M_fe3_e	0.07894736842105263	0.24	1	0.01894736842105263
all	minimal	lane122s000601_bin.3.s	lane122s000601_bin.9.p	M_h2s_e	0.07894736842105263	0.03	1	0.0023684210526315787
all	minimal	lane122s000601_bin.3.s	lane122s000601_bin.9.p	M_nh4_e	0.07894736842105263	0.71	1	0.05605263157894736
all	minimal	lane122s000601_bin.3.s	lane122s000601_bin.9.p	M_urea_e	0.07894736842105263	0.09	1	0.007105263157894736
all	minimal	lane122s000601_bin.4.o	lane121s003976_shovill	M_acald_e	0.07692307692307693	0.07	1	0.005384615384615385
all	minimal	lane122s000601_bin.4.o	lane121s003976_shovill	M_etoh_e	0.07692307692307693	0.2	1	0.015384615384615385
all	minimal	lane122s000601_bin.4.o	lane121s003976_shovill	M_fe3_e	0.07692307692307693	1.0	1	0.07692307692307693
all	minimal	lane122s000601_bin.4.o	lane121s003976_shovill	M_glu__L_e	0.07692307692307693	0.03	1	0.002307692307692308
all	minimal	lane122s000601_bin.4.o	lane121s003976_shovill	M_h2s_e	0.07692307692307693	0.07	1	0.005384615384615385
all	minimal	lane122s000601_bin.4.o	lane121s003976_shovill	M_h_e	0.07692307692307693	0.27	1	0.020769230769230772
all	minimal	lane122s000601_bin.4.o	lane121s003976_shovill	M_lys__L_e	0.07692307692307693	0.04	1	0.0030769230769230774
all	minimal	lane122s000601_bin.4.o	lane121s003976_shovill	M_nh4_e	0.07692307692307693	0.38	1	0.029230769230769234
all	minimal	lane122s000601_bin.4.o	lane121s003976_shovill	M_no2_e	0.07692307692307693	0.02	1	0.0015384615384615387
all	minimal	lane122s000601_bin.4.o	lane121s003976_shovill	M_s_e	0.07692307692307693	0.01	1	0.0007692307692307693
all	minimal	lane122s000601_bin.4.o	lane121s003978_shovill	M_acald_e	0.07692307692307693	0.07	1	0.005384615384615385
all	minimal	lane122s000601_bin.4.o	lane121s003978_shovill	M_etoh_e	0.07692307692307693	0.2	1	0.015384615384615385
all	minimal	lane122s000601_bin.4.o	lane121s003978_shovill	M_fe3_e	0.07692307692307693	1.0	1	0.07692307692307693
all	minimal	lane122s000601_bin.4.o	lane121s003978_shovill	M_h2s_e	0.07692307692307693	0.07	1	0.005384615384615385
all	minimal	lane122s000601_bin.4.o	lane121s003978_shovill	M_h_e	0.07692307692307693	0.27	1	0.020769230769230772
all	minimal	lane122s000601_bin.4.o	lane121s003978_shovill	M_lys__L_e	0.07692307692307693	0.04	1	0.0030769230769230774
all	minimal	lane122s000601_bin.4.o	lane121s003978_shovill	M_nh4_e	0.07692307692307693	0.38	1	0.029230769230769234
all	minimal	lane122s000601_bin.4.o	lane121s003978_shovill	M_s_e	0.07692307692307693	0.01	1	0.0007692307692307693
all	minimal	lane122s000601_bin.4.o	lane121s003979_bin.1.s	M_acald_e	0.07692307692307693	0.07	1	0.005384615384615385
all	minimal	lane122s000601_bin.4.o	lane121s003979_bin.1.s	M_etoh_e	0.07692307692307693	0.2	1	0.015384615384615385
all	minimal	lane122s000601_bin.4.o	lane121s003979_bin.1.s	M_fe3_e	0.07692307692307693	1.0	1	0.07692307692307693
all	minimal	lane122s000601_bin.4.o	lane121s003979_bin.1.s	M_h2s_e	0.07692307692307693	0.07	1	0.005384615384615385
all	minimal	lane122s000601_bin.4.o	lane121s003979_bin.1.s	M_h_e	0.07692307692307693	0.27	1	0.020769230769230772
all	minimal	lane122s000601_bin.4.o	lane121s003979_bin.1.s	M_hom__L_e	0.07692307692307693	0.08	1	0.006153846153846155
all	minimal	lane122s000601_bin.4.o	lane121s003979_bin.1.s	M_lys__L_e	0.07692307692307693	0.04	1	0.0030769230769230774
all	minimal	lane122s000601_bin.4.o	lane121s003979_bin.1.s	M_nh4_e	0.07692307692307693	0.38	1	0.029230769230769234
all	minimal	lane122s000601_bin.4.o	lane121s003979_bin.1.s	M_pi_e	0.07692307692307693	0.4	1	0.03076923076923077
all	minimal	lane122s000601_bin.4.o	lane121s003979_bin.1.s	M_s_e	0.07692307692307693	0.01	1	0.0007692307692307693
all	minimal	lane122s000601_bin.4.o	lane121s003996_shovill	M_acald_e	0.07692307692307693	0.07	1	0.005384615384615385
all	minimal	lane122s000601_bin.4.o	lane121s003996_shovill	M_ala__D_e	0.07692307692307693	0.16	1	0.01230769230769231
all	minimal	lane122s000601_bin.4.o	lane121s003996_shovill	M_bz_e	0.07692307692307693	0.02	1	0.0015384615384615387
all	minimal	lane122s000601_bin.4.o	lane121s003996_shovill	M_etoh_e	0.07692307692307693	0.2	1	0.015384615384615385
all	minimal	lane122s000601_bin.4.o	lane121s003996_shovill	M_fe3_e	0.07692307692307693	1.0	1	0.07692307692307693
all	minimal	lane122s000601_bin.4.o	lane121s003996_shovill	M_for_e	0.07692307692307693	0.05	1	0.0038461538461538464
all	minimal	lane122s000601_bin.4.o	lane121s003996_shovill	M_glu__L_e	0.07692307692307693	0.03	1	0.002307692307692308
all	minimal	lane122s000601_bin.4.o	lane121s003996_shovill	M_h2s_e	0.07692307692307693	0.07	1	0.005384615384615385
all	minimal	lane122s000601_bin.4.o	lane121s003996_shovill	M_h_e	0.07692307692307693	0.27	1	0.020769230769230772
all	minimal	lane122s000601_bin.4.o	lane121s003996_shovill	M_lys__L_e	0.07692307692307693	0.04	1	0.0030769230769230774
all	minimal	lane122s000601_bin.4.o	lane121s003996_shovill	M_nh4_e	0.07692307692307693	0.38	1	0.029230769230769234
all	minimal	lane122s000601_bin.4.o	lane121s003996_shovill	M_s_e	0.07692307692307693	0.01	1	0.0007692307692307693
all	minimal	lane122s000601_bin.4.o	lane122s000517_bin.1.p	M_acald_e	0.07692307692307693	0.07	1	0.005384615384615385
all	minimal	lane122s000601_bin.4.o	lane122s000517_bin.1.p	M_ala__D_e	0.07692307692307693	0.16	1	0.01230769230769231
all	minimal	lane122s000601_bin.4.o	lane122s000517_bin.1.p	M_etoh_e	0.07692307692307693	0.2	1	0.015384615384615385
all	minimal	lane122s000601_bin.4.o	lane122s000517_bin.1.p	M_fe3_e	0.07692307692307693	1.0	1	0.07692307692307693
all	minimal	lane122s000601_bin.4.o	lane122s000517_bin.1.p	M_glu__L_e	0.07692307692307693	0.03	1	0.002307692307692308
all	minimal	lane122s000601_bin.4.o	lane122s000517_bin.1.p	M_h2s_e	0.07692307692307693	0.07	1	0.005384615384615385
all	minimal	lane122s000601_bin.4.o	lane122s000517_bin.1.p	M_h_e	0.07692307692307693	0.27	1	0.020769230769230772
all	minimal	lane122s000601_bin.4.o	lane122s000517_bin.1.p	M_lys__L_e	0.07692307692307693	0.04	1	0.0030769230769230774
all	minimal	lane122s000601_bin.4.o	lane122s000517_bin.1.p	M_nh4_e	0.07692307692307693	0.38	1	0.029230769230769234
all	minimal	lane122s000601_bin.4.o	lane122s000517_bin.1.p	M_s_e	0.07692307692307693	0.01	1	0.0007692307692307693
all	minimal	lane122s000601_bin.4.o	lane122s000517_bin.2.s	M_acald_e	0.038461538461538464	0.07	1	0.0026923076923076926
all	minimal	lane122s000601_bin.4.o	lane122s000517_bin.2.s	M_ala__D_e	0.038461538461538464	0.16	1	0.006153846153846155
all	minimal	lane122s000601_bin.4.o	lane122s000517_bin.2.s	M_asp__L_e	0.038461538461538464	0.25	1	0.009615384615384616
all	minimal	lane122s000601_bin.4.o	lane122s000517_bin.2.s	M_etoh_e	0.038461538461538464	0.2	1	0.007692307692307693
all	minimal	lane122s000601_bin.4.o	lane122s000517_bin.2.s	M_fe3_e	0.038461538461538464	1.0	1	0.038461538461538464
all	minimal	lane122s000601_bin.4.o	lane122s000517_bin.2.s	M_h2s_e	0.038461538461538464	0.07	1	0.0026923076923076926
all	minimal	lane122s000601_bin.4.o	lane122s000517_bin.2.s	M_h_e	0.038461538461538464	0.27	1	0.010384615384615386
all	minimal	lane122s000601_bin.4.o	lane122s000517_bin.2.s	M_hom__L_e	0.038461538461538464	0.08	1	0.0030769230769230774
all	minimal	lane122s000601_bin.4.o	lane122s000517_bin.2.s	M_lys__L_e	0.038461538461538464	0.04	1	0.0015384615384615387
all	minimal	lane122s000601_bin.4.o	lane122s000517_bin.2.s	M_nh4_e	0.038461538461538464	0.38	1	0.014615384615384617
all	minimal	lane122s000601_bin.4.o	lane122s000517_bin.2.s	M_pi_e	0.038461538461538464	0.4	1	0.015384615384615385
all	minimal	lane122s000601_bin.4.o	lane122s000531_bin.1.o	M_2obut_e	0.07692307692307693	0.04	1	0.0030769230769230774
all	minimal	lane122s000601_bin.4.o	lane122s000531_bin.1.o	M_acald_e	0.07692307692307693	0.07	1	0.005384615384615385
all	minimal	lane122s000601_bin.4.o	lane122s000531_bin.1.o	M_bz_e	0.07692307692307693	0.02	1	0.0015384615384615387
all	minimal	lane122s000601_bin.4.o	lane122s000531_bin.1.o	M_etoh_e	0.07692307692307693	0.2	1	0.015384615384615385
all	minimal	lane122s000601_bin.4.o	lane122s000531_bin.1.o	M_fe3_e	0.07692307692307693	1.0	1	0.07692307692307693
all	minimal	lane122s000601_bin.4.o	lane122s000531_bin.1.o	M_for_e	0.07692307692307693	0.05	1	0.0038461538461538464
all	minimal	lane122s000601_bin.4.o	lane122s000531_bin.1.o	M_h2s_e	0.07692307692307693	0.07	1	0.005384615384615385
all	minimal	lane122s000601_bin.4.o	lane122s000531_bin.1.o	M_h_e	0.07692307692307693	0.27	1	0.020769230769230772
all	minimal	lane122s000601_bin.4.o	lane122s000531_bin.1.o	M_hom__L_e	0.07692307692307693	0.08	1	0.006153846153846155
all	minimal	lane122s000601_bin.4.o	lane122s000531_bin.1.o	M_lys__L_e	0.07692307692307693	0.04	1	0.0030769230769230774
all	minimal	lane122s000601_bin.4.o	lane122s000531_bin.1.o	M_nh4_e	0.07692307692307693	0.38	1	0.029230769230769234
all	minimal	lane122s000601_bin.4.o	lane122s000536_megahit	M_acald_e	0.07692307692307693	0.07	1	0.005384615384615385
all	minimal	lane122s000601_bin.4.o	lane122s000536_megahit	M_asp__L_e	0.07692307692307693	0.25	1	0.019230769230769232
all	minimal	lane122s000601_bin.4.o	lane122s000536_megahit	M_bz_e	0.07692307692307693	0.02	1	0.0015384615384615387
all	minimal	lane122s000601_bin.4.o	lane122s000536_megahit	M_etoh_e	0.07692307692307693	0.2	1	0.015384615384615385
all	minimal	lane122s000601_bin.4.o	lane122s000536_megahit	M_fe3_e	0.07692307692307693	1.0	1	0.07692307692307693
all	minimal	lane122s000601_bin.4.o	lane122s000536_megahit	M_glu__L_e	0.07692307692307693	0.03	1	0.002307692307692308
all	minimal	lane122s000601_bin.4.o	lane122s000536_megahit	M_h2s_e	0.07692307692307693	0.07	1	0.005384615384615385
all	minimal	lane122s000601_bin.4.o	lane122s000536_megahit	M_h_e	0.07692307692307693	0.27	1	0.020769230769230772
all	minimal	lane122s000601_bin.4.o	lane122s000536_megahit	M_hom__L_e	0.07692307692307693	0.08	1	0.006153846153846155
all	minimal	lane122s000601_bin.4.o	lane122s000536_megahit	M_lys__L_e	0.07692307692307693	0.04	1	0.0030769230769230774
all	minimal	lane122s000601_bin.4.o	lane122s000536_megahit	M_nh4_e	0.07692307692307693	0.38	1	0.029230769230769234
all	minimal	lane122s000601_bin.4.o	lane122s000536_megahit	M_s_e	0.07692307692307693	0.01	1	0.0007692307692307693
all	minimal	lane122s000601_bin.4.o	lane122s000601_bin.10.s	M_acald_e	0.038461538461538464	0.07	1	0.0026923076923076926
all	minimal	lane122s000601_bin.4.o	lane122s000601_bin.10.s	M_ala__D_e	0.038461538461538464	0.16	1	0.006153846153846155
all	minimal	lane122s000601_bin.4.o	lane122s000601_bin.10.s	M_etoh_e	0.038461538461538464	0.2	1	0.007692307692307693
all	minimal	lane122s000601_bin.4.o	lane122s000601_bin.10.s	M_fe3_e	0.038461538461538464	1.0	1	0.038461538461538464
all	minimal	lane122s000601_bin.4.o	lane122s000601_bin.10.s	M_for_e	0.038461538461538464	0.05	1	0.0019230769230769232
all	minimal	lane122s000601_bin.4.o	lane122s000601_bin.10.s	M_glu__L_e	0.038461538461538464	0.03	1	0.001153846153846154
all	minimal	lane122s000601_bin.4.o	lane122s000601_bin.10.s	M_glyc3p_e	0.038461538461538464	0.56	1	0.02153846153846154
all	minimal	lane122s000601_bin.4.o	lane122s000601_bin.10.s	M_h2s_e	0.038461538461538464	0.07	1	0.0026923076923076926
all	minimal	lane122s000601_bin.4.o	lane122s000601_bin.10.s	M_h_e	0.038461538461538464	0.27	1	0.010384615384615386
all	minimal	lane122s000601_bin.4.o	lane122s000601_bin.10.s	M_hxan_e	0.038461538461538464	0.03	1	0.001153846153846154
all	minimal	lane122s000601_bin.4.o	lane122s000601_bin.10.s	M_lys__L_e	0.038461538461538464	0.04	1	0.0015384615384615387
all	minimal	lane122s000601_bin.4.o	lane122s000601_bin.10.s	M_mal__L_e	0.038461538461538464	0.04	1	0.0015384615384615387
all	minimal	lane122s000601_bin.4.o	lane122s000601_bin.10.s	M_nh4_e	0.038461538461538464	0.38	1	0.014615384615384617
all	minimal	lane122s000601_bin.4.o	lane122s000601_bin.10.s	M_pi_e	0.038461538461538464	0.4	1	0.015384615384615385
all	minimal	lane122s000601_bin.4.o	lane122s000601_bin.10.s	M_s_e	0.038461538461538464	0.01	1	0.00038461538461538467
all	minimal	lane122s000601_bin.4.o	lane122s000601_bin.1.o	M_acald_e	0.07692307692307693	0.07	1	0.005384615384615385
all	minimal	lane122s000601_bin.4.o	lane122s000601_bin.1.o	M_bz_e	0.07692307692307693	0.02	1	0.0015384615384615387
all	minimal	lane122s000601_bin.4.o	lane122s000601_bin.1.o	M_etoh_e	0.07692307692307693	0.2	1	0.015384615384615385
all	minimal	lane122s000601_bin.4.o	lane122s000601_bin.1.o	M_fe3_e	0.07692307692307693	1.0	1	0.07692307692307693
all	minimal	lane122s000601_bin.4.o	lane122s000601_bin.1.o	M_h2s_e	0.07692307692307693	0.07	1	0.005384615384615385
all	minimal	lane122s000601_bin.4.o	lane122s000601_bin.1.o	M_h_e	0.07692307692307693	0.27	1	0.020769230769230772
all	minimal	lane122s000601_bin.4.o	lane122s000601_bin.1.o	M_hom__L_e	0.07692307692307693	0.08	1	0.006153846153846155
all	minimal	lane122s000601_bin.4.o	lane122s000601_bin.1.o	M_nh4_e	0.07692307692307693	0.38	1	0.029230769230769234
all	minimal	lane122s000601_bin.4.o	lane122s000601_bin.1.o	M_s_e	0.07692307692307693	0.01	1	0.0007692307692307693
all	minimal	lane122s000601_bin.4.o	lane122s000601_bin.2.o	M_acald_e	0.038461538461538464	0.07	1	0.0026923076923076926
all	minimal	lane122s000601_bin.4.o	lane122s000601_bin.2.o	M_etoh_e	0.038461538461538464	0.2	1	0.007692307692307693
all	minimal	lane122s000601_bin.4.o	lane122s000601_bin.2.o	M_fe3_e	0.038461538461538464	1.0	1	0.038461538461538464
all	minimal	lane122s000601_bin.4.o	lane122s000601_bin.2.o	M_h2s_e	0.038461538461538464	0.07	1	0.0026923076923076926
all	minimal	lane122s000601_bin.4.o	lane122s000601_bin.2.o	M_h_e	0.038461538461538464	0.27	1	0.010384615384615386
all	minimal	lane122s000601_bin.4.o	lane122s000601_bin.2.o	M_hxan_e	0.038461538461538464	0.03	1	0.001153846153846154
all	minimal	lane122s000601_bin.4.o	lane122s000601_bin.2.o	M_nh4_e	0.038461538461538464	0.38	1	0.014615384615384617
all	minimal	lane122s000601_bin.4.o	lane122s000601_bin.3.s	M_4hba_e	0.6153846153846154	0.11	1	0.06769230769230769
all	minimal	lane122s000601_bin.4.o	lane122s000601_bin.3.s	M_acac_e	0.6153846153846154	0.21	1	0.12923076923076923
all	minimal	lane122s000601_bin.4.o	lane122s000601_bin.3.s	M_acald_e	0.6153846153846154	0.07	1	0.04307692307692308
all	minimal	lane122s000601_bin.4.o	lane122s000601_bin.3.s	M_ala__D_e	0.6153846153846154	0.16	1	0.09846153846153848
all	minimal	lane122s000601_bin.4.o	lane122s000601_bin.3.s	M_arg__L_e	0.6153846153846154	0.07	1	0.04307692307692308
all	minimal	lane122s000601_bin.4.o	lane122s000601_bin.3.s	M_asp__L_e	0.6153846153846154	0.25	1	0.15384615384615385
all	minimal	lane122s000601_bin.4.o	lane122s000601_bin.3.s	M_bz_e	0.6153846153846154	0.02	1	0.01230769230769231
all	minimal	lane122s000601_bin.4.o	lane122s000601_bin.3.s	M_etoh_e	0.6153846153846154	0.2	1	0.12307692307692308
all	minimal	lane122s000601_bin.4.o	lane122s000601_bin.3.s	M_fe3_e	0.6153846153846154	1.0	1	0.6153846153846154
all	minimal	lane122s000601_bin.4.o	lane122s000601_bin.3.s	M_for_e	0.6153846153846154	0.05	1	0.03076923076923077
all	minimal	lane122s000601_bin.4.o	lane122s000601_bin.3.s	M_glu__L_e	0.6153846153846154	0.03	1	0.018461538461538463
all	minimal	lane122s000601_bin.4.o	lane122s000601_bin.3.s	M_glyc3p_e	0.6153846153846154	0.56	1	0.34461538461538466
all	minimal	lane122s000601_bin.4.o	lane122s000601_bin.3.s	M_h2s_e	0.6153846153846154	0.07	1	0.04307692307692308
all	minimal	lane122s000601_bin.4.o	lane122s000601_bin.3.s	M_h_e	0.6153846153846154	0.27	1	0.16615384615384618
all	minimal	lane122s000601_bin.4.o	lane122s000601_bin.3.s	M_hom__L_e	0.6153846153846154	0.08	1	0.04923076923076924
all	minimal	lane122s000601_bin.4.o	lane122s000601_bin.3.s	M_leu__L_e	0.6153846153846154	0.09	1	0.055384615384615386
all	minimal	lane122s000601_bin.4.o	lane122s000601_bin.3.s	M_nh4_e	0.6153846153846154	0.38	1	0.23384615384615387
all	minimal	lane122s000601_bin.4.o	lane122s000601_bin.3.s	M_no2_e	0.6153846153846154	0.02	1	0.01230769230769231
all	minimal	lane122s000601_bin.4.o	lane122s000601_bin.3.s	M_pi_e	0.6153846153846154	0.4	1	0.24615384615384617
all	minimal	lane122s000601_bin.4.o	lane122s000601_bin.3.s	M_s_e	0.6153846153846154	0.01	1	0.006153846153846155
all	minimal	lane122s000601_bin.4.o	lane122s000601_bin.5.o	M_acald_e	0.07692307692307693	0.07	1	0.005384615384615385
all	minimal	lane122s000601_bin.4.o	lane122s000601_bin.5.o	M_bz_e	0.07692307692307693	0.02	1	0.0015384615384615387
all	minimal	lane122s000601_bin.4.o	lane122s000601_bin.5.o	M_etoh_e	0.07692307692307693	0.2	1	0.015384615384615385
all	minimal	lane122s000601_bin.4.o	lane122s000601_bin.5.o	M_fe3_e	0.07692307692307693	1.0	1	0.07692307692307693
all	minimal	lane122s000601_bin.4.o	lane122s000601_bin.5.o	M_for_e	0.07692307692307693	0.05	1	0.0038461538461538464
all	minimal	lane122s000601_bin.4.o	lane122s000601_bin.5.o	M_glu__L_e	0.07692307692307693	0.03	1	0.002307692307692308
all	minimal	lane122s000601_bin.4.o	lane122s000601_bin.5.o	M_h2s_e	0.07692307692307693	0.07	1	0.005384615384615385
all	minimal	lane122s000601_bin.4.o	lane122s000601_bin.5.o	M_h_e	0.07692307692307693	0.27	1	0.020769230769230772
all	minimal	lane122s000601_bin.4.o	lane122s000601_bin.5.o	M_hom__L_e	0.07692307692307693	0.08	1	0.006153846153846155
all	minimal	lane122s000601_bin.4.o	lane122s000601_bin.5.o	M_mal__L_e	0.07692307692307693	0.04	1	0.0030769230769230774
all	minimal	lane122s000601_bin.4.o	lane122s000601_bin.5.o	M_nh4_e	0.07692307692307693	0.38	1	0.029230769230769234
all	minimal	lane122s000601_bin.4.o	lane122s000601_bin.5.o	M_pi_e	0.07692307692307693	0.4	1	0.03076923076923077
all	minimal	lane122s000601_bin.4.o	lane122s000601_bin.6.o	M_4hba_e	1.0	0.11	1	0.11
all	minimal	lane122s000601_bin.4.o	lane122s000601_bin.6.o	M_acald_e	1.0	0.07	1	0.07
all	minimal	lane122s000601_bin.4.o	lane122s000601_bin.6.o	M_bz_e	1.0	0.02	1	0.02
all	minimal	lane122s000601_bin.4.o	lane122s000601_bin.6.o	M_etoh_e	1.0	0.2	1	0.2
all	minimal	lane122s000601_bin.4.o	lane122s000601_bin.6.o	M_fe3_e	1.0	1.0	1	1.0
all	minimal	lane122s000601_bin.4.o	lane122s000601_bin.6.o	M_h2_e	1.0	0.39	1	0.39
all	minimal	lane122s000601_bin.4.o	lane122s000601_bin.6.o	M_h2s_e	1.0	0.07	1	0.07
all	minimal	lane122s000601_bin.4.o	lane122s000601_bin.6.o	M_h_e	1.0	0.27	1	0.27
all	minimal	lane122s000601_bin.4.o	lane122s000601_bin.6.o	M_hxan_e	1.0	0.03	1	0.03
all	minimal	lane122s000601_bin.4.o	lane122s000601_bin.6.o	M_lys__L_e	1.0	0.04	1	0.04
all	minimal	lane122s000601_bin.4.o	lane122s000601_bin.6.o	M_nh4_e	1.0	0.38	1	0.38
all	minimal	lane122s000601_bin.4.o	lane122s000601_bin.6.o	M_pi_e	1.0	0.4	1	0.4
all	minimal	lane122s000601_bin.4.o	lane122s000601_bin.6.o	M_s_e	1.0	0.01	1	0.01
all	minimal	lane122s000601_bin.4.o	lane122s000601_bin.7.o	M_acac_e	0.07692307692307693	0.21	1	0.016153846153846154
all	minimal	lane122s000601_bin.4.o	lane122s000601_bin.7.o	M_acald_e	0.07692307692307693	0.07	1	0.005384615384615385
all	minimal	lane122s000601_bin.4.o	lane122s000601_bin.7.o	M_bz_e	0.07692307692307693	0.02	1	0.0015384615384615387
all	minimal	lane122s000601_bin.4.o	lane122s000601_bin.7.o	M_bzal_e	0.07692307692307693	0.05	1	0.0038461538461538464
all	minimal	lane122s000601_bin.4.o	lane122s000601_bin.7.o	M_fe3_e	0.07692307692307693	1.0	1	0.07692307692307693
all	minimal	lane122s000601_bin.4.o	lane122s000601_bin.7.o	M_h2s_e	0.07692307692307693	0.07	1	0.005384615384615385
all	minimal	lane122s000601_bin.4.o	lane122s000601_bin.7.o	M_h_e	0.07692307692307693	0.27	1	0.020769230769230772
all	minimal	lane122s000601_bin.4.o	lane122s000601_bin.7.o	M_mal__L_e	0.07692307692307693	0.04	1	0.0030769230769230774
all	minimal	lane122s000601_bin.4.o	lane122s000601_bin.7.o	M_nh4_e	0.07692307692307693	0.38	1	0.029230769230769234
all	minimal	lane122s000601_bin.4.o	lane122s000601_bin.8.s	M_4hba_e	0.038461538461538464	0.11	1	0.004230769230769231
all	minimal	lane122s000601_bin.4.o	lane122s000601_bin.8.s	M_acald_e	0.038461538461538464	0.07	1	0.0026923076923076926
all	minimal	lane122s000601_bin.4.o	lane122s000601_bin.8.s	M_bz_e	0.038461538461538464	0.02	1	0.0007692307692307693
all	minimal	lane122s000601_bin.4.o	lane122s000601_bin.8.s	M_fe3_e	0.038461538461538464	1.0	1	0.038461538461538464
all	minimal	lane122s000601_bin.4.o	lane122s000601_bin.8.s	M_h_e	0.038461538461538464	0.27	1	0.010384615384615386
all	minimal	lane122s000601_bin.4.o	lane122s000601_bin.8.s	M_hxan_e	0.038461538461538464	0.03	1	0.001153846153846154
all	minimal	lane122s000601_bin.4.o	lane122s000601_bin.8.s	M_nh4_e	0.038461538461538464	0.38	1	0.014615384615384617
all	minimal	lane122s000601_bin.4.o	lane122s000601_bin.9.p	M_acald_e	0.4230769230769231	0.07	1	0.029615384615384616
all	minimal	lane122s000601_bin.4.o	lane122s000601_bin.9.p	M_arg__L_e	0.4230769230769231	0.07	1	0.029615384615384616
all	minimal	lane122s000601_bin.4.o	lane122s000601_bin.9.p	M_bz_e	0.4230769230769231	0.02	1	0.008461538461538461
all	minimal	lane122s000601_bin.4.o	lane122s000601_bin.9.p	M_cit_e	0.4230769230769231	0.01	1	0.004230769230769231
all	minimal	lane122s000601_bin.4.o	lane122s000601_bin.9.p	M_fe3_e	0.4230769230769231	1.0	1	0.4230769230769231
all	minimal	lane122s000601_bin.4.o	lane122s000601_bin.9.p	M_h2s_e	0.4230769230769231	0.07	1	0.029615384615384616
all	minimal	lane122s000601_bin.4.o	lane122s000601_bin.9.p	M_h_e	0.4230769230769231	0.27	1	0.11423076923076923
all	minimal	lane122s000601_bin.4.o	lane122s000601_bin.9.p	M_hom__L_e	0.4230769230769231	0.08	1	0.033846153846153845
all	minimal	lane122s000601_bin.4.o	lane122s000601_bin.9.p	M_nh4_e	0.4230769230769231	0.38	1	0.16076923076923078
all	minimal	lane122s000601_bin.5.o	lane121s003976_shovill	M_acald_e	0.06	0.01	1	0.0006
all	minimal	lane122s000601_bin.5.o	lane121s003976_shovill	M_etoh_e	0.06	0.06	1	0.0036
all	minimal	lane122s000601_bin.5.o	lane121s003976_shovill	M_fe3_e	0.06	0.06	1	0.0036
all	minimal	lane122s000601_bin.5.o	lane121s003976_shovill	M_glc__D_e	0.06	1.0	1	0.06
all	minimal	lane122s000601_bin.5.o	lane121s003976_shovill	M_h2s_e	0.06	0.01	1	0.0006
all	minimal	lane122s000601_bin.5.o	lane121s003976_shovill	M_h_e	0.06	0.04	1	0.0024
all	minimal	lane122s000601_bin.5.o	lane121s003976_shovill	M_inost_e	0.06	0.08	1	0.0048
all	minimal	lane122s000601_bin.5.o	lane121s003976_shovill	M_no2_e	0.06	0.21	1	0.012599999999999998
all	minimal	lane122s000601_bin.5.o	lane121s003978_shovill	M_acald_e	0.24	0.01	1	0.0024
all	minimal	lane122s000601_bin.5.o	lane121s003978_shovill	M_etoh_e	0.24	0.06	1	0.0144
all	minimal	lane122s000601_bin.5.o	lane121s003978_shovill	M_fe3_e	0.24	0.06	1	0.0144
all	minimal	lane122s000601_bin.5.o	lane121s003978_shovill	M_glc__D_e	0.24	1.0	1	0.24
all	minimal	lane122s000601_bin.5.o	lane121s003978_shovill	M_h2s_e	0.24	0.01	1	0.0024
all	minimal	lane122s000601_bin.5.o	lane121s003978_shovill	M_h_e	0.24	0.04	1	0.0096
all	minimal	lane122s000601_bin.5.o	lane121s003978_shovill	M_orn_e	0.24	0.92	1	0.2208
all	minimal	lane122s000601_bin.5.o	lane121s003979_bin.1.s	M_acald_e	0.14	0.01	1	0.0014000000000000002
all	minimal	lane122s000601_bin.5.o	lane121s003979_bin.1.s	M_etoh_e	0.14	0.06	1	0.008400000000000001
all	minimal	lane122s000601_bin.5.o	lane121s003979_bin.1.s	M_fe3_e	0.14	0.06	1	0.008400000000000001
all	minimal	lane122s000601_bin.5.o	lane121s003979_bin.1.s	M_glc__D_e	0.14	1.0	1	0.14
all	minimal	lane122s000601_bin.5.o	lane121s003979_bin.1.s	M_h2s_e	0.14	0.01	1	0.0014000000000000002
all	minimal	lane122s000601_bin.5.o	lane121s003979_bin.1.s	M_h_e	0.14	0.04	1	0.005600000000000001
all	minimal	lane122s000601_bin.5.o	lane121s003979_bin.1.s	M_pi_e	0.14	0.8	1	0.11200000000000002
all	minimal	lane122s000601_bin.5.o	lane121s003996_shovill	M_acald_e	0.21	0.01	1	0.0021
all	minimal	lane122s000601_bin.5.o	lane121s003996_shovill	M_etoh_e	0.21	0.06	1	0.012599999999999998
all	minimal	lane122s000601_bin.5.o	lane121s003996_shovill	M_fe3_e	0.21	0.06	1	0.012599999999999998
all	minimal	lane122s000601_bin.5.o	lane121s003996_shovill	M_for_e	0.21	0.11	1	0.0231
all	minimal	lane122s000601_bin.5.o	lane121s003996_shovill	M_glc__D_e	0.21	1.0	1	0.21
all	minimal	lane122s000601_bin.5.o	lane121s003996_shovill	M_h2s_e	0.21	0.01	1	0.0021
all	minimal	lane122s000601_bin.5.o	lane121s003996_shovill	M_h_e	0.21	0.04	1	0.0084
all	minimal	lane122s000601_bin.5.o	lane121s003996_shovill	M_oxa_e	0.21	0.01	1	0.0021
all	minimal	lane122s000601_bin.5.o	lane122s000517_bin.1.p	M_acald_e	0.24	0.01	1	0.0024
all	minimal	lane122s000601_bin.5.o	lane122s000517_bin.1.p	M_etoh_e	0.24	0.06	1	0.0144
all	minimal	lane122s000601_bin.5.o	lane122s000517_bin.1.p	M_fe3_e	0.24	0.06	1	0.0144
all	minimal	lane122s000601_bin.5.o	lane122s000517_bin.1.p	M_glc__D_e	0.24	1.0	1	0.24
all	minimal	lane122s000601_bin.5.o	lane122s000517_bin.1.p	M_h2s_e	0.24	0.01	1	0.0024
all	minimal	lane122s000601_bin.5.o	lane122s000517_bin.1.p	M_h_e	0.24	0.04	1	0.0096
all	minimal	lane122s000601_bin.5.o	lane122s000517_bin.1.p	M_ppap_e	0.24	0.18	1	0.043199999999999995
all	minimal	lane122s000601_bin.5.o	lane122s000517_bin.2.s	M_acald_e	0.21	0.01	1	0.0021
all	minimal	lane122s000601_bin.5.o	lane122s000517_bin.2.s	M_etoh_e	0.21	0.06	1	0.012599999999999998
all	minimal	lane122s000601_bin.5.o	lane122s000517_bin.2.s	M_fe3_e	0.21	0.06	1	0.012599999999999998
all	minimal	lane122s000601_bin.5.o	lane122s000517_bin.2.s	M_h2s_e	0.21	0.01	1	0.0021
all	minimal	lane122s000601_bin.5.o	lane122s000517_bin.2.s	M_h_e	0.21	0.04	1	0.0084
all	minimal	lane122s000601_bin.5.o	lane122s000517_bin.2.s	M_oxa_e	0.21	0.01	1	0.0021
all	minimal	lane122s000601_bin.5.o	lane122s000517_bin.2.s	M_pi_e	0.21	0.8	1	0.168
all	minimal	lane122s000601_bin.5.o	lane122s000531_bin.1.o	M_acald_e	1.0	0.01	1	0.01
all	minimal	lane122s000601_bin.5.o	lane122s000531_bin.1.o	M_etoh_e	1.0	0.06	1	0.06
all	minimal	lane122s000601_bin.5.o	lane122s000531_bin.1.o	M_fe3_e	1.0	0.06	1	0.06
all	minimal	lane122s000601_bin.5.o	lane122s000531_bin.1.o	M_for_e	1.0	0.11	1	0.11
all	minimal	lane122s000601_bin.5.o	lane122s000531_bin.1.o	M_h2s_e	1.0	0.01	1	0.01
all	minimal	lane122s000601_bin.5.o	lane122s000531_bin.1.o	M_h_e	1.0	0.04	1	0.04
all	minimal	lane122s000601_bin.5.o	lane122s000531_bin.1.o	M_oxa_e	1.0	0.01	1	0.01
all	minimal	lane122s000601_bin.5.o	lane122s000536_megahit	M_acald_e	1.0	0.01	1	0.01
all	minimal	lane122s000601_bin.5.o	lane122s000536_megahit	M_etoh_e	1.0	0.06	1	0.06
all	minimal	lane122s000601_bin.5.o	lane122s000536_megahit	M_fe3_e	1.0	0.06	1	0.06
all	minimal	lane122s000601_bin.5.o	lane122s000536_megahit	M_h2s_e	1.0	0.01	1	0.01
all	minimal	lane122s000601_bin.5.o	lane122s000536_megahit	M_h_e	1.0	0.04	1	0.04
all	minimal	lane122s000601_bin.5.o	lane122s000536_megahit	M_tyr__L_e	1.0	1.0	1	1.0
all	minimal	lane122s000601_bin.5.o	lane122s000601_bin.10.s	M_acald_e	0.11	0.01	1	0.0011
all	minimal	lane122s000601_bin.5.o	lane122s000601_bin.10.s	M_etoh_e	0.11	0.06	1	0.0066
all	minimal	lane122s000601_bin.5.o	lane122s000601_bin.10.s	M_fe3_e	0.11	0.06	1	0.0066
all	minimal	lane122s000601_bin.5.o	lane122s000601_bin.10.s	M_for_e	0.11	0.11	1	0.0121
all	minimal	lane122s000601_bin.5.o	lane122s000601_bin.10.s	M_g3pe_e	0.11	0.01	1	0.0011
all	minimal	lane122s000601_bin.5.o	lane122s000601_bin.10.s	M_h2s_e	0.11	0.01	1	0.0011
all	minimal	lane122s000601_bin.5.o	lane122s000601_bin.10.s	M_h_e	0.11	0.04	1	0.0044
all	minimal	lane122s000601_bin.5.o	lane122s000601_bin.10.s	M_mal__L_e	0.11	0.01	1	0.0011
all	minimal	lane122s000601_bin.5.o	lane122s000601_bin.10.s	M_oxa_e	0.11	0.01	1	0.0011
all	minimal	lane122s000601_bin.5.o	lane122s000601_bin.10.s	M_pi_e	0.11	0.8	1	0.08800000000000001
all	minimal	lane122s000601_bin.5.o	lane122s000601_bin.10.s	M_ppap_e	0.11	0.18	1	0.019799999999999998
all	minimal	lane122s000601_bin.5.o	lane122s000601_bin.1.o	M_acald_e	0.1	0.01	1	0.001
all	minimal	lane122s000601_bin.5.o	lane122s000601_bin.1.o	M_etoh_e	0.1	0.06	1	0.006
all	minimal	lane122s000601_bin.5.o	lane122s000601_bin.1.o	M_fe3_e	0.1	0.06	1	0.006
all	minimal	lane122s000601_bin.5.o	lane122s000601_bin.1.o	M_h2s_e	0.1	0.01	1	0.001
all	minimal	lane122s000601_bin.5.o	lane122s000601_bin.1.o	M_h_e	0.1	0.04	1	0.004
all	minimal	lane122s000601_bin.5.o	lane122s000601_bin.1.o	M_orn_e	0.1	0.92	1	0.09200000000000001
all	minimal	lane122s000601_bin.5.o	lane122s000601_bin.1.o	M_ppap_e	0.1	0.18	1	0.018
all	minimal	lane122s000601_bin.5.o	lane122s000601_bin.2.o	M_acald_e	0.1	0.01	1	0.001
all	minimal	lane122s000601_bin.5.o	lane122s000601_bin.2.o	M_etoh_e	0.1	0.06	1	0.006
all	minimal	lane122s000601_bin.5.o	lane122s000601_bin.2.o	M_fe3_e	0.1	0.06	1	0.006
all	minimal	lane122s000601_bin.5.o	lane122s000601_bin.2.o	M_h2s_e	0.1	0.01	1	0.001
all	minimal	lane122s000601_bin.5.o	lane122s000601_bin.2.o	M_h_e	0.1	0.04	1	0.004
all	minimal	lane122s000601_bin.5.o	lane122s000601_bin.3.s	M_acald_e	0.55	0.01	1	0.0055000000000000005
all	minimal	lane122s000601_bin.5.o	lane122s000601_bin.3.s	M_arg__L_e	0.55	0.08	1	0.044000000000000004
all	minimal	lane122s000601_bin.5.o	lane122s000601_bin.3.s	M_etoh_e	0.55	0.06	1	0.033
all	minimal	lane122s000601_bin.5.o	lane122s000601_bin.3.s	M_fe3_e	0.55	0.06	1	0.033
all	minimal	lane122s000601_bin.5.o	lane122s000601_bin.3.s	M_for_e	0.55	0.11	1	0.060500000000000005
all	minimal	lane122s000601_bin.5.o	lane122s000601_bin.3.s	M_g3pe_e	0.55	0.01	1	0.0055000000000000005
all	minimal	lane122s000601_bin.5.o	lane122s000601_bin.3.s	M_g3pg_e	0.55	0.01	1	0.0055000000000000005
all	minimal	lane122s000601_bin.5.o	lane122s000601_bin.3.s	M_h2s_e	0.55	0.01	1	0.0055000000000000005
all	minimal	lane122s000601_bin.5.o	lane122s000601_bin.3.s	M_h_e	0.55	0.04	1	0.022000000000000002
all	minimal	lane122s000601_bin.5.o	lane122s000601_bin.3.s	M_no2_e	0.55	0.21	1	0.1155
all	minimal	lane122s000601_bin.5.o	lane122s000601_bin.3.s	M_orn_e	0.55	0.92	1	0.5060000000000001
all	minimal	lane122s000601_bin.5.o	lane122s000601_bin.3.s	M_oxa_e	0.55	0.01	1	0.0055000000000000005
all	minimal	lane122s000601_bin.5.o	lane122s000601_bin.3.s	M_pi_e	0.55	0.8	1	0.44000000000000006
all	minimal	lane122s000601_bin.5.o	lane122s000601_bin.4.o	M_acald_e	0.08	0.01	1	0.0008
all	minimal	lane122s000601_bin.5.o	lane122s000601_bin.4.o	M_etoh_e	0.08	0.06	1	0.0048
all	minimal	lane122s000601_bin.5.o	lane122s000601_bin.4.o	M_fe3_e	0.08	0.06	1	0.0048
all	minimal	lane122s000601_bin.5.o	lane122s000601_bin.4.o	M_for_e	0.08	0.11	1	0.0088
all	minimal	lane122s000601_bin.5.o	lane122s000601_bin.4.o	M_g3pe_e	0.08	0.01	1	0.0008
all	minimal	lane122s000601_bin.5.o	lane122s000601_bin.4.o	M_h2s_e	0.08	0.01	1	0.0008
all	minimal	lane122s000601_bin.5.o	lane122s000601_bin.4.o	M_h_e	0.08	0.04	1	0.0032
all	minimal	lane122s000601_bin.5.o	lane122s000601_bin.4.o	M_pi_e	0.08	0.8	1	0.064
all	minimal	lane122s000601_bin.5.o	lane122s000601_bin.6.o	M_acald_e	1.0	0.01	1	0.01
all	minimal	lane122s000601_bin.5.o	lane122s000601_bin.6.o	M_etoh_e	1.0	0.06	1	0.06
all	minimal	lane122s000601_bin.5.o	lane122s000601_bin.6.o	M_fe3_e	1.0	0.06	1	0.06
all	minimal	lane122s000601_bin.5.o	lane122s000601_bin.6.o	M_glc__D_e	1.0	1.0	1	1.0
all	minimal	lane122s000601_bin.5.o	lane122s000601_bin.6.o	M_h2s_e	1.0	0.01	1	0.01
all	minimal	lane122s000601_bin.5.o	lane122s000601_bin.6.o	M_h_e	1.0	0.04	1	0.04
all	minimal	lane122s000601_bin.5.o	lane122s000601_bin.6.o	M_inost_e	1.0	0.08	1	0.08
all	minimal	lane122s000601_bin.5.o	lane122s000601_bin.6.o	M_pi_e	1.0	0.8	1	0.8
all	minimal	lane122s000601_bin.5.o	lane122s000601_bin.6.o	M_ppap_e	1.0	0.18	1	0.18
all	minimal	lane122s000601_bin.5.o	lane122s000601_bin.7.o	M_acald_e	0.08	0.01	1	0.0008
all	minimal	lane122s000601_bin.5.o	lane122s000601_bin.7.o	M_fe3_e	0.08	0.06	1	0.0048
all	minimal	lane122s000601_bin.5.o	lane122s000601_bin.7.o	M_h2s_e	0.08	0.01	1	0.0008
all	minimal	lane122s000601_bin.5.o	lane122s000601_bin.7.o	M_h_e	0.08	0.04	1	0.0032
all	minimal	lane122s000601_bin.5.o	lane122s000601_bin.7.o	M_mal__L_e	0.08	0.01	1	0.0008
all	minimal	lane122s000601_bin.5.o	lane122s000601_bin.7.o	M_ppap_e	0.08	0.18	1	0.0144
all	minimal	lane122s000601_bin.5.o	lane122s000601_bin.8.s	M_acald_e	0.23	0.01	1	0.0023
all	minimal	lane122s000601_bin.5.o	lane122s000601_bin.8.s	M_fe3_e	0.23	0.06	1	0.0138
all	minimal	lane122s000601_bin.5.o	lane122s000601_bin.8.s	M_h_e	0.23	0.04	1	0.0092
all	minimal	lane122s000601_bin.5.o	lane122s000601_bin.8.s	M_oxa_e	0.23	0.01	1	0.0023
all	minimal	lane122s000601_bin.5.o	lane122s000601_bin.9.p	M_acald_e	0.51	0.01	1	0.0051
all	minimal	lane122s000601_bin.5.o	lane122s000601_bin.9.p	M_arg__L_e	0.51	0.08	1	0.0408
all	minimal	lane122s000601_bin.5.o	lane122s000601_bin.9.p	M_fe3_e	0.51	0.06	1	0.0306
all	minimal	lane122s000601_bin.5.o	lane122s000601_bin.9.p	M_h2s_e	0.51	0.01	1	0.0051
all	minimal	lane122s000601_bin.5.o	lane122s000601_bin.9.p	M_h_e	0.51	0.04	1	0.0204
all	minimal	lane122s000601_bin.5.o	lane122s000601_bin.9.p	M_inost_e	0.51	0.08	1	0.0408
all	minimal	lane122s000601_bin.6.o	lane121s003976_shovill	M_acald_e	0.22580645161290322	0.21	1	0.047419354838709675
all	minimal	lane122s000601_bin.6.o	lane121s003976_shovill	M_fe3_e	0.22580645161290322	1.0	1	0.22580645161290322
all	minimal	lane122s000601_bin.6.o	lane121s003976_shovill	M_glc__D_e	0.22580645161290322	0.11	1	0.024838709677419354
all	minimal	lane122s000601_bin.6.o	lane121s003976_shovill	M_glyc_e	0.22580645161290322	1.0	1	0.22580645161290322
all	minimal	lane122s000601_bin.6.o	lane121s003976_shovill	M_h2s_e	0.22580645161290322	0.19	1	0.04290322580645161
all	minimal	lane122s000601_bin.6.o	lane121s003976_shovill	M_h_e	0.22580645161290322	0.53	1	0.11967741935483871
all	minimal	lane122s000601_bin.6.o	lane121s003976_shovill	M_nh4_e	0.22580645161290322	0.01	1	0.002258064516129032
all	minimal	lane122s000601_bin.6.o	lane121s003976_shovill	M_no2_e	0.22580645161290322	0.6	1	0.13548387096774192
all	minimal	lane122s000601_bin.6.o	lane121s003976_shovill	M_rib__D_e	0.22580645161290322	0.81	1	0.18290322580645163
all	minimal	lane122s000601_bin.6.o	lane121s003978_shovill	M_acald_e	0.16129032258064516	0.21	1	0.03387096774193548
all	minimal	lane122s000601_bin.6.o	lane121s003978_shovill	M_fe3_e	0.16129032258064516	1.0	1	0.16129032258064516
all	minimal	lane122s000601_bin.6.o	lane121s003978_shovill	M_glc__D_e	0.16129032258064516	0.11	1	0.017741935483870968
all	minimal	lane122s000601_bin.6.o	lane121s003978_shovill	M_glyc_e	0.16129032258064516	1.0	1	0.16129032258064516
all	minimal	lane122s000601_bin.6.o	lane121s003978_shovill	M_h2s_e	0.16129032258064516	0.19	1	0.03064516129032258
all	minimal	lane122s000601_bin.6.o	lane121s003978_shovill	M_h_e	0.16129032258064516	0.53	1	0.08548387096774193
all	minimal	lane122s000601_bin.6.o	lane121s003978_shovill	M_nh4_e	0.16129032258064516	0.01	1	0.0016129032258064516
all	minimal	lane122s000601_bin.6.o	lane121s003978_shovill	M_rib__D_e	0.16129032258064516	0.81	1	0.13064516129032258
all	minimal	lane122s000601_bin.6.o	lane121s003979_bin.1.s	M_acald_e	0.16129032258064516	0.21	1	0.03387096774193548
all	minimal	lane122s000601_bin.6.o	lane121s003979_bin.1.s	M_fe3_e	0.16129032258064516	1.0	1	0.16129032258064516
all	minimal	lane122s000601_bin.6.o	lane121s003979_bin.1.s	M_glc__D_e	0.16129032258064516	0.11	1	0.017741935483870968
all	minimal	lane122s000601_bin.6.o	lane121s003979_bin.1.s	M_glyc_e	0.16129032258064516	1.0	1	0.16129032258064516
all	minimal	lane122s000601_bin.6.o	lane121s003979_bin.1.s	M_h2s_e	0.16129032258064516	0.19	1	0.03064516129032258
all	minimal	lane122s000601_bin.6.o	lane121s003979_bin.1.s	M_h_e	0.16129032258064516	0.53	1	0.08548387096774193
all	minimal	lane122s000601_bin.6.o	lane121s003979_bin.1.s	M_hom__L_e	0.16129032258064516	0.97	1	0.1564516129032258
all	minimal	lane122s000601_bin.6.o	lane121s003979_bin.1.s	M_nh4_e	0.16129032258064516	0.01	1	0.0016129032258064516
all	minimal	lane122s000601_bin.6.o	lane121s003979_bin.1.s	M_rib__D_e	0.16129032258064516	0.81	1	0.13064516129032258
all	minimal	lane122s000601_bin.6.o	lane121s003996_shovill	M_acald_e	0.12903225806451613	0.21	1	0.027096774193548386
all	minimal	lane122s000601_bin.6.o	lane121s003996_shovill	M_bz_e	0.12903225806451613	0.01	1	0.0012903225806451613
all	minimal	lane122s000601_bin.6.o	lane121s003996_shovill	M_fe3_e	0.12903225806451613	1.0	1	0.12903225806451613
all	minimal	lane122s000601_bin.6.o	lane121s003996_shovill	M_glc__D_e	0.12903225806451613	0.11	1	0.014193548387096773
all	minimal	lane122s000601_bin.6.o	lane121s003996_shovill	M_glyc_e	0.12903225806451613	1.0	1	0.12903225806451613
all	minimal	lane122s000601_bin.6.o	lane121s003996_shovill	M_h2s_e	0.12903225806451613	0.19	1	0.024516129032258065
all	minimal	lane122s000601_bin.6.o	lane121s003996_shovill	M_h_e	0.12903225806451613	0.53	1	0.06838709677419355
all	minimal	lane122s000601_bin.6.o	lane121s003996_shovill	M_nh4_e	0.12903225806451613	0.01	1	0.0012903225806451613
all	minimal	lane122s000601_bin.6.o	lane121s003996_shovill	M_rib__D_e	0.12903225806451613	0.81	1	0.10451612903225807
all	minimal	lane122s000601_bin.6.o	lane122s000517_bin.1.p	M_acald_e	0.06451612903225806	0.21	1	0.013548387096774193
all	minimal	lane122s000601_bin.6.o	lane122s000517_bin.1.p	M_fe3_e	0.06451612903225806	1.0	1	0.06451612903225806
all	minimal	lane122s000601_bin.6.o	lane122s000517_bin.1.p	M_glc__D_e	0.06451612903225806	0.11	1	0.007096774193548387
all	minimal	lane122s000601_bin.6.o	lane122s000517_bin.1.p	M_glyc_e	0.06451612903225806	1.0	1	0.06451612903225806
all	minimal	lane122s000601_bin.6.o	lane122s000517_bin.1.p	M_h2s_e	0.06451612903225806	0.19	1	0.012258064516129033
all	minimal	lane122s000601_bin.6.o	lane122s000517_bin.1.p	M_h_e	0.06451612903225806	0.53	1	0.034193548387096775
all	minimal	lane122s000601_bin.6.o	lane122s000517_bin.1.p	M_nh4_e	0.06451612903225806	0.01	1	0.0006451612903225806
all	minimal	lane122s000601_bin.6.o	lane122s000517_bin.1.p	M_rib__D_e	0.06451612903225806	0.81	1	0.052258064516129035
all	minimal	lane122s000601_bin.6.o	lane122s000517_bin.2.s	M_acald_e	0.2903225806451613	0.21	1	0.06096774193548387
all	minimal	lane122s000601_bin.6.o	lane122s000517_bin.2.s	M_fe3_e	0.2903225806451613	1.0	1	0.2903225806451613
all	minimal	lane122s000601_bin.6.o	lane122s000517_bin.2.s	M_glyc_e	0.2903225806451613	1.0	1	0.2903225806451613
all	minimal	lane122s000601_bin.6.o	lane122s000517_bin.2.s	M_h2s_e	0.2903225806451613	0.19	1	0.05516129032258065
all	minimal	lane122s000601_bin.6.o	lane122s000517_bin.2.s	M_h_e	0.2903225806451613	0.53	1	0.1538709677419355
all	minimal	lane122s000601_bin.6.o	lane122s000517_bin.2.s	M_hom__L_e	0.2903225806451613	0.97	1	0.28161290322580645
all	minimal	lane122s000601_bin.6.o	lane122s000517_bin.2.s	M_nh4_e	0.2903225806451613	0.01	1	0.002903225806451613
all	minimal	lane122s000601_bin.6.o	lane122s000517_bin.2.s	M_rib__D_e	0.2903225806451613	0.81	1	0.23516129032258068
all	minimal	lane122s000601_bin.6.o	lane122s000531_bin.1.o	M_acald_e	0.22580645161290322	0.21	1	0.047419354838709675
all	minimal	lane122s000601_bin.6.o	lane122s000531_bin.1.o	M_bz_e	0.22580645161290322	0.01	1	0.002258064516129032
all	minimal	lane122s000601_bin.6.o	lane122s000531_bin.1.o	M_fe3_e	0.22580645161290322	1.0	1	0.22580645161290322
all	minimal	lane122s000601_bin.6.o	lane122s000531_bin.1.o	M_glyc_e	0.22580645161290322	1.0	1	0.22580645161290322
all	minimal	lane122s000601_bin.6.o	lane122s000531_bin.1.o	M_gua_e	0.22580645161290322	0.01	1	0.002258064516129032
all	minimal	lane122s000601_bin.6.o	lane122s000531_bin.1.o	M_h2s_e	0.22580645161290322	0.19	1	0.04290322580645161
all	minimal	lane122s000601_bin.6.o	lane122s000531_bin.1.o	M_h_e	0.22580645161290322	0.53	1	0.11967741935483871
all	minimal	lane122s000601_bin.6.o	lane122s000531_bin.1.o	M_hom__L_e	0.22580645161290322	0.97	1	0.21903225806451612
all	minimal	lane122s000601_bin.6.o	lane122s000531_bin.1.o	M_nh4_e	0.22580645161290322	0.01	1	0.002258064516129032
all	minimal	lane122s000601_bin.6.o	lane122s000536_megahit	M_acald_e	0.12903225806451613	0.21	1	0.027096774193548386
all	minimal	lane122s000601_bin.6.o	lane122s000536_megahit	M_bz_e	0.12903225806451613	0.01	1	0.0012903225806451613
all	minimal	lane122s000601_bin.6.o	lane122s000536_megahit	M_fe3_e	0.12903225806451613	1.0	1	0.12903225806451613
all	minimal	lane122s000601_bin.6.o	lane122s000536_megahit	M_glyc_e	0.12903225806451613	1.0	1	0.12903225806451613
all	minimal	lane122s000601_bin.6.o	lane122s000536_megahit	M_gua_e	0.12903225806451613	0.01	1	0.0012903225806451613
all	minimal	lane122s000601_bin.6.o	lane122s000536_megahit	M_h2s_e	0.12903225806451613	0.19	1	0.024516129032258065
all	minimal	lane122s000601_bin.6.o	lane122s000536_megahit	M_h_e	0.12903225806451613	0.53	1	0.06838709677419355
all	minimal	lane122s000601_bin.6.o	lane122s000536_megahit	M_hom__L_e	0.12903225806451613	0.97	1	0.12516129032258064
all	minimal	lane122s000601_bin.6.o	lane122s000536_megahit	M_nh4_e	0.12903225806451613	0.01	1	0.0012903225806451613
all	minimal	lane122s000601_bin.6.o	lane122s000536_megahit	M_rib__D_e	0.12903225806451613	0.81	1	0.10451612903225807
all	minimal	lane122s000601_bin.6.o	lane122s000601_bin.10.s	M_acald_e	0.0967741935483871	0.21	1	0.02032258064516129
all	minimal	lane122s000601_bin.6.o	lane122s000601_bin.10.s	M_fe3_e	0.0967741935483871	1.0	1	0.0967741935483871
all	minimal	lane122s000601_bin.6.o	lane122s000601_bin.10.s	M_glyc_e	0.0967741935483871	1.0	1	0.0967741935483871
all	minimal	lane122s000601_bin.6.o	lane122s000601_bin.10.s	M_gua_e	0.0967741935483871	0.01	1	0.000967741935483871
all	minimal	lane122s000601_bin.6.o	lane122s000601_bin.10.s	M_h2s_e	0.0967741935483871	0.19	1	0.018387096774193548
all	minimal	lane122s000601_bin.6.o	lane122s000601_bin.10.s	M_h_e	0.0967741935483871	0.53	1	0.05129032258064516
all	minimal	lane122s000601_bin.6.o	lane122s000601_bin.10.s	M_hxan_e	0.0967741935483871	0.04	1	0.003870967741935484
all	minimal	lane122s000601_bin.6.o	lane122s000601_bin.10.s	M_nh4_e	0.0967741935483871	0.01	1	0.000967741935483871
all	minimal	lane122s000601_bin.6.o	lane122s000601_bin.1.o	M_acald_e	0.03225806451612903	0.21	1	0.0067741935483870966
all	minimal	lane122s000601_bin.6.o	lane122s000601_bin.1.o	M_bz_e	0.03225806451612903	0.01	1	0.0003225806451612903
all	minimal	lane122s000601_bin.6.o	lane122s000601_bin.1.o	M_fe3_e	0.03225806451612903	1.0	1	0.03225806451612903
all	minimal	lane122s000601_bin.6.o	lane122s000601_bin.1.o	M_glyc_e	0.03225806451612903	1.0	1	0.03225806451612903
all	minimal	lane122s000601_bin.6.o	lane122s000601_bin.1.o	M_h2s_e	0.03225806451612903	0.19	1	0.006129032258064516
all	minimal	lane122s000601_bin.6.o	lane122s000601_bin.1.o	M_h_e	0.03225806451612903	0.53	1	0.017096774193548388
all	minimal	lane122s000601_bin.6.o	lane122s000601_bin.1.o	M_hom__L_e	0.03225806451612903	0.97	1	0.03129032258064516
all	minimal	lane122s000601_bin.6.o	lane122s000601_bin.1.o	M_nh4_e	0.03225806451612903	0.01	1	0.0003225806451612903
all	minimal	lane122s000601_bin.6.o	lane122s000601_bin.2.o	M_acald_e	0.03225806451612903	0.21	1	0.0067741935483870966
all	minimal	lane122s000601_bin.6.o	lane122s000601_bin.2.o	M_fe3_e	0.03225806451612903	1.0	1	0.03225806451612903
all	minimal	lane122s000601_bin.6.o	lane122s000601_bin.2.o	M_glyc_e	0.03225806451612903	1.0	1	0.03225806451612903
all	minimal	lane122s000601_bin.6.o	lane122s000601_bin.2.o	M_h2s_e	0.03225806451612903	0.19	1	0.006129032258064516
all	minimal	lane122s000601_bin.6.o	lane122s000601_bin.2.o	M_h_e	0.03225806451612903	0.53	1	0.017096774193548388
all	minimal	lane122s000601_bin.6.o	lane122s000601_bin.2.o	M_hxan_e	0.03225806451612903	0.04	1	0.0012903225806451613
all	minimal	lane122s000601_bin.6.o	lane122s000601_bin.2.o	M_nh4_e	0.03225806451612903	0.01	1	0.0003225806451612903
all	minimal	lane122s000601_bin.6.o	lane122s000601_bin.3.s	M_acald_e	0.16129032258064516	0.21	1	0.03387096774193548
all	minimal	lane122s000601_bin.6.o	lane122s000601_bin.3.s	M_bz_e	0.16129032258064516	0.01	1	0.0016129032258064516
all	minimal	lane122s000601_bin.6.o	lane122s000601_bin.3.s	M_fe3_e	0.16129032258064516	1.0	1	0.16129032258064516
all	minimal	lane122s000601_bin.6.o	lane122s000601_bin.3.s	M_g3pg_e	0.16129032258064516	0.01	1	0.0016129032258064516
all	minimal	lane122s000601_bin.6.o	lane122s000601_bin.3.s	M_glyc_e	0.16129032258064516	1.0	1	0.16129032258064516
all	minimal	lane122s000601_bin.6.o	lane122s000601_bin.3.s	M_h2s_e	0.16129032258064516	0.19	1	0.03064516129032258
all	minimal	lane122s000601_bin.6.o	lane122s000601_bin.3.s	M_h_e	0.16129032258064516	0.53	1	0.08548387096774193
all	minimal	lane122s000601_bin.6.o	lane122s000601_bin.3.s	M_hom__L_e	0.16129032258064516	0.97	1	0.1564516129032258
all	minimal	lane122s000601_bin.6.o	lane122s000601_bin.3.s	M_nh4_e	0.16129032258064516	0.01	1	0.0016129032258064516
all	minimal	lane122s000601_bin.6.o	lane122s000601_bin.3.s	M_no2_e	0.16129032258064516	0.6	1	0.0967741935483871
all	minimal	lane122s000601_bin.6.o	lane122s000601_bin.3.s	M_thr__L_e	0.16129032258064516	0.03	1	0.004838709677419354
all	minimal	lane122s000601_bin.6.o	lane122s000601_bin.4.o	M_acald_e	0.25806451612903225	0.21	1	0.05419354838709677
all	minimal	lane122s000601_bin.6.o	lane122s000601_bin.4.o	M_bz_e	0.25806451612903225	0.01	1	0.0025806451612903226
all	minimal	lane122s000601_bin.6.o	lane122s000601_bin.4.o	M_fe3_e	0.25806451612903225	1.0	1	0.25806451612903225
all	minimal	lane122s000601_bin.6.o	lane122s000601_bin.4.o	M_glyc_e	0.25806451612903225	1.0	1	0.25806451612903225
all	minimal	lane122s000601_bin.6.o	lane122s000601_bin.4.o	M_h2s_e	0.25806451612903225	0.19	1	0.04903225806451613
all	minimal	lane122s000601_bin.6.o	lane122s000601_bin.4.o	M_h_e	0.25806451612903225	0.53	1	0.1367741935483871
all	minimal	lane122s000601_bin.6.o	lane122s000601_bin.4.o	M_hom__L_e	0.25806451612903225	0.97	1	0.2503225806451613
all	minimal	lane122s000601_bin.6.o	lane122s000601_bin.4.o	M_hxan_e	0.25806451612903225	0.04	1	0.01032258064516129
all	minimal	lane122s000601_bin.6.o	lane122s000601_bin.4.o	M_man1p_e	0.25806451612903225	0.19	1	0.04903225806451613
all	minimal	lane122s000601_bin.6.o	lane122s000601_bin.4.o	M_nh4_e	0.25806451612903225	0.01	1	0.0025806451612903226
all	minimal	lane122s000601_bin.6.o	lane122s000601_bin.5.o	M_acald_e	0.12903225806451613	0.21	1	0.027096774193548386
all	minimal	lane122s000601_bin.6.o	lane122s000601_bin.5.o	M_bz_e	0.12903225806451613	0.01	1	0.0012903225806451613
all	minimal	lane122s000601_bin.6.o	lane122s000601_bin.5.o	M_fe3_e	0.12903225806451613	1.0	1	0.12903225806451613
all	minimal	lane122s000601_bin.6.o	lane122s000601_bin.5.o	M_g3pg_e	0.12903225806451613	0.01	1	0.0012903225806451613
all	minimal	lane122s000601_bin.6.o	lane122s000601_bin.5.o	M_glyc_e	0.12903225806451613	1.0	1	0.12903225806451613
all	minimal	lane122s000601_bin.6.o	lane122s000601_bin.5.o	M_h2s_e	0.12903225806451613	0.19	1	0.024516129032258065
all	minimal	lane122s000601_bin.6.o	lane122s000601_bin.5.o	M_h_e	0.12903225806451613	0.53	1	0.06838709677419355
all	minimal	lane122s000601_bin.6.o	lane122s000601_bin.5.o	M_hom__L_e	0.12903225806451613	0.97	1	0.12516129032258064
all	minimal	lane122s000601_bin.6.o	lane122s000601_bin.5.o	M_nh4_e	0.12903225806451613	0.01	1	0.0012903225806451613
all	minimal	lane122s000601_bin.6.o	lane122s000601_bin.7.o	M_acald_e	0.06451612903225806	0.21	1	0.013548387096774193
all	minimal	lane122s000601_bin.6.o	lane122s000601_bin.7.o	M_bz_e	0.06451612903225806	0.01	1	0.0006451612903225806
all	minimal	lane122s000601_bin.6.o	lane122s000601_bin.7.o	M_fe3_e	0.06451612903225806	1.0	1	0.06451612903225806
all	minimal	lane122s000601_bin.6.o	lane122s000601_bin.7.o	M_glyc_e	0.06451612903225806	1.0	1	0.06451612903225806
all	minimal	lane122s000601_bin.6.o	lane122s000601_bin.7.o	M_h2s_e	0.06451612903225806	0.19	1	0.012258064516129033
all	minimal	lane122s000601_bin.6.o	lane122s000601_bin.7.o	M_h_e	0.06451612903225806	0.53	1	0.034193548387096775
all	minimal	lane122s000601_bin.6.o	lane122s000601_bin.7.o	M_nh4_e	0.06451612903225806	0.01	1	0.0006451612903225806
all	minimal	lane122s000601_bin.7.o	lane121s003976_shovill	M_acald_e	0.19736842105263158	0.05	1	0.00986842105263158
all	minimal	lane122s000601_bin.7.o	lane121s003976_shovill	M_glc__D_e	0.19736842105263158	0.96	1	0.18947368421052632
all	minimal	lane122s000601_bin.7.o	lane121s003976_shovill	M_glyc_e	0.19736842105263158	0.02	1	0.003947368421052632
all	minimal	lane122s000601_bin.7.o	lane121s003976_shovill	M_h2o_e	0.19736842105263158	0.04	1	0.007894736842105263
all	minimal	lane122s000601_bin.7.o	lane121s003976_shovill	M_h2s_e	0.19736842105263158	0.06	1	0.011842105263157895
all	minimal	lane122s000601_bin.7.o	lane121s003976_shovill	M_h_e	0.19736842105263158	0.92	1	0.18157894736842106
all	minimal	lane122s000601_bin.7.o	lane121s003976_shovill	M_lys__L_e	0.19736842105263158	1.0	1	0.19736842105263158
all	minimal	lane122s000601_bin.7.o	lane121s003976_shovill	M_rib__D_e	0.19736842105263158	0.05	1	0.00986842105263158
all	minimal	lane122s000601_bin.7.o	lane121s003978_shovill	M_acald_e	0.19736842105263158	0.05	1	0.00986842105263158
all	minimal	lane122s000601_bin.7.o	lane121s003978_shovill	M_glc__D_e	0.19736842105263158	0.96	1	0.18947368421052632
all	minimal	lane122s000601_bin.7.o	lane121s003978_shovill	M_glyc_e	0.19736842105263158	0.02	1	0.003947368421052632
all	minimal	lane122s000601_bin.7.o	lane121s003978_shovill	M_h2o_e	0.19736842105263158	0.04	1	0.007894736842105263
all	minimal	lane122s000601_bin.7.o	lane121s003978_shovill	M_h2s_e	0.19736842105263158	0.06	1	0.011842105263157895
all	minimal	lane122s000601_bin.7.o	lane121s003978_shovill	M_h_e	0.19736842105263158	0.92	1	0.18157894736842106
all	minimal	lane122s000601_bin.7.o	lane121s003978_shovill	M_lys__L_e	0.19736842105263158	1.0	1	0.19736842105263158
all	minimal	lane122s000601_bin.7.o	lane121s003978_shovill	M_orn_e	0.19736842105263158	0.97	1	0.19144736842105262
all	minimal	lane122s000601_bin.7.o	lane121s003978_shovill	M_rib__D_e	0.19736842105263158	0.05	1	0.00986842105263158
all	minimal	lane122s000601_bin.7.o	lane121s003979_bin.1.s	M_4abz_e	0.19736842105263158	0.01	1	0.001973684210526316
all	minimal	lane122s000601_bin.7.o	lane121s003979_bin.1.s	M_acald_e	0.19736842105263158	0.05	1	0.00986842105263158
all	minimal	lane122s000601_bin.7.o	lane121s003979_bin.1.s	M_glc__D_e	0.19736842105263158	0.96	1	0.18947368421052632
all	minimal	lane122s000601_bin.7.o	lane121s003979_bin.1.s	M_glyc_e	0.19736842105263158	0.02	1	0.003947368421052632
all	minimal	lane122s000601_bin.7.o	lane121s003979_bin.1.s	M_h2o_e	0.19736842105263158	0.04	1	0.007894736842105263
all	minimal	lane122s000601_bin.7.o	lane121s003979_bin.1.s	M_h2s_e	0.19736842105263158	0.06	1	0.011842105263157895
all	minimal	lane122s000601_bin.7.o	lane121s003979_bin.1.s	M_h_e	0.19736842105263158	0.92	1	0.18157894736842106
all	minimal	lane122s000601_bin.7.o	lane121s003979_bin.1.s	M_hom__L_e	0.19736842105263158	0.06	1	0.011842105263157895
all	minimal	lane122s000601_bin.7.o	lane121s003979_bin.1.s	M_lys__L_e	0.19736842105263158	1.0	1	0.19736842105263158
all	minimal	lane122s000601_bin.7.o	lane121s003979_bin.1.s	M_pi_e	0.19736842105263158	0.9	1	0.17763157894736842
all	minimal	lane122s000601_bin.7.o	lane121s003979_bin.1.s	M_rib__D_e	0.19736842105263158	0.05	1	0.00986842105263158
all	minimal	lane122s000601_bin.7.o	lane121s003996_shovill	M_acald_e	0.19736842105263158	0.05	1	0.00986842105263158
all	minimal	lane122s000601_bin.7.o	lane121s003996_shovill	M_bz_e	0.19736842105263158	0.01	1	0.001973684210526316
all	minimal	lane122s000601_bin.7.o	lane121s003996_shovill	M_glc__D_e	0.19736842105263158	0.96	1	0.18947368421052632
all	minimal	lane122s000601_bin.7.o	lane121s003996_shovill	M_glyc_e	0.19736842105263158	0.02	1	0.003947368421052632
all	minimal	lane122s000601_bin.7.o	lane121s003996_shovill	M_h2o_e	0.19736842105263158	0.04	1	0.007894736842105263
all	minimal	lane122s000601_bin.7.o	lane121s003996_shovill	M_h2s_e	0.19736842105263158	0.06	1	0.011842105263157895
all	minimal	lane122s000601_bin.7.o	lane121s003996_shovill	M_h_e	0.19736842105263158	0.92	1	0.18157894736842106
all	minimal	lane122s000601_bin.7.o	lane121s003996_shovill	M_lys__L_e	0.19736842105263158	1.0	1	0.19736842105263158
all	minimal	lane122s000601_bin.7.o	lane121s003996_shovill	M_rib__D_e	0.19736842105263158	0.05	1	0.00986842105263158
all	minimal	lane122s000601_bin.7.o	lane122s000517_bin.1.p	M_acald_e	0.19736842105263158	0.05	1	0.00986842105263158
all	minimal	lane122s000601_bin.7.o	lane122s000517_bin.1.p	M_glc__D_e	0.19736842105263158	0.96	1	0.18947368421052632
all	minimal	lane122s000601_bin.7.o	lane122s000517_bin.1.p	M_glyc_e	0.19736842105263158	0.02	1	0.003947368421052632
all	minimal	lane122s000601_bin.7.o	lane122s000517_bin.1.p	M_h2o_e	0.19736842105263158	0.04	1	0.007894736842105263
all	minimal	lane122s000601_bin.7.o	lane122s000517_bin.1.p	M_h2s_e	0.19736842105263158	0.06	1	0.011842105263157895
all	minimal	lane122s000601_bin.7.o	lane122s000517_bin.1.p	M_h_e	0.19736842105263158	0.92	1	0.18157894736842106
all	minimal	lane122s000601_bin.7.o	lane122s000517_bin.1.p	M_lys__L_e	0.19736842105263158	1.0	1	0.19736842105263158
all	minimal	lane122s000601_bin.7.o	lane122s000517_bin.1.p	M_rib__D_e	0.19736842105263158	0.05	1	0.00986842105263158
all	minimal	lane122s000601_bin.7.o	lane122s000517_bin.2.s	M_acald_e	0.19736842105263158	0.05	1	0.00986842105263158
all	minimal	lane122s000601_bin.7.o	lane122s000517_bin.2.s	M_glyc_e	0.19736842105263158	0.02	1	0.003947368421052632
all	minimal	lane122s000601_bin.7.o	lane122s000517_bin.2.s	M_h2o_e	0.19736842105263158	0.04	1	0.007894736842105263
all	minimal	lane122s000601_bin.7.o	lane122s000517_bin.2.s	M_h2s_e	0.19736842105263158	0.06	1	0.011842105263157895
all	minimal	lane122s000601_bin.7.o	lane122s000517_bin.2.s	M_h_e	0.19736842105263158	0.92	1	0.18157894736842106
all	minimal	lane122s000601_bin.7.o	lane122s000517_bin.2.s	M_hom__L_e	0.19736842105263158	0.06	1	0.011842105263157895
all	minimal	lane122s000601_bin.7.o	lane122s000517_bin.2.s	M_lys__L_e	0.19736842105263158	1.0	1	0.19736842105263158
all	minimal	lane122s000601_bin.7.o	lane122s000517_bin.2.s	M_pi_e	0.19736842105263158	0.9	1	0.17763157894736842
all	minimal	lane122s000601_bin.7.o	lane122s000517_bin.2.s	M_rib__D_e	0.19736842105263158	0.05	1	0.00986842105263158
all	minimal	lane122s000601_bin.7.o	lane122s000531_bin.1.o	M_acald_e	0.07894736842105263	0.05	1	0.003947368421052632
all	minimal	lane122s000601_bin.7.o	lane122s000531_bin.1.o	M_bz_e	0.07894736842105263	0.01	1	0.0007894736842105263
all	minimal	lane122s000601_bin.7.o	lane122s000531_bin.1.o	M_glyc_e	0.07894736842105263	0.02	1	0.0015789473684210526
all	minimal	lane122s000601_bin.7.o	lane122s000531_bin.1.o	M_h2o_e	0.07894736842105263	0.04	1	0.003157894736842105
all	minimal	lane122s000601_bin.7.o	lane122s000531_bin.1.o	M_h2s_e	0.07894736842105263	0.06	1	0.004736842105263157
all	minimal	lane122s000601_bin.7.o	lane122s000531_bin.1.o	M_h_e	0.07894736842105263	0.92	1	0.07263157894736842
all	minimal	lane122s000601_bin.7.o	lane122s000531_bin.1.o	M_hom__L_e	0.07894736842105263	0.06	1	0.004736842105263157
all	minimal	lane122s000601_bin.7.o	lane122s000531_bin.1.o	M_lys__L_e	0.07894736842105263	1.0	1	0.07894736842105263
all	minimal	lane122s000601_bin.7.o	lane122s000536_megahit	M_acald_e	0.07894736842105263	0.05	1	0.003947368421052632
all	minimal	lane122s000601_bin.7.o	lane122s000536_megahit	M_bz_e	0.07894736842105263	0.01	1	0.0007894736842105263
all	minimal	lane122s000601_bin.7.o	lane122s000536_megahit	M_glyc_e	0.07894736842105263	0.02	1	0.0015789473684210526
all	minimal	lane122s000601_bin.7.o	lane122s000536_megahit	M_h2o_e	0.07894736842105263	0.04	1	0.003157894736842105
all	minimal	lane122s000601_bin.7.o	lane122s000536_megahit	M_h2s_e	0.07894736842105263	0.06	1	0.004736842105263157
all	minimal	lane122s000601_bin.7.o	lane122s000536_megahit	M_h_e	0.07894736842105263	0.92	1	0.07263157894736842
all	minimal	lane122s000601_bin.7.o	lane122s000536_megahit	M_hom__L_e	0.07894736842105263	0.06	1	0.004736842105263157
all	minimal	lane122s000601_bin.7.o	lane122s000536_megahit	M_lys__L_e	0.07894736842105263	1.0	1	0.07894736842105263
all	minimal	lane122s000601_bin.7.o	lane122s000536_megahit	M_nac_e	0.07894736842105263	0.01	1	0.0007894736842105263
all	minimal	lane122s000601_bin.7.o	lane122s000536_megahit	M_rib__D_e	0.07894736842105263	0.05	1	0.003947368421052632
all	minimal	lane122s000601_bin.7.o	lane122s000601_bin.10.s	M_acald_e	0.07894736842105263	0.05	1	0.003947368421052632
all	minimal	lane122s000601_bin.7.o	lane122s000601_bin.10.s	M_alaala_e	0.07894736842105263	0.02	1	0.0015789473684210526
all	minimal	lane122s000601_bin.7.o	lane122s000601_bin.10.s	M_glyc3p_e	0.07894736842105263	0.1	1	0.007894736842105263
all	minimal	lane122s000601_bin.7.o	lane122s000601_bin.10.s	M_glyc_e	0.07894736842105263	0.02	1	0.0015789473684210526
all	minimal	lane122s000601_bin.7.o	lane122s000601_bin.10.s	M_h2o_e	0.07894736842105263	0.04	1	0.003157894736842105
all	minimal	lane122s000601_bin.7.o	lane122s000601_bin.10.s	M_h2s_e	0.07894736842105263	0.06	1	0.004736842105263157
all	minimal	lane122s000601_bin.7.o	lane122s000601_bin.10.s	M_h_e	0.07894736842105263	0.92	1	0.07263157894736842
all	minimal	lane122s000601_bin.7.o	lane122s000601_bin.10.s	M_lys__L_e	0.07894736842105263	1.0	1	0.07894736842105263
all	minimal	lane122s000601_bin.7.o	lane122s000601_bin.10.s	M_mal__L_e	0.07894736842105263	0.02	1	0.0015789473684210526
all	minimal	lane122s000601_bin.7.o	lane122s000601_bin.10.s	M_pi_e	0.07894736842105263	0.9	1	0.07105263157894737
all	minimal	lane122s000601_bin.7.o	lane122s000601_bin.1.o	M_acald_e	0.07894736842105263	0.05	1	0.003947368421052632
all	minimal	lane122s000601_bin.7.o	lane122s000601_bin.1.o	M_bz_e	0.07894736842105263	0.01	1	0.0007894736842105263
all	minimal	lane122s000601_bin.7.o	lane122s000601_bin.1.o	M_glyald_e	0.07894736842105263	0.02	1	0.0015789473684210526
all	minimal	lane122s000601_bin.7.o	lane122s000601_bin.1.o	M_glyc_e	0.07894736842105263	0.02	1	0.0015789473684210526
all	minimal	lane122s000601_bin.7.o	lane122s000601_bin.1.o	M_h2o_e	0.07894736842105263	0.04	1	0.003157894736842105
all	minimal	lane122s000601_bin.7.o	lane122s000601_bin.1.o	M_h2s_e	0.07894736842105263	0.06	1	0.004736842105263157
all	minimal	lane122s000601_bin.7.o	lane122s000601_bin.1.o	M_h_e	0.07894736842105263	0.92	1	0.07263157894736842
all	minimal	lane122s000601_bin.7.o	lane122s000601_bin.1.o	M_hom__L_e	0.07894736842105263	0.06	1	0.004736842105263157
all	minimal	lane122s000601_bin.7.o	lane122s000601_bin.1.o	M_orn_e	0.07894736842105263	0.97	1	0.07657894736842105
all	minimal	lane122s000601_bin.7.o	lane122s000601_bin.2.o	M_acald_e	0.07894736842105263	0.05	1	0.003947368421052632
all	minimal	lane122s000601_bin.7.o	lane122s000601_bin.2.o	M_glyc_e	0.07894736842105263	0.02	1	0.0015789473684210526
all	minimal	lane122s000601_bin.7.o	lane122s000601_bin.2.o	M_h2o_e	0.07894736842105263	0.04	1	0.003157894736842105
all	minimal	lane122s000601_bin.7.o	lane122s000601_bin.2.o	M_h2s_e	0.07894736842105263	0.06	1	0.004736842105263157
all	minimal	lane122s000601_bin.7.o	lane122s000601_bin.2.o	M_h_e	0.07894736842105263	0.92	1	0.07263157894736842
all	minimal	lane122s000601_bin.7.o	lane122s000601_bin.3.s	M_acald_e	1.0	0.05	1	0.05
all	minimal	lane122s000601_bin.7.o	lane122s000601_bin.3.s	M_alaala_e	1.0	0.02	1	0.02
all	minimal	lane122s000601_bin.7.o	lane122s000601_bin.3.s	M_arg__L_e	1.0	0.03	1	0.03
all	minimal	lane122s000601_bin.7.o	lane122s000601_bin.3.s	M_bz_e	1.0	0.01	1	0.01
all	minimal	lane122s000601_bin.7.o	lane122s000601_bin.3.s	M_glyc3p_e	1.0	0.1	1	0.1
all	minimal	lane122s000601_bin.7.o	lane122s000601_bin.3.s	M_glyc_e	1.0	0.02	1	0.02
all	minimal	lane122s000601_bin.7.o	lane122s000601_bin.3.s	M_h2o_e	1.0	0.04	1	0.04
all	minimal	lane122s000601_bin.7.o	lane122s000601_bin.3.s	M_h2s_e	1.0	0.06	1	0.06
all	minimal	lane122s000601_bin.7.o	lane122s000601_bin.3.s	M_h_e	1.0	0.92	1	0.92
all	minimal	lane122s000601_bin.7.o	lane122s000601_bin.3.s	M_hom__L_e	1.0	0.06	1	0.06
all	minimal	lane122s000601_bin.7.o	lane122s000601_bin.3.s	M_leu__L_e	1.0	1.0	1	1.0
all	minimal	lane122s000601_bin.7.o	lane122s000601_bin.3.s	M_nac_e	1.0	0.01	1	0.01
all	minimal	lane122s000601_bin.7.o	lane122s000601_bin.3.s	M_orn_e	1.0	0.97	1	0.97
all	minimal	lane122s000601_bin.7.o	lane122s000601_bin.3.s	M_pi_e	1.0	0.9	1	0.9
all	minimal	lane122s000601_bin.7.o	lane122s000601_bin.3.s	M_thr__L_e	1.0	1.0	1	1.0
all	minimal	lane122s000601_bin.7.o	lane122s000601_bin.4.o	M_acald_e	0.07894736842105263	0.05	1	0.003947368421052632
all	minimal	lane122s000601_bin.7.o	lane122s000601_bin.4.o	M_alaala_e	0.07894736842105263	0.02	1	0.0015789473684210526
all	minimal	lane122s000601_bin.7.o	lane122s000601_bin.4.o	M_bz_e	0.07894736842105263	0.01	1	0.0007894736842105263
all	minimal	lane122s000601_bin.7.o	lane122s000601_bin.4.o	M_bzal_e	0.07894736842105263	0.01	1	0.0007894736842105263
all	minimal	lane122s000601_bin.7.o	lane122s000601_bin.4.o	M_glyc_e	0.07894736842105263	0.02	1	0.0015789473684210526
all	minimal	lane122s000601_bin.7.o	lane122s000601_bin.4.o	M_h2_e	0.07894736842105263	0.08	1	0.00631578947368421
all	minimal	lane122s000601_bin.7.o	lane122s000601_bin.4.o	M_h2o_e	0.07894736842105263	0.04	1	0.003157894736842105
all	minimal	lane122s000601_bin.7.o	lane122s000601_bin.4.o	M_h2s_e	0.07894736842105263	0.06	1	0.004736842105263157
all	minimal	lane122s000601_bin.7.o	lane122s000601_bin.4.o	M_h_e	0.07894736842105263	0.92	1	0.07263157894736842
all	minimal	lane122s000601_bin.7.o	lane122s000601_bin.4.o	M_hom__L_e	0.07894736842105263	0.06	1	0.004736842105263157
all	minimal	lane122s000601_bin.7.o	lane122s000601_bin.4.o	M_leu__L_e	0.07894736842105263	1.0	1	0.07894736842105263
all	minimal	lane122s000601_bin.7.o	lane122s000601_bin.4.o	M_lys__L_e	0.07894736842105263	1.0	1	0.07894736842105263
all	minimal	lane122s000601_bin.7.o	lane122s000601_bin.4.o	M_nac_e	0.07894736842105263	0.01	1	0.0007894736842105263
all	minimal	lane122s000601_bin.7.o	lane122s000601_bin.4.o	M_pi_e	0.07894736842105263	0.9	1	0.07105263157894737
all	minimal	lane122s000601_bin.7.o	lane122s000601_bin.5.o	M_acald_e	0.09210526315789473	0.05	1	0.004605263157894736
all	minimal	lane122s000601_bin.7.o	lane122s000601_bin.5.o	M_bz_e	0.09210526315789473	0.01	1	0.0009210526315789473
all	minimal	lane122s000601_bin.7.o	lane122s000601_bin.5.o	M_glyc_e	0.09210526315789473	0.02	1	0.0018421052631578947
all	minimal	lane122s000601_bin.7.o	lane122s000601_bin.5.o	M_h2o_e	0.09210526315789473	0.04	1	0.0036842105263157894
all	minimal	lane122s000601_bin.7.o	lane122s000601_bin.5.o	M_h2s_e	0.09210526315789473	0.06	1	0.005526315789473684
all	minimal	lane122s000601_bin.7.o	lane122s000601_bin.5.o	M_h_e	0.09210526315789473	0.92	1	0.08473684210526315
all	minimal	lane122s000601_bin.7.o	lane122s000601_bin.5.o	M_hom__L_e	0.09210526315789473	0.06	1	0.005526315789473684
all	minimal	lane122s000601_bin.7.o	lane122s000601_bin.5.o	M_mal__L_e	0.09210526315789473	0.02	1	0.0018421052631578947
all	minimal	lane122s000601_bin.7.o	lane122s000601_bin.5.o	M_pi_e	0.09210526315789473	0.9	1	0.08289473684210526
all	minimal	lane122s000601_bin.7.o	lane122s000601_bin.6.o	M_acald_e	1.0	0.05	1	0.05
all	minimal	lane122s000601_bin.7.o	lane122s000601_bin.6.o	M_bz_e	1.0	0.01	1	0.01
all	minimal	lane122s000601_bin.7.o	lane122s000601_bin.6.o	M_glc__D_e	1.0	0.96	1	0.96
all	minimal	lane122s000601_bin.7.o	lane122s000601_bin.6.o	M_glyc_e	1.0	0.02	1	0.02
all	minimal	lane122s000601_bin.7.o	lane122s000601_bin.6.o	M_h2_e	1.0	0.08	1	0.08
all	minimal	lane122s000601_bin.7.o	lane122s000601_bin.6.o	M_h2o_e	1.0	0.04	1	0.04
all	minimal	lane122s000601_bin.7.o	lane122s000601_bin.6.o	M_h2s_e	1.0	0.06	1	0.06
all	minimal	lane122s000601_bin.7.o	lane122s000601_bin.6.o	M_h_e	1.0	0.92	1	0.92
all	minimal	lane122s000601_bin.7.o	lane122s000601_bin.6.o	M_lys__L_e	1.0	1.0	1	1.0
all	minimal	lane122s000601_bin.7.o	lane122s000601_bin.6.o	M_pi_e	1.0	0.9	1	0.9
all	minimal	lane122s000601_bin.7.o	lane122s000601_bin.8.s	M_4abz_e	0.09210526315789473	0.01	1	0.0009210526315789473
all	minimal	lane122s000601_bin.7.o	lane122s000601_bin.8.s	M_acald_e	0.09210526315789473	0.05	1	0.004605263157894736
all	minimal	lane122s000601_bin.7.o	lane122s000601_bin.8.s	M_bz_e	0.09210526315789473	0.01	1	0.0009210526315789473
all	minimal	lane122s000601_bin.7.o	lane122s000601_bin.8.s	M_glyald_e	0.09210526315789473	0.02	1	0.0018421052631578947
all	minimal	lane122s000601_bin.7.o	lane122s000601_bin.8.s	M_glyc_e	0.09210526315789473	0.02	1	0.0018421052631578947
all	minimal	lane122s000601_bin.7.o	lane122s000601_bin.8.s	M_h2o_e	0.09210526315789473	0.04	1	0.0036842105263157894
all	minimal	lane122s000601_bin.7.o	lane122s000601_bin.8.s	M_h_e	0.09210526315789473	0.92	1	0.08473684210526315
all	minimal	lane122s000601_bin.7.o	lane122s000601_bin.9.p	M_4abz_e	0.07894736842105263	0.01	1	0.0007894736842105263
all	minimal	lane122s000601_bin.7.o	lane122s000601_bin.9.p	M_acald_e	0.07894736842105263	0.05	1	0.003947368421052632
all	minimal	lane122s000601_bin.7.o	lane122s000601_bin.9.p	M_alaala_e	0.07894736842105263	0.02	1	0.0015789473684210526
all	minimal	lane122s000601_bin.7.o	lane122s000601_bin.9.p	M_arg__L_e	0.07894736842105263	0.03	1	0.0023684210526315787
all	minimal	lane122s000601_bin.7.o	lane122s000601_bin.9.p	M_bz_e	0.07894736842105263	0.01	1	0.0007894736842105263
all	minimal	lane122s000601_bin.7.o	lane122s000601_bin.9.p	M_h2o_e	0.07894736842105263	0.04	1	0.003157894736842105
all	minimal	lane122s000601_bin.7.o	lane122s000601_bin.9.p	M_h2s_e	0.07894736842105263	0.06	1	0.004736842105263157
all	minimal	lane122s000601_bin.7.o	lane122s000601_bin.9.p	M_h_e	0.07894736842105263	0.92	1	0.07263157894736842
all	minimal	lane122s000601_bin.7.o	lane122s000601_bin.9.p	M_hom__L_e	0.07894736842105263	0.06	1	0.004736842105263157
all	minimal	lane122s000601_bin.7.o	lane122s000601_bin.9.p	M_nac_e	0.07894736842105263	0.01	1	0.0007894736842105263
all	minimal	lane122s000601_bin.8.s	lane121s003976_shovill	M_fe3_e	0.10526315789473684	1.0	1	0.10526315789473684
all	minimal	lane122s000601_bin.8.s	lane121s003976_shovill	M_glyc_e	0.10526315789473684	0.01	1	0.0010526315789473684
all	minimal	lane122s000601_bin.8.s	lane121s003976_shovill	M_lys__L_e	0.10526315789473684	1.0	1	0.10526315789473684
all	minimal	lane122s000601_bin.8.s	lane121s003978_shovill	M_fe3_e	0.05263157894736842	1.0	1	0.05263157894736842
all	minimal	lane122s000601_bin.8.s	lane121s003978_shovill	M_glyc_e	0.05263157894736842	0.01	1	0.0005263157894736842
all	minimal	lane122s000601_bin.8.s	lane121s003978_shovill	M_lys__L_e	0.05263157894736842	1.0	1	0.05263157894736842
all	minimal	lane122s000601_bin.8.s	lane121s003979_bin.1.s	M_4abz_e	0.10526315789473684	0.09	1	0.009473684210526315
all	minimal	lane122s000601_bin.8.s	lane121s003979_bin.1.s	M_fe3_e	0.10526315789473684	1.0	1	0.10526315789473684
all	minimal	lane122s000601_bin.8.s	lane121s003979_bin.1.s	M_glyc_e	0.10526315789473684	0.01	1	0.0010526315789473684
all	minimal	lane122s000601_bin.8.s	lane121s003979_bin.1.s	M_lys__L_e	0.10526315789473684	1.0	1	0.10526315789473684
all	minimal	lane122s000601_bin.8.s	lane121s003979_bin.1.s	M_pi_e	0.10526315789473684	0.99	1	0.10421052631578946
all	minimal	lane122s000601_bin.8.s	lane121s003996_shovill	M_fe3_e	0.05263157894736842	1.0	1	0.05263157894736842
all	minimal	lane122s000601_bin.8.s	lane121s003996_shovill	M_glyc_e	0.05263157894736842	0.01	1	0.0005263157894736842
all	minimal	lane122s000601_bin.8.s	lane121s003996_shovill	M_lys__L_e	0.05263157894736842	1.0	1	0.05263157894736842
all	minimal	lane122s000601_bin.8.s	lane122s000517_bin.1.p	M_fe3_e	0.05263157894736842	1.0	1	0.05263157894736842
all	minimal	lane122s000601_bin.8.s	lane122s000517_bin.1.p	M_glyc_e	0.05263157894736842	0.01	1	0.0005263157894736842
all	minimal	lane122s000601_bin.8.s	lane122s000517_bin.1.p	M_lys__L_e	0.05263157894736842	1.0	1	0.05263157894736842
all	minimal	lane122s000601_bin.8.s	lane122s000517_bin.2.s	M_fe3_e	0.05263157894736842	1.0	1	0.05263157894736842
all	minimal	lane122s000601_bin.8.s	lane122s000517_bin.2.s	M_glyc_e	0.05263157894736842	0.01	1	0.0005263157894736842
all	minimal	lane122s000601_bin.8.s	lane122s000517_bin.2.s	M_lys__L_e	0.05263157894736842	1.0	1	0.05263157894736842
all	minimal	lane122s000601_bin.8.s	lane122s000517_bin.2.s	M_pi_e	0.05263157894736842	0.99	1	0.05210526315789473
all	minimal	lane122s000601_bin.8.s	lane122s000531_bin.1.o	M_fe3_e	0.10526315789473684	1.0	1	0.10526315789473684
all	minimal	lane122s000601_bin.8.s	lane122s000531_bin.1.o	M_glyc_e	0.10526315789473684	0.01	1	0.0010526315789473684
all	minimal	lane122s000601_bin.8.s	lane122s000531_bin.1.o	M_lys__L_e	0.10526315789473684	1.0	1	0.10526315789473684
all	minimal	lane122s000601_bin.8.s	lane122s000536_megahit	M_fe3_e	0.10526315789473684	1.0	1	0.10526315789473684
all	minimal	lane122s000601_bin.8.s	lane122s000536_megahit	M_glyc_e	0.10526315789473684	0.01	1	0.0010526315789473684
all	minimal	lane122s000601_bin.8.s	lane122s000536_megahit	M_lys__L_e	0.10526315789473684	1.0	1	0.10526315789473684
all	minimal	lane122s000601_bin.8.s	lane122s000601_bin.10.s	M_fe3_e	0.05263157894736842	1.0	1	0.05263157894736842
all	minimal	lane122s000601_bin.8.s	lane122s000601_bin.10.s	M_glyc3p_e	0.05263157894736842	0.01	1	0.0005263157894736842
all	minimal	lane122s000601_bin.8.s	lane122s000601_bin.10.s	M_glyc_e	0.05263157894736842	0.01	1	0.0005263157894736842
all	minimal	lane122s000601_bin.8.s	lane122s000601_bin.10.s	M_lys__L_e	0.05263157894736842	1.0	1	0.05263157894736842
all	minimal	lane122s000601_bin.8.s	lane122s000601_bin.10.s	M_pi_e	0.05263157894736842	0.99	1	0.05210526315789473
all	minimal	lane122s000601_bin.8.s	lane122s000601_bin.10.s	M_ura_e	0.05263157894736842	0.96	1	0.050526315789473676
all	minimal	lane122s000601_bin.8.s	lane122s000601_bin.1.o	M_fe3_e	0.05263157894736842	1.0	1	0.05263157894736842
all	minimal	lane122s000601_bin.8.s	lane122s000601_bin.1.o	M_glyald_e	0.05263157894736842	0.01	1	0.0005263157894736842
all	minimal	lane122s000601_bin.8.s	lane122s000601_bin.1.o	M_glyc_e	0.05263157894736842	0.01	1	0.0005263157894736842
all	minimal	lane122s000601_bin.8.s	lane122s000601_bin.1.o	M_pnto__R_e	0.05263157894736842	0.04	1	0.002105263157894737
all	minimal	lane122s000601_bin.8.s	lane122s000601_bin.2.o	M_fe3_e	0.05263157894736842	1.0	1	0.05263157894736842
all	minimal	lane122s000601_bin.8.s	lane122s000601_bin.2.o	M_glyc_e	0.05263157894736842	0.01	1	0.0005263157894736842
all	minimal	lane122s000601_bin.8.s	lane122s000601_bin.3.s	M_arg__L_e	0.7894736842105263	1.0	1	0.7894736842105263
all	minimal	lane122s000601_bin.8.s	lane122s000601_bin.3.s	M_fe3_e	0.7894736842105263	1.0	1	0.7894736842105263
all	minimal	lane122s000601_bin.8.s	lane122s000601_bin.3.s	M_glyc3p_e	0.7894736842105263	0.01	1	0.007894736842105263
all	minimal	lane122s000601_bin.8.s	lane122s000601_bin.3.s	M_glyc_e	0.7894736842105263	0.01	1	0.007894736842105263
all	minimal	lane122s000601_bin.8.s	lane122s000601_bin.3.s	M_pi_e	0.7894736842105263	0.99	1	0.781578947368421
all	minimal	lane122s000601_bin.8.s	lane122s000601_bin.4.o	M_fe3_e	0.05263157894736842	1.0	1	0.05263157894736842
all	minimal	lane122s000601_bin.8.s	lane122s000601_bin.4.o	M_glyc_e	0.05263157894736842	0.01	1	0.0005263157894736842
all	minimal	lane122s000601_bin.8.s	lane122s000601_bin.4.o	M_lys__L_e	0.05263157894736842	1.0	1	0.05263157894736842
all	minimal	lane122s000601_bin.8.s	lane122s000601_bin.4.o	M_pi_e	0.05263157894736842	0.99	1	0.05210526315789473
all	minimal	lane122s000601_bin.8.s	lane122s000601_bin.5.o	M_fe3_e	0.05263157894736842	1.0	1	0.05263157894736842
all	minimal	lane122s000601_bin.8.s	lane122s000601_bin.5.o	M_glyc_e	0.05263157894736842	0.01	1	0.0005263157894736842
all	minimal	lane122s000601_bin.8.s	lane122s000601_bin.5.o	M_pi_e	0.05263157894736842	0.99	1	0.05210526315789473
all	minimal	lane122s000601_bin.8.s	lane122s000601_bin.6.o	M_fe3_e	1.0	1.0	1	1.0
all	minimal	lane122s000601_bin.8.s	lane122s000601_bin.6.o	M_glyc_e	1.0	0.01	1	0.01
all	minimal	lane122s000601_bin.8.s	lane122s000601_bin.6.o	M_lys__L_e	1.0	1.0	1	1.0
all	minimal	lane122s000601_bin.8.s	lane122s000601_bin.6.o	M_pi_e	1.0	0.99	1	0.99
all	minimal	lane122s000601_bin.8.s	lane122s000601_bin.9.p	M_4abz_e	0.2631578947368421	0.09	1	0.023684210526315787
all	minimal	lane122s000601_bin.8.s	lane122s000601_bin.9.p	M_arg__L_e	0.2631578947368421	1.0	1	0.2631578947368421
all	minimal	lane122s000601_bin.8.s	lane122s000601_bin.9.p	M_fe3_e	0.2631578947368421	1.0	1	0.2631578947368421
all	minimal	lane122s000601_bin.9.p	lane121s003976_shovill	M_fe3_e	0.28	1.0	1	0.28
all	minimal	lane122s000601_bin.9.p	lane121s003976_shovill	M_glyclt_e	0.28	0.14	1	0.039200000000000006
all	minimal	lane122s000601_bin.9.p	lane121s003976_shovill	M_h2s_e	0.28	0.03	1	0.008400000000000001
all	minimal	lane122s000601_bin.9.p	lane121s003976_shovill	M_h_e	0.28	1.0	1	0.28
all	minimal	lane122s000601_bin.9.p	lane121s003976_shovill	M_no2_e	0.28	1.0	1	0.28
all	minimal	lane122s000601_bin.9.p	lane121s003978_shovill	M_fe3_e	0.16	1.0	1	0.16
all	minimal	lane122s000601_bin.9.p	lane121s003978_shovill	M_h2s_e	0.16	0.03	1	0.0048
all	minimal	lane122s000601_bin.9.p	lane121s003978_shovill	M_h_e	0.16	1.0	1	0.16
all	minimal	lane122s000601_bin.9.p	lane121s003979_bin.1.s	M_4abz_e	0.3	0.05	1	0.015
all	minimal	lane122s000601_bin.9.p	lane121s003979_bin.1.s	M_fe3_e	0.3	1.0	1	0.3
all	minimal	lane122s000601_bin.9.p	lane121s003979_bin.1.s	M_h2s_e	0.3	0.03	1	0.009
all	minimal	lane122s000601_bin.9.p	lane121s003979_bin.1.s	M_h_e	0.3	1.0	1	0.3
all	minimal	lane122s000601_bin.9.p	lane121s003979_bin.1.s	M_hom__L_e	0.3	1.0	1	0.3
all	minimal	lane122s000601_bin.9.p	lane121s003979_bin.1.s	M_pi_e	0.3	1.0	1	0.3
all	minimal	lane122s000601_bin.9.p	lane121s003996_shovill	M_bz_e	0.24	0.02	1	0.0048
all	minimal	lane122s000601_bin.9.p	lane121s003996_shovill	M_fe3_e	0.24	1.0	1	0.24
all	minimal	lane122s000601_bin.9.p	lane121s003996_shovill	M_h2s_e	0.24	0.03	1	0.0072
all	minimal	lane122s000601_bin.9.p	lane121s003996_shovill	M_h_e	0.24	1.0	1	0.24
all	minimal	lane122s000601_bin.9.p	lane122s000517_bin.1.p	M_fe3_e	0.18	1.0	1	0.18
all	minimal	lane122s000601_bin.9.p	lane122s000517_bin.1.p	M_h2s_e	0.18	0.03	1	0.005399999999999999
all	minimal	lane122s000601_bin.9.p	lane122s000517_bin.1.p	M_h_e	0.18	1.0	1	0.18
all	minimal	lane122s000601_bin.9.p	lane122s000517_bin.2.s	M_fe3_e	0.14	1.0	1	0.14
all	minimal	lane122s000601_bin.9.p	lane122s000517_bin.2.s	M_h2s_e	0.14	0.03	1	0.004200000000000001
all	minimal	lane122s000601_bin.9.p	lane122s000517_bin.2.s	M_h_e	0.14	1.0	1	0.14
all	minimal	lane122s000601_bin.9.p	lane122s000517_bin.2.s	M_hom__L_e	0.14	1.0	1	0.14
all	minimal	lane122s000601_bin.9.p	lane122s000517_bin.2.s	M_pi_e	0.14	1.0	1	0.14
all	minimal	lane122s000601_bin.9.p	lane122s000531_bin.1.o	M_bz_e	1.0	0.02	1	0.02
all	minimal	lane122s000601_bin.9.p	lane122s000531_bin.1.o	M_fe3_e	1.0	1.0	1	1.0
all	minimal	lane122s000601_bin.9.p	lane122s000531_bin.1.o	M_h2s_e	1.0	0.03	1	0.03
all	minimal	lane122s000601_bin.9.p	lane122s000531_bin.1.o	M_h_e	1.0	1.0	1	1.0
all	minimal	lane122s000601_bin.9.p	lane122s000531_bin.1.o	M_hom__L_e	1.0	1.0	1	1.0
all	minimal	lane122s000601_bin.9.p	lane122s000536_megahit	M_bz_e	1.0	0.02	1	0.02
all	minimal	lane122s000601_bin.9.p	lane122s000536_megahit	M_fe3_e	1.0	1.0	1	1.0
all	minimal	lane122s000601_bin.9.p	lane122s000536_megahit	M_h2s_e	1.0	0.03	1	0.03
all	minimal	lane122s000601_bin.9.p	lane122s000536_megahit	M_h_e	1.0	1.0	1	1.0
all	minimal	lane122s000601_bin.9.p	lane122s000536_megahit	M_hom__L_e	1.0	1.0	1	1.0
all	minimal	lane122s000601_bin.9.p	lane122s000536_megahit	M_nac_e	1.0	0.08	1	0.08
all	minimal	lane122s000601_bin.9.p	lane122s000536_megahit	M_tyr__L_e	1.0	1.0	1	1.0
all	minimal	lane122s000601_bin.9.p	lane122s000601_bin.10.s	M_fe3_e	0.09	1.0	1	0.09
all	minimal	lane122s000601_bin.9.p	lane122s000601_bin.10.s	M_glyclt_e	0.09	0.14	1	0.0126
all	minimal	lane122s000601_bin.9.p	lane122s000601_bin.10.s	M_h2s_e	0.09	0.03	1	0.0026999999999999997
all	minimal	lane122s000601_bin.9.p	lane122s000601_bin.10.s	M_h_e	0.09	1.0	1	0.09
all	minimal	lane122s000601_bin.9.p	lane122s000601_bin.10.s	M_pi_e	0.09	1.0	1	0.09
all	minimal	lane122s000601_bin.9.p	lane122s000601_bin.1.o	M_bz_e	0.1	0.02	1	0.002
all	minimal	lane122s000601_bin.9.p	lane122s000601_bin.1.o	M_fe3_e	0.1	1.0	1	0.1
all	minimal	lane122s000601_bin.9.p	lane122s000601_bin.1.o	M_h2s_e	0.1	0.03	1	0.003
all	minimal	lane122s000601_bin.9.p	lane122s000601_bin.1.o	M_h_e	0.1	1.0	1	0.1
all	minimal	lane122s000601_bin.9.p	lane122s000601_bin.1.o	M_hom__L_e	0.1	1.0	1	0.1
all	minimal	lane122s000601_bin.9.p	lane122s000601_bin.2.o	M_fe3_e	0.18	1.0	1	0.18
all	minimal	lane122s000601_bin.9.p	lane122s000601_bin.2.o	M_glyclt_e	0.18	0.14	1	0.0252
all	minimal	lane122s000601_bin.9.p	lane122s000601_bin.2.o	M_h2s_e	0.18	0.03	1	0.005399999999999999
all	minimal	lane122s000601_bin.9.p	lane122s000601_bin.2.o	M_h_e	0.18	1.0	1	0.18
all	minimal	lane122s000601_bin.9.p	lane122s000601_bin.3.s	M_bz_e	0.09	0.02	1	0.0018
all	minimal	lane122s000601_bin.9.p	lane122s000601_bin.3.s	M_fe3_e	0.09	1.0	1	0.09
all	minimal	lane122s000601_bin.9.p	lane122s000601_bin.3.s	M_h2s_e	0.09	0.03	1	0.0026999999999999997
all	minimal	lane122s000601_bin.9.p	lane122s000601_bin.3.s	M_h_e	0.09	1.0	1	0.09
all	minimal	lane122s000601_bin.9.p	lane122s000601_bin.3.s	M_hom__L_e	0.09	1.0	1	0.09
all	minimal	lane122s000601_bin.9.p	lane122s000601_bin.3.s	M_nac_e	0.09	0.08	1	0.0072
all	minimal	lane122s000601_bin.9.p	lane122s000601_bin.3.s	M_no2_e	0.09	1.0	1	0.09
all	minimal	lane122s000601_bin.9.p	lane122s000601_bin.3.s	M_pi_e	0.09	1.0	1	0.09
all	minimal	lane122s000601_bin.9.p	lane122s000601_bin.4.o	M_bz_e	0.15	0.02	1	0.003
all	minimal	lane122s000601_bin.9.p	lane122s000601_bin.4.o	M_fe3_e	0.15	1.0	1	0.15
all	minimal	lane122s000601_bin.9.p	lane122s000601_bin.4.o	M_h2s_e	0.15	0.03	1	0.0045
all	minimal	lane122s000601_bin.9.p	lane122s000601_bin.4.o	M_h_e	0.15	1.0	1	0.15
all	minimal	lane122s000601_bin.9.p	lane122s000601_bin.4.o	M_hom__L_e	0.15	1.0	1	0.15
all	minimal	lane122s000601_bin.9.p	lane122s000601_bin.4.o	M_nac_e	0.15	0.08	1	0.012
all	minimal	lane122s000601_bin.9.p	lane122s000601_bin.4.o	M_pi_e	0.15	1.0	1	0.15
all	minimal	lane122s000601_bin.9.p	lane122s000601_bin.5.o	M_bz_e	0.12	0.02	1	0.0024
all	minimal	lane122s000601_bin.9.p	lane122s000601_bin.5.o	M_fe3_e	0.12	1.0	1	0.12
all	minimal	lane122s000601_bin.9.p	lane122s000601_bin.5.o	M_h2s_e	0.12	0.03	1	0.0036
all	minimal	lane122s000601_bin.9.p	lane122s000601_bin.5.o	M_h_e	0.12	1.0	1	0.12
all	minimal	lane122s000601_bin.9.p	lane122s000601_bin.5.o	M_hom__L_e	0.12	1.0	1	0.12
all	minimal	lane122s000601_bin.9.p	lane122s000601_bin.5.o	M_pi_e	0.12	1.0	1	0.12
all	minimal	lane122s000601_bin.9.p	lane122s000601_bin.6.o	M_bz_e	1.0	0.02	1	0.02
all	minimal	lane122s000601_bin.9.p	lane122s000601_bin.6.o	M_fe3_e	1.0	1.0	1	1.0
all	minimal	lane122s000601_bin.9.p	lane122s000601_bin.6.o	M_glyclt_e	1.0	0.14	1	0.14
all	minimal	lane122s000601_bin.9.p	lane122s000601_bin.6.o	M_h2s_e	1.0	0.03	1	0.03
all	minimal	lane122s000601_bin.9.p	lane122s000601_bin.6.o	M_h_e	1.0	1.0	1	1.0
all	minimal	lane122s000601_bin.9.p	lane122s000601_bin.6.o	M_pi_e	1.0	1.0	1	1.0
all	minimal	lane122s000601_bin.9.p	lane122s000601_bin.7.o	M_bz_e	0.1	0.02	1	0.002
all	minimal	lane122s000601_bin.9.p	lane122s000601_bin.7.o	M_fe3_e	0.1	1.0	1	0.1
all	minimal	lane122s000601_bin.9.p	lane122s000601_bin.7.o	M_h2s_e	0.1	0.03	1	0.003
all	minimal	lane122s000601_bin.9.p	lane122s000601_bin.7.o	M_h_e	0.1	1.0	1	0.1
all	minimal	lane122s000601_bin.9.p	lane122s000601_bin.7.o	M_nac_e	0.1	0.08	1	0.008
all	minimal	lane122s000601_bin.9.p	lane122s000601_bin.8.s	M_4abz_e	0.12	0.05	1	0.006
all	minimal	lane122s000601_bin.9.p	lane122s000601_bin.8.s	M_bz_e	0.12	0.02	1	0.0024
all	minimal	lane122s000601_bin.9.p	lane122s000601_bin.8.s	M_fe3_e	0.12	1.0	1	0.12
all	minimal	lane122s000601_bin.9.p	lane122s000601_bin.8.s	M_h_e	0.12	1.0	1	0.12
