query	reference	seqid	len	mismatch	gap	query_start	query_end	target_start	target_end	eval	bitscore
IS1R	lane121s003972_bin.2.s_NODE_208_length_3991_cov_2.763924_4	94.1	85	5	0	1	85	1	85	3.00E-53	169
IS1R	lane122s000607_bin.1.p_NODE_108_length_6839_cov_1.572907_4	37.6	242	135	5	1	227	1	241	1.74E-46	157
IS1R	lane122s000607_bin.1.p_NODE_2279_length_1393_cov_0.946049_2	36.7	245	132	5	1	227	1	240	8.44E-44	150
IS1R	lane121s003972_bin.2.s_NODE_208_length_3991_cov_2.763924_3	98.6	69	1	0	164	232	1	69	3.52E-42	140
IS1R	lane122s000607_bin.1.p_NODE_1140_length_2436_cov_3.246715_2	36.8	220	117	3	26	227	1	216	9.59E-40	139
IS1R	lane122s000607_bin.1.p_NODE_529_length_3841_cov_4.943677_3	36.4	209	118	5	1	195	1	208	4.26E-34	124
IS1R	lane122s000605_bin.3.p_NODE_2261_length_528_cov_1.137472_1	38.6	140	82	1	84	219	6	145	5.36E-28	106
IS1R	lane122s000607_bin.1.p_NODE_816_length_3038_cov_1.730159_2	37.2	129	64	2	54	167	25	151	2.95E-18	81.3
IS1R	lane122s000607_bin.1.p_NODE_690_length_3317_cov_1.703086_3	40.4	89	53	0	139	227	1	89	7.05E-17	75.9
IS1R	lane122s000607_bin.1.p_NODE_829_length_2984_cov_1.630547_2	25.4	232	158	7	8	226	7	236	4.66E-16	77.4
IS1R	lane122s000607_bin.1.p_NODE_1481_length_2071_cov_2.055667_1	26.7	240	155	8	3	226	2	236	6.45E-16	77
IS1R	lane122s000607_bin.1.p_NODE_26_length_10337_cov_2.524464_11	45.3	75	41	0	153	227	8	82	4.86E-14	68.2
IS1R	lane122s000607_bin.1.p_NODE_1112_length_2482_cov_2.009563_4	25.4	236	153	9	8	226	10	239	6.18E-14	71.6
IS1R	lane122s000607_bin.1.p_NODE_1349_length_2209_cov_2.056754_1	28	211	132	6	17	219	1	199	1.07E-13	70.5
IS1R	lane122s000607_bin.1.p_NODE_3183_length_531_cov_1.085903_2	45.9	61	33	0	112	172	2	62	1.78E-12	63.2
IS1R	lane122s000605_bin.3.p_NODE_1911_length_1059_cov_0.792261_1	45.6	68	33	2	8	72	9	75	3.52E-12	62.8
IS1R	lane122s000607_bin.1.p_NODE_690_length_3317_cov_1.703086_2	39.8	83	45	2	8	86	8	89	4.17E-12	63.2
IS1R	lane122s000607_bin.1.p_NODE_466_length_4088_cov_1.273747_2	30.4	125	82	3	107	226	18	142	1.57E-10	60.5
IS1R	lane122s000605_bin.3.p_NODE_707_length_2872_cov_1.433274_2	33.3	93	62	0	112	204	2	94	3.12E-10	58.2
IS1R	lane122s000605_bin.3.p_NODE_1911_length_1059_cov_0.792261_2	48	50	26	0	106	155	17	66	2.83E-08	52
IS1R	lane122s000605_bin.3.p_NODE_1292_length_1939_cov_2.209989_3	29	93	61	3	107	194	50	142	6.07E-05	44.7
IS1R	lane122s000605_bin.3.p_NODE_749_length_2749_cov_1.562500_2	35	60	35	1	84	139	6	65	9.32E-05	42.4
ISMysp1	lane122s000602_bin.1.o_k141_331675-flag_1-multi_2.0000-len_1795_1	29	324	218	6	5	319	2	322	1.01E-17	89.4
ISMysp1	lane122s000602_bin.1.o_k141_711159-flag_0-multi_3.9556-len_1763_2	27.7	329	216	7	5	319	2	322	9.82E-17	86.3
ISMysp1	lane122s000607_bin.3.o_k141_477067-flag_1-multi_2.0000-len_2615_3	29.6	334	201	8	6	319	1	320	5.51E-15	80.9
ISMysp1	lane122s000602_bin.1.o_k141_478126-flag_0-multi_4.9893-len_4610_3	28.2	305	209	5	23	318	5	308	9.01E-13	73.9
ISMysp1	lane122s000606_bin.1.o_k141_663157-flag_1-multi_4.0000-len_1824_2	25.7	338	198	8	7	318	10	320	1.29E-11	70.5
ISMysp1	lane122s000607_bin.1.p_NODE_502_length_3954_cov_2.653598_1	26.2	332	218	6	7	319	15	338	2.24E-10	66.6
ISMysp1	lane122s000602_bin.1.o_k141_626235-flag_1-multi_4.9295-len_6026_6	26.9	320	222	5	4	318	14	326	1.26E-09	64.3
ISMysp1	lane122s000605_bin.3.p_NODE_1944_length_983_cov_2.196468_1	28.5	235	148	4	100	319	48	277	8.86E-08	57.4
ISMysp1	lane121s003979_bin.1.s_NODE_17_length_82511_cov_105.614188_85	24.7	304	209	9	101	391	105	401	1.04E-07	58.2
ISMysp1	lane121s003980_megahit_k141_51-flag=0-multi=212.9211-len=110879_19	24.7	304	209	9	101	391	105	401	1.04E-07	58.2
ISMysp1	lane121s003976_shovill_contig00038_2	21.5	344	231	6	7	317	39	376	1.25E-07	58.2
ISMysp1	lane121s003977_shovill_contig00037_2	21.5	344	231	6	7	317	39	376	1.25E-07	58.2
ISMysp1	lane122s000606_bin.1.o_k141_165918-flag_1-multi_2.0000-len_2126_2	26.7	225	160	3	100	320	105	328	1.87E-07	57.4
ISMysp1	lane121s003958_shovill_contig00035_14	21.5	344	231	6	7	317	32	369	2.16E-07	57.4
ISMysp1	lane121s003995_shovill_contig00038_19	29.9	177	114	5	228	399	52	223	3.94E-07	54.7
ISMysp1	lane122s000607_bin.1.p_NODE_2445_length_1203_cov_2.354352_1	27.1	229	154	4	100	320	40	263	4.62E-07	55.8
ISMysp1	lane122s000541_shovill_contig00002_786	22.1	402	289	12	6	391	8	401	9.73E-07	55.1
ISMysp1	lane122s000541_shovill_contig00002_776	24	304	211	9	501	791	105	401	1.29E-06	54.7
ISMysp1	lane122s000605_bin.2.o_k141_233111-flag_1-multi_2.0000-len_2112_2	24.9	313	176	10	9	320	13	267	1.42E-06	54.3
ISMysp1	lane121s003978_shovill_contig00012_46	24	304	211	9	101	391	105	401	2.25E-06	53.9
ISMysp1	lane122s000532_bin.1.p_NODE_7_length_141729_cov_123.739333_30	22.4	402	288	12	6	391	8	401	2.25E-06	53.9
ISMysp1	lane122s000524_shovill_contig00001_750	23.7	304	212	9	101	391	105	401	2.97E-06	53.5
ISMysp1	lane121s003968_megahit_k141_121-flag=0-multi=461.7752-len=2063_2	23.7	304	212	9	101	391	105	401	3.93E-06	53.1
ISMysp1	lane121s003995_shovill_contig00038_6	24.8	226	121	7	101	323	88	267	5.56E-06	52.4
ISMysp1	lane122s000602_bin.1.o_k141_674606-flag_0-multi_5.9868-len_4671_1	28.8	153	100	3	7	155	11	158	6.15E-06	50.1
ISMysp1	lane122s000601_bin.1.o_k141_52643-flag_1-multi_6.0000-len_4352_2	26.7	296	163	11	101	392	88	333	9.77E-06	51.6
ISMysp1	lane122s000516_shovill_contig00007_196	23.5	336	234	6	1	322	12	338	2.15E-05	50.8
ISMysp1	lane122s000523_bin.1.p_NODE_38_length_48117_cov_112.774875_31	25.4	319	173	8	5	318	2	260	5.21E-05	49.3
ISMysp1	lane821s003044_shovill_contig00124_1	25.4	319	173	8	5	318	2	260	5.21E-05	49.3
ISMysp1	lane122s000607_bin.1.p_NODE_762_length_3163_cov_2.497408_4	36.7	79	50	0	242	320	184	262	6.96E-05	48.9
ISMysp1	lane821s003043_bin.1.s_NODE_21_length_1516_cov_703.561501_2	23.9	314	194	9	8	320	22	291	8.60E-05	48.9
ISMysp1	lane122s000601_bin.6.o_k141_51231-flag_1-multi_4.0000-len_8734_8	33	182	94	9	223	391	143	309	1.17E-04	48.1
ISMysp1	lane122s000605_bin.3.p_NODE_1170_length_2066_cov_1.304676_2	36.7	79	50	0	242	320	213	291	1.33E-04	48.1
ISMysp1	lane121s003960_shovill_contig00050_13	22.7	330	244	5	1	322	12	338	1.50E-04	48.1
ISMysp1	lane121s003962_megahit_k141_1229-flag=1-multi=5.9232-len=6988_5	32.2	90	59	1	228	317	172	259	1.63E-04	47.8
ISMysp1	lane122s000601_bin.6.o_k141_389058-flag_1-multi_4.5441-len_3126_3	25.6	219	118	8	101	319	88	261	2.84E-04	47
ISMysp1	lane122s000605_bin.2.o_k141_58742-flag_0-multi_13.8112-len_5227_1	25.8	229	155	7	98	322	120	337	3.12E-04	47.4
ISMysp1	lane121s003958_shovill_contig00001_447	23.8	311	223	5	501	801	14	320	3.53E-04	46.6
ISMysp1	lane122s000523_bin.1.p_NODE_85_length_8817_cov_113.243478_7	25.2	314	180	8	5	318	2	260	6.56E-04	45.8
ISMysp1	lane821s003044_shovill_contig00056_22	25.2	314	180	8	5	318	2	260	6.56E-04	45.8
ISMysp1	lane821s003038_bin.1.o_k141_34-flag_0-multi_1375.8503-len_110362_2	25.1	227	155	6	101	325	91	304	7.91E-04	45.4
ISLiv1	lane121s003996_shovill_contig00001_48	64.2	450	160	1	1	449	36	485	3.54E-208	587
ISLiv1	lane121s003954_shovill_contig00025_2	63.1	450	165	1	1	449	1	450	3.16E-205	578
ISLiv1	lane122s000539_shovill_contig00060_1	64.2	274	96	1	1	272	1	274	8.18E-114	338
ISLiv1	lane121s003954_shovill_contig00045_1	42.9	361	197	4	89	443	1	358	3.89E-84	266
ISLiv1	lane122s000529_megahit_k141_600-flag=1-multi=11.2163-len=42113_9	47.7	277	137	4	132	402	3	277	3.11E-75	240
ISLiv1	lane122s000519_bin.1.s_NODE_24_length_61802_cov_7.942859_52	52.9	189	85	1	256	444	1	185	5.94E-64	207
ISLiv1	lane122s000539_shovill_contig00119_1	70.6	136	40	0	37	172	1	136	1.74E-59	194
ISLiv1	lane121s003996_shovill_contig00002_1	51	200	96	2	16	213	15	214	3.83E-54	183
ISLiv1	lane121s003996_shovill_contig00034_1	43.3	254	135	4	183	430	4	254	4.49E-54	184
ISLiv1	lane121s003996_shovill_contig00005_1	50.3	197	96	2	16	210	15	211	1.05E-51	176
ISLiv1	lane122s000539_shovill_contig00028_14	52	152	73	0	293	444	61	212	2.00E-50	173
ISLiv1	lane122s000540_bin.1.p_NODE_76_length_31395_cov_15.636854_1	43.7	197	110	1	245	440	1	197	9.42E-45	159
ISLiv1	lane121s003996_shovill_contig00036_1	50	166	82	1	49	213	3	168	4.98E-43	152
ISLiv1	lane122s000529_megahit_k141_418-flag=0-multi=10.9971-len=82679_2	50.3	155	75	1	161	313	10	164	7.02E-42	149
ISLiv1	lane121s003954_shovill_contig00049_1	39	231	132	4	89	313	1	228	2.84E-41	149
ISLiv1	lane122s000515_shovill_contig00003_323	48.2	164	84	1	16	178	15	178	3.20E-41	148
ISLiv1	lane122s000519_bin.1.s_NODE_24_length_61802_cov_7.942859_51	63.7	124	43	1	132	253	3	126	7.71E-41	145
ISLiv1	lane122s000605_bin.2.o_k141_169325-flag_1-multi_6.0000-len_1861_1	27.7	441	300	9	15	439	15	452	4.21E-38	147
ISLiv1	lane122s000523_bin.1.p_NODE_111_length_1530_cov_218.715760_1	28	454	286	11	17	449	17	450	2.42E-37	145
ISLiv1	lane821s003044_shovill_contig00119_1	28	454	286	11	17	449	17	450	2.42E-37	145
ISLiv1	lane122s000539_shovill_contig00117_1	61.5	109	42	0	1	109	1	109	9.22E-37	134
ISLiv1	lane821s003038_bin.1.o_k141_215-flag_0-multi_1570.1000-len_17652_21	61.5	109	42	0	1	109	1	109	9.22E-37	134
ISLiv1	lane122s000529_megahit_k141_633-flag=0-multi=12.9971-len=49482_29	58.3	103	43	0	1	103	1	103	4.02E-33	124
ISLiv1	lane122s000529_megahit_k141_418-flag=0-multi=10.9971-len=82679_1	71.1	83	24	0	90	172	1	83	6.74E-33	122
ISLiv1	lane121s003958_shovill_contig00002_519	47.1	136	72	0	305	440	1	136	5.96E-31	119
ISLiv1	lane121s003954_shovill_contig00052_1	44.5	155	84	2	98	250	2	156	8.92E-31	119
ISLiv1	lane122s000539_shovill_contig00155_1	73	74	20	0	68	141	1	74	1.37E-30	115
ISLiv1	lane821s003038_bin.1.o_k141_94-flag_1-multi_1672.5449-len_44232_44	55.7	97	43	0	348	444	5	101	2.59E-30	116
ISLiv1	lane121s003958_shovill_contig00003_1	43.3	134	74	2	1	133	1	133	4.28E-29	114
ISLiv1	lane122s000539_shovill_contig00138_1	51.6	95	46	0	236	330	1	95	4.60E-29	112
ISLiv1	lane122s000519_bin.1.s_NODE_19_length_72139_cov_11.070037_42	56	91	40	0	16	106	2	92	1.50E-28	111
ISLiv1	lane122s000529_megahit_k141_584-flag=1-multi=9.6879-len=11008_2	62.2	90	34	0	1	90	1	90	1.59E-28	110
ISLiv1	lane122s000529_megahit_k141_600-flag=1-multi=11.2163-len=42113_8	60	90	36	0	1	90	3	92	3.12E-27	107
ISLiv1	lane122s000529_megahit_k141_98-flag=1-multi=6.0755-len=1875_3	63.3	79	29	0	72	150	2	80	1.41E-26	105
ISLiv1	lane122s000529_megahit_k141_152-flag=0-multi=12.0000-len=19842_20	62.5	96	34	1	132	225	3	98	1.32E-25	103
ISLiv1	lane121s003954_shovill_contig00017_24	48.9	94	48	0	181	274	19	112	1.56E-23	98.2
ISLiv1	lane122s000540_bin.1.p_NODE_267_length_890_cov_18.722017_2	47.9	94	48	1	10	102	27	120	3.97E-23	98.6
ISLiv1	lane122s000539_shovill_contig00143_1	60.8	79	31	0	1	79	14	92	1.14E-22	94.7
ISLiv1	lane122s000539_shovill_contig00008_156	81.1	53	10	0	392	444	5	57	9.27E-22	91.3
ISLiv1	lane122s000539_shovill_contig00171_1	81.1	53	10	0	392	444	5	57	9.27E-22	91.3
ISLiv1	lane122s000539_shovill_contig00188_1	81.1	53	10	0	392	444	5	57	9.27E-22	91.3
ISLiv1	lane122s000529_megahit_k141_426-flag=0-multi=8.9905-len=10295_10	81.1	53	10	0	392	444	8	60	1.00E-21	91.3
ISLiv1	lane122s000606_bin.2.s_NODE_718_length_2090_cov_3.659215_1	24.6	483	303	15	8	448	7	470	3.52E-21	99
ISLiv1	lane122s000539_shovill_contig00001_409	47.6	103	38	1	1	103	1	87	4.73E-21	90.5
ISLiv1	lane821s003038_bin.1.o_k141_105-flag_0-multi_1470.8008-len_227983_134	47.6	103	38	1	1	103	1	87	4.73E-21	90.5
ISLiv1	lane121s003958_shovill_contig00049_1	37	146	90	2	198	341	3	148	4.98E-21	92
ISLiv1	lane121s003954_shovill_contig00063_1	54.8	84	37	1	16	98	17	100	8.90E-21	89.7
ISLiv1	lane122s000519_bin.1.s_NODE_88_length_2002_cov_5.129870_1	48.7	78	40	0	267	344	8	85	9.08E-21	90.1
ISLiv1	lane122s000517_bin.1.p_NODE_3_length_725817_cov_52.494282_136	53.2	77	36	0	181	257	9	85	1.56E-20	88.6
ISLiv1	lane122s000519_bin.2.s_NODE_3_length_725751_cov_64.567532_659	53.2	77	36	0	181	257	9	85	1.56E-20	88.6
ISLiv1	lane122s000529_megahit_k141_167-flag=0-multi=10.0000-len=19618_1	54.7	75	34	0	351	425	1	75	1.62E-20	88.2
ISLiv1	lane121s003954_shovill_contig00059_1	54.8	84	37	1	16	98	49	132	2.16E-20	89.7
ISLiv1	lane122s000606_bin.2.s_NODE_1052_length_1472_cov_1.162007_1	44.8	96	53	0	62	157	1	96	4.79E-20	88.2
ISLiv1	lane121s003954_shovill_contig00064_1	44.9	98	54	0	278	375	1	98	1.09E-19	86.7
ISLiv1	lane122s000539_shovill_contig00189_1	69.4	62	19	0	106	167	1	62	1.39E-19	85.1
ISLiv1	lane121s003958_shovill_contig00020_1	48.9	90	46	0	351	440	1	90	2.95E-19	85.5
ISLiv1	lane122s000519_bin.1.s_NODE_54_length_15272_cov_7.143139_15	80.4	46	9	0	399	444	1	46	4.03E-18	80.9
ISLiv1	lane122s000541_shovill_contig00011_70	21.5	470	325	9	19	446	24	491	5.52E-18	89.4
ISLiv1	lane122s000519_bin.1.s_NODE_61_length_12339_cov_7.410781_4	55.1	78	35	0	1	78	1	78	8.41E-18	81.3
ISLiv1	lane821s003037_bin.1.p_NODE_3_length_614506_cov_532.112420_246	22.6	474	295	12	21	438	20	477	1.27E-17	88.2
ISLiv1	lane122s000540_bin.1.p_NODE_267_length_890_cov_18.722017_1	34.8	135	80	2	133	259	1	135	4.12E-17	80.9
ISLiv1	lane122s000539_shovill_contig00187_1	56.1	66	29	0	358	423	1	66	6.11E-17	77.8
ISLiv1	lane122s000529_megahit_k141_152-flag=0-multi=12.0000-len=19842_21	54.2	72	33	0	1	72	4	75	1.66E-16	77
ISLiv1	lane122s000523_bin.1.p_NODE_113_length_1477_cov_140.539286_1	24.3	460	300	14	18	441	20	467	2.15E-16	84.3
ISLiv1	lane122s000539_shovill_contig00190_1	59.7	62	25	0	12	73	1	62	2.64E-16	75.9
ISLiv1	lane122s000529_megahit_k141_441-flag=0-multi=8.9891-len=10459_10	76.7	43	10	0	392	434	8	50	7.87E-14	68.6
ISLiv1	lane122s000606_bin.2.s_NODE_794_length_1936_cov_1.374395_1	28	236	150	7	16	246	27	247	1.40E-13	75.1
ISLiv1	lane122s000519_bin.1.s_NODE_12_length_95021_cov_11.032672_74	54.7	64	29	0	1	64	82	145	3.45E-13	69.7
ISLiv1	lane121s003954_shovill_contig00082_1	51.6	62	30	0	63	124	2	63	3.62E-13	67
ISLiv1	lane122s000600_bin.3.p_NODE_381_length_2658_cov_7.085238_2	23.2	513	305	14	4	439	8	508	4.13E-13	74.3
ISLiv1	lane121s003958_shovill_contig00103_1	44.9	69	38	0	305	373	1	69	4.83E-13	67
ISLiv1	lane122s000529_megahit_k141_418-flag=0-multi=10.9971-len=82679_3	52.2	69	26	2	355	423	11	72	6.30E-13	67
ISLiv1	lane122s000519_bin.1.s_NODE_24_length_61802_cov_7.942859_50	55	60	27	0	1	60	1	60	6.42E-13	66.2
ISLiv1	lane122s000605_bin.3.p_NODE_1492_length_1746_cov_1.621330_1	25.4	284	194	7	13	290	12	283	7.69E-13	72.8
ISLiv1	lane122s000540_bin.1.p_NODE_130_length_11761_cov_15.624786_9	23.9	468	304	16	10	438	10	464	9.01E-13	73.2
ISLiv1	lane121s003958_shovill_contig00104_1	42.9	70	40	0	64	133	1	70	1.23E-12	65.9
ISLiv1	lane121s003960_shovill_contig00096_1	20.9	464	319	11	19	438	100	559	1.42E-12	72.8
ISLiv1	lane121s003958_shovill_contig00049_2	40	90	54	0	101	190	1	90	2.64E-12	65.5
ISLiv1	lane122s000601_bin.1.o_k141_526522-flag_1-multi_4.3696-len_3423_3	26.7	270	185	7	19	278	8	274	5.58E-12	70.1
ISLiv1	lane122s000606_bin.3.o_k141_702325-flag_1-multi_1.0000-len_3252_3	30.8	146	98	2	16	159	15	159	1.13E-11	66.2
ISLiv1	lane122s000607_bin.1.p_NODE_1653_length_1932_cov_2.019407_1	23.2	469	297	15	18	436	30	485	5.02E-11	67.8
ISLiv1	lane121s003958_shovill_contig00114_1	59.6	52	21	0	389	440	5	56	1.12E-10	60.1
ISLiv1	lane121s003958_shovill_contig00026_1	59.6	52	21	0	389	440	6	57	1.14E-10	60.1
ISLiv1	lane122s000529_megahit_k141_584-flag=1-multi=9.6879-len=11008_1	63.5	52	19	0	132	183	3	54	2.16E-10	58.9
ISLiv1	lane821s003044_shovill_contig00138_1	28.5	200	132	7	248	441	12	206	5.55E-10	62
ISLiv1	lane122s000529_megahit_k141_98-flag=1-multi=6.0755-len=1875_2	52.7	55	26	0	1	55	1	55	5.65E-10	57.8
ISLiv1	lane122s000600_bin.2.o_k141_222054-flag_1-multi_3.0000-len_1854_3	29.6	152	98	4	16	162	15	162	1.16E-09	61.2
ISLiv1	lane121s003977_shovill_contig00006_109	24.4	135	100	2	19	152	39	172	2.58E-09	60.8
ISLiv1	lane122s000536_megahit_k141_105-flag=0-multi=188.9776-len=100828_46	28.4	141	99	2	16	155	15	154	2.75E-09	62
ISLiv1	lane122s000601_bin.4.o_k141_656911-flag_1-multi_6.0000-len_12943_8	29.6	152	98	4	16	162	15	162	3.95E-09	61.2
ISLiv1	lane122s000600_bin.5.s_NODE_508_length_1986_cov_1.517548_1	29	145	92	4	17	159	22	157	9.09E-09	60.1
ISLiv1	lane121s003953_shovill_contig00006_61	22.9	428	297	14	29	440	22	432	2.19E-08	59.3
ISLiv1	lane821s003041_shovill_contig00008_139	22.9	428	297	14	29	440	22	432	2.19E-08	59.3
ISLiv1	lane821s003037_bin.1.p_NODE_10_length_258279_cov_463.547300_1	24.1	133	99	2	21	152	20	151	3.09E-08	57.8
ISLiv1	lane122s000529_megahit_k141_384-flag=0-multi=15.9846-len=11802_8	55.1	49	22	0	1	49	1	49	4.00E-08	52.4
ISLiv1	lane121s003977_shovill_contig00006_110	26.4	231	145	7	223	438	11	231	7.20E-08	56.2
ISLiv1	lane122s000539_shovill_contig00147_1	61	41	16	0	37	77	1	41	9.13E-08	51.6
ISLiv1	lane121s003964_megahit_k141_77-flag=1-multi=352.9859-len=598219_363	56.8	44	19	0	376	419	1	44	1.22E-07	50.8
ISLiv1	lane821s003042_shovill_contig00002_217	56.8	44	19	0	376	419	1	44	1.22E-07	50.8
ISLiv1	lane122s000605_bin.3.p_NODE_1513_length_1716_cov_1.452105_1	27.2	250	165	10	208	442	173	420	1.56E-07	56.6
ISLiv1	lane122s000529_megahit_k141_442-flag=1-multi=11.0000-len=11209_1	68.4	38	12	0	392	429	43	80	2.32E-07	51.6
ISLiv1	lane122s000600_bin.5.s_NODE_283_length_2385_cov_1.139515_2	28	150	101	3	10	159	40	182	4.77E-07	55.1
ISLiv1	lane122s000539_shovill_contig00001_304	56.4	39	15	1	220	258	5	41	8.62E-07	48.9
ISLiv1	lane821s003038_bin.1.o_k141_273-flag_0-multi_1403.5722-len_39494_8	56.4	39	15	1	220	258	5	41	8.62E-07	48.9
ISLiv1	lane122s000607_bin.1.p_NODE_1683_length_1911_cov_1.287895_3	27.6	257	157	13	208	443	19	267	1.62E-06	52.8
ISLiv1	lane122s000607_bin.1.p_NODE_1059_length_2562_cov_3.459155_3	26.6	222	151	7	232	442	308	528	2.98E-06	52.8
ISLiv1	lane122s000601_bin.6.o_k141_664408-flag_1-multi_2.0000-len_2567_5	32.9	79	50	1	217	295	16	91	3.87E-06	49.7
ISLiv1	lane821s003035_bin.1.p_NODE_10_length_64715_cov_2005.640382_40	32.6	92	62	0	270	361	37	128	4.21E-06	48.9
ISLiv1	lane122s000529_megahit_k141_274-flag=1-multi=10.0000-len=16769_12	41.8	67	36	1	10	76	4	67	5.18E-06	47
ISLiv1	lane122s000606_bin.2.s_NODE_629_length_2297_cov_1.909910_2	26.5	245	157	10	48	276	53	290	1.16E-05	50.8
ISLiv1	lane121s003976_shovill_contig00096_2	26.3	217	135	7	237	438	7	213	1.24E-05	49.3
ISLiv1	lane121s003958_shovill_contig00193_1	62.9	35	13	0	389	423	6	40	1.65E-05	44.7
ISLiv1	lane121s003958_shovill_contig00195_1	62.9	35	13	0	389	423	6	40	1.65E-05	44.7
ISLiv1	lane122s000605_bin.3.p_NODE_411_length_3885_cov_1.140231_1	25.6	250	169	11	208	442	242	489	2.02E-05	50.1
ISLiv1	lane122s000607_bin.1.p_NODE_561_length_3732_cov_3.546101_3	26.3	213	143	7	243	443	330	540	2.13E-05	50.1
ISLiv1	lane122s000607_bin.1.p_NODE_1288_length_2261_cov_4.867216_2	29	138	90	3	22	158	28	158	2.54E-05	49.7
ISLiv1	lane121s003976_shovill_contig00231_1	37.3	51	31	1	19	68	11	61	2.65E-05	44.7
ISLiv1	lane121s003958_shovill_contig00224_1	65.6	32	11	0	389	420	6	37	3.89E-05	43.5
ISLiv1	lane122s000539_shovill_contig00066_10	56.8	37	16	0	1	37	1	37	3.97E-05	43.5
ISLiv1	lane821s003038_bin.1.o_k141_417-flag_0-multi_1527.5684-len_12949_10	56.8	37	16	0	1	37	1	37	3.97E-05	43.5
ISLiv1	lane122s000607_bin.1.p_NODE_881_length_2885_cov_8.813034_3	30.3	145	82	4	14	158	33	158	4.43E-05	48.9
ISLiv1	lane122s000519_bin.1.s_NODE_3_length_159787_cov_11.212385_110	42.6	61	28	1	1	61	1	54	5.72E-05	45.1
ISLiv1	lane122s000600_bin.2.o_k141_506437-flag_1-multi_2.0000-len_1743_1	23.3	270	184	6	49	301	55	318	5.85E-05	48.5
ISLiv1	lane122s000605_bin.3.p_NODE_1430_length_1809_cov_6.350462_1	29.2	113	71	3	48	158	53	158	5.86E-05	48.5
ISLiv1	lane122s000605_bin.3.p_NODE_1449_length_1789_cov_2.100467_2	25.8	213	144	7	243	443	198	408	7.42E-05	48.1
ISLiv1	lane821s003038_bin.1.o_k141_115-flag_0-multi_1665.5843-len_100275_101	56.8	37	16	0	1	37	1	37	1.02E-04	42.4
ISLiv1	lane821s003038_bin.1.o_k141_103-flag_0-multi_1314.0534-len_16799_16	56.8	37	16	0	1	37	1	37	1.02E-04	42.4
ISLiv1	lane122s000519_bin.1.s_NODE_14_length_80892_cov_7.734839_61	58.3	36	15	0	1	36	1	36	1.02E-04	42.7
ISLiv1	lane122s000519_bin.1.s_NODE_40_length_26327_cov_8.810095_17	58.3	36	15	0	1	36	3	38	1.07E-04	42.7
ISLiv1	lane122s000519_bin.1.s_NODE_3_length_159787_cov_11.212385_154	68.8	32	10	0	382	413	4	35	1.31E-04	42
ISLiv1	lane122s000605_bin.3.p_NODE_2019_length_840_cov_1.855832_1	29	145	84	4	14	158	33	158	1.53E-04	45.1
ISLiv1	lane122s000519_bin.1.s_NODE_63_length_11675_cov_4.940766_1	44.1	59	31	1	1	57	1	59	2.33E-04	42
ISLiv1	lane122s000605_bin.3.p_NODE_851_length_2522_cov_3.287526_2	25	128	89	2	31	158	38	158	2.37E-04	46.6
ISLiv1	lane122s000607_bin.1.p_NODE_1702_length_1894_cov_3.624656_1	26.6	128	87	2	31	158	38	158	2.37E-04	46.6
ISLiv1	lane122s000529_megahit_k141_256-flag=1-multi=10.0000-len=4933_2	58.3	36	15	0	1	36	3	38	3.27E-04	41.2
ISLiv1	lane122s000607_bin.1.p_NODE_85_length_7501_cov_3.301724_10	28.3	113	72	3	48	158	53	158	5.46E-04	45.4
ISLiv1	lane122s000605_bin.3.p_NODE_111_length_6301_cov_1.999036_2	33	97	62	2	348	442	12	107	5.86E-04	42.7
ISLiv1	lane122s000605_bin.3.p_NODE_1773_length_1374_cov_1.963763_1	29	107	69	2	52	158	14	113	9.02E-04	44.7
ISLiv1	lane122s000529_megahit_k141_297-flag=0-multi=10.0000-len=19911_14	54.1	37	17	0	1	37	1	37	9.71E-04	40
ISPme1	lane122s000607_bin.1.p_NODE_632_length_3473_cov_5.612485_4	32.4	441	274	15	18	445	37	466	4.73E-47	171
ISPme1	lane122s000601_bin.6.o_k141_378293-flag_1-multi_2.0000-len_1796_1	31.2	442	268	13	8	426	11	439	4.71E-40	152
ISPme1	lane122s000606_bin.2.s_NODE_684_length_2174_cov_1.594182_1	29.3	437	284	12	19	437	17	446	2.99E-33	133
ISPme1	lane122s000600_bin.2.o_k141_234438-flag_1-multi_3.0000-len_1740_2	29.1	413	271	11	17	420	14	413	3.18E-33	132
ISPme1	lane122s000605_bin.1.o_k141_150044-flag_1-multi_10.0000-len_1978_1	28.7	439	262	14	25	426	5	429	6.63E-32	129
ISPme1	lane122s000605_bin.3.p_NODE_264_length_4686_cov_3.426991_3	30.2	450	273	14	21	444	19	453	3.06E-29	122
ISPme1	lane122s000605_bin.3.p_NODE_231_length_4928_cov_3.093383_5	29.3	427	271	12	21	424	19	437	2.68E-28	119
ISPme1	lane122s000605_bin.3.p_NODE_61_length_7663_cov_3.064593_8	29.3	427	271	12	21	424	19	437	3.66E-28	119
ISPme1	lane122s000607_bin.1.p_NODE_149_length_6238_cov_2.039604_2	29.3	427	271	12	21	424	19	437	3.66E-28	119
ISPme1	lane122s000607_bin.1.p_NODE_1823_length_1798_cov_4.139454_1	29.4	428	269	13	21	424	19	437	6.78E-28	118
ISPme1	lane122s000605_bin.3.p_NODE_1070_length_2200_cov_3.166274_1	29.2	428	270	13	21	424	19	437	2.71E-26	113
ISPme1	lane122s000605_bin.3.p_NODE_931_length_2383_cov_3.607546_4	30.4	326	201	9	21	327	19	337	1.40E-24	107
ISPme1	lane122s000601_bin.10.s_NODE_63_length_18256_cov_3.611420_29	23.8	390	256	13	21	386	4	376	1.48E-18	90.1
ISPme1	lane122s000605_bin.3.p_NODE_57_length_7816_cov_2.034630_1	33.3	174	107	3	21	190	25	193	1.98E-17	84.3
ISPme1	lane121s003976_shovill_contig00001_396	24.3	445	260	14	20	426	9	414	3.79E-15	80.1
ISPme1	lane121s003977_shovill_contig00001_299	24.3	445	260	14	20	426	9	414	3.79E-15	80.1
ISPme1	lane122s000605_bin.3.p_NODE_1763_length_1387_cov_1.206107_1	30.2	291	177	10	155	424	62	347	6.50E-15	79
ISPme1	lane122s000601_bin.2.o_k141_267803-flag_1-multi_5.0000-len_2555_2	23.6	428	283	15	21	426	6	411	2.97E-14	77.4
ISPme1	lane122s000607_bin.1.p_NODE_3159_length_539_cov_1.452381_1	32.7	162	89	7	155	304	26	179	1.93E-11	65.5
ISPme1	lane122s000607_bin.1.p_NODE_2619_length_965_cov_3.009009_1	33.1	151	92	3	21	167	19	164	9.05E-11	63.2
ISPme1	lane122s000601_bin.6.o_k141_146575-flag_1-multi_3.0000-len_1777_1	24.6	439	254	18	24	417	35	441	6.88E-09	60.8
ISPme1	lane122s000607_bin.1.p_NODE_1582_length_1983_cov_1.692025_1	24.2	318	192	11	153	425	174	487	7.12E-09	60.8
ISPme1	lane122s000605_bin.3.p_NODE_135_length_5863_cov_3.535258_6	35	80	52	0	21	100	19	98	1.30E-07	53.9
ISPme1	lane122s000605_bin.3.p_NODE_1904_length_1089_cov_1.846838_1	32.6	141	90	3	287	424	40	178	3.29E-05	47.8
ISPme1	lane122s000607_bin.1.p_NODE_1741_length_1858_cov_1.268950_1	27.9	208	130	7	234	424	26	230	9.15E-05	47
IS200	lane121s003972_bin.2.s_NODE_6_length_12053_cov_3.093854_12	96.8	95	3	0	1	95	1	95	1.19E-64	194
IS200	lane122s000605_bin.3.p_NODE_999_length_2301_cov_1.737860_2	46.3	123	66	0	17	139	12	134	6.82E-33	115
IS200	lane122s000541_shovill_contig00015_50	34.9	126	81	1	15	140	6	130	3.10E-27	100
IS200	lane821s003035_bin.1.p_NODE_27_length_13964_cov_71.215237_14	34.9	126	81	1	15	140	6	130	3.10E-27	100
IS200	lane121s003978_shovill_contig00037_16	35.2	125	80	1	15	139	6	129	4.39E-27	100
IS200	lane121s003952_megahit_k141_34-flag=0-multi=239.6267-len=15506_12	35.2	125	80	1	15	139	6	129	6.22E-27	100
IS200	lane121s003965_shovill_contig00034_10	35.2	125	80	1	15	139	6	129	6.22E-27	100
IS200	lane122s000522_shovill_contig00013_131	35.2	125	80	1	15	139	6	129	6.22E-27	100
IS200	lane121s003979_bin.1.s_NODE_27_length_32207_cov_109.276315_4	34.4	125	81	1	15	139	6	129	8.80E-27	99.8
IS200	lane121s003980_megahit_k141_48-flag=0-multi=172.2531-len=14798_3	34.4	125	81	1	15	139	6	129	8.80E-27	99.8
IS200	lane122s000524_shovill_contig00021_3	35.2	125	80	1	15	139	6	129	8.80E-27	99.8
IS200	lane821s003037_bin.1.p_NODE_1_length_1559792_cov_424.645268_111	37.2	129	80	1	11	139	9	136	1.51E-26	99.4
IS200	lane821s003037_bin.1.p_NODE_1_length_1559792_cov_424.645268_194	37.2	129	80	1	11	139	9	136	1.51E-26	99.4
IS200	lane121s003952_megahit_k141_50-flag=0-multi=233.8518-len=19003_2	35.2	125	80	1	15	139	6	129	1.76E-26	99
IS200	lane121s003965_shovill_contig00026_11	35.2	125	80	1	15	139	6	129	1.76E-26	99
IS200	lane121s003968_megahit_k141_183-flag=0-multi=248.8004-len=29961_2	35.2	125	80	1	15	139	6	129	1.76E-26	99
IS200	lane122s000522_shovill_contig00013_155	35.2	125	80	1	15	139	6	129	1.76E-26	99
IS200	lane121s003968_megahit_k141_171-flag=0-multi=343.0911-len=9896_2	34.4	125	81	1	15	139	6	129	5.00E-26	97.8
IS200	lane122s000541_shovill_contig00011_51	34.4	125	81	1	15	139	6	129	5.00E-26	97.8
IS200	lane121s003978_shovill_contig00053_3	34.4	125	81	1	15	139	6	129	1.00E-25	97.1
IS200	lane121s003952_megahit_k141_175-flag=0-multi=233.9605-len=199340_1	36.2	130	82	1	10	139	3	131	1.50E-25	96.7
IS200	lane121s003965_shovill_contig00008_179	36.2	130	82	1	10	139	3	131	1.50E-25	96.7
IS200	lane121s003968_megahit_k141_38-flag=0-multi=252.0980-len=494778_16	36.2	130	82	1	10	139	3	131	1.50E-25	96.7
IS200	lane121s003971_bin.1.s_NODE_1_length_1525267_cov_97.535093_469	36.2	130	82	1	10	139	3	131	1.50E-25	96.7
IS200	lane122s000538_bin.1.p_NODE_5_length_388654_cov_122.956783_211	36.2	130	82	1	10	139	3	131	1.50E-25	96.7
IS200	lane122s000522_shovill_contig00013_116	33.6	125	82	1	15	139	6	129	8.04E-25	94.7
IS200	lane122s000521_bin.1.s_NODE_3_length_441770_cov_111.483598_29	33.6	125	82	1	15	139	6	129	8.48E-25	94.7
IS200	lane122s000521_bin.1.s_NODE_25_length_59885_cov_142.921415_6	34.4	125	81	1	15	139	13	136	9.70E-25	94.7
IS200	lane122s000607_bin.1.p_NODE_3090_length_560_cov_1.556936_1	33.1	130	86	1	10	139	2	130	1.17E-24	94.4
IS200	lane121s003976_shovill_contig00015_88	32.1	131	88	1	10	140	2	131	3.31E-24	93.2
IS200	lane121s003977_shovill_contig00015_1	32.1	131	88	1	10	140	2	131	3.31E-24	93.2
IS200	lane122s000607_bin.1.p_NODE_181_length_5897_cov_2.374742_4	31.7	139	93	2	3	140	8	145	3.58E-23	91.3
IS200	lane122s000605_bin.3.p_NODE_1690_length_1506_cov_1.307208_2	36.9	122	74	1	19	140	15	133	5.58E-23	90.1
IS200	lane122s000521_bin.1.s_NODE_25_length_59885_cov_142.921415_29	32.1	134	86	2	11	143	3	132	1.03E-22	89.4
IS200	lane122s000522_shovill_contig00013_1	34.2	114	74	1	15	128	6	118	7.81E-22	86.7
IS200	lane122s000522_shovill_contig00028_4	33.3	114	75	1	15	128	6	118	6.25E-21	84.3
IS200	lane121s003979_bin.1.s_NODE_27_length_32207_cov_109.276315_10	30.6	134	88	2	11	143	3	132	6.55E-21	84.7
IS200	lane121s003980_megahit_k141_48-flag=0-multi=172.2531-len=14798_9	30.6	134	88	2	11	143	3	132	6.55E-21	84.7
IS200	lane122s000521_bin.1.s_NODE_5_length_284502_cov_90.613058_127	29.9	134	89	2	11	143	4	133	2.13E-19	80.9
IS200	lane122s000544_bin.1.s_NODE_109_length_530_cov_11.344371_1	36.7	90	57	0	15	104	6	95	7.00E-19	78.6
IS200	lane122s000538_bin.1.p_NODE_164_length_685_cov_0.930921_2	30.6	134	88	2	11	143	4	133	1.28E-18	79
IS200	lane122s000538_bin.1.p_NODE_150_length_754_cov_27.203840_1	35.6	90	58	0	15	104	6	95	1.98E-18	77.4
IS200	lane121s003976_shovill_contig00126_1	32.5	114	76	1	12	125	4	116	1.69E-17	75.5
IS200	lane121s003977_shovill_contig00128_1	32.5	114	76	1	12	125	4	116	1.69E-17	75.5
IS200	lane121s003958_shovill_contig00018_50	29.4	126	86	1	15	140	8	130	1.83E-17	75.9
IS200	lane122s000538_bin.1.p_NODE_52_length_1907_cov_28.192350_3	35.6	90	58	0	15	104	6	95	3.15E-17	74.3
IS200	lane122s000605_bin.3.p_NODE_1229_length_1994_cov_1.617110_3	64.6	48	17	0	11	58	6	53	2.48E-15	68.2
IS200	lane121s003968_megahit_k141_138-flag=0-multi=250.5092-len=12367_1	36.6	82	52	0	15	96	6	87	4.02E-15	68.6
IS200	lane121s003968_megahit_k141_60-flag=0-multi=257.3493-len=9620_11	36.6	82	52	0	15	96	6	87	4.02E-15	68.6
IS200	lane122s000607_bin.1.p_NODE_1095_length_2507_cov_1.378189_4	28.2	131	92	2	13	142	4	133	4.25E-15	70.1
IS200	lane121s003976_shovill_contig00066_2	29.7	111	77	1	13	123	5	114	1.23E-14	68.2
IS200	lane121s003977_shovill_contig00047_2	29.7	111	77	1	13	123	5	114	1.23E-14	68.2
IS200	lane122s000522_shovill_contig00004_152	31.9	91	61	1	49	139	9	98	1.23E-14	67.8
IS200	lane122s000532_bin.1.p_NODE_2_length_1413223_cov_135.813849_148	31.9	91	61	1	49	139	9	98	1.23E-14	67.8
IS200	lane122s000541_shovill_contig00003_761	31.9	91	61	1	49	139	9	98	1.74E-14	67.4
IS200	lane122s000544_bin.1.s_NODE_9_length_161662_cov_121.311879_131	30.4	115	78	2	25	139	16	128	1.77E-14	68.9
IS200	lane121s003971_bin.1.s_NODE_74_length_1084_cov_9.168818_1	32.3	93	62	1	11	102	4	96	1.80E-12	62
IS200	lane122s000601_bin.2.o_k141_288545-flag_1-multi_3.0000-len_1624_2	27.5	120	79	2	22	140	8	120	3.21E-12	62.8
IS200	lane121s003976_shovill_contig00183_1	36.1	72	45	1	52	123	1	71	5.69E-12	60.1
IS200	lane121s003977_shovill_contig00207_1	36.1	72	45	1	52	123	1	71	5.69E-12	60.1
IS200	lane122s000601_bin.10.s_NODE_300_length_845_cov_2.204427_2	28.1	128	80	4	15	140	2	119	2.34E-10	57.8
IS200	lane122s000600_bin.5.s_NODE_582_length_1887_cov_1.302210_1	26.7	120	80	2	22	140	8	120	5.85E-10	56.6
IS200	lane821s003037_bin.1.p_NODE_34_length_18167_cov_15.432836_3	31.7	82	54	2	59	140	7	86	6.14E-10	55.8
IS200	lane122s000605_bin.2.o_k141_260757-flag_1-multi_5.0000-len_2725_1	24.6	118	83	1	24	141	10	121	1.42E-09	55.8
IS200	lane122s000601_bin.10.s_NODE_26_length_28237_cov_2.629119_23	27	126	84	3	15	140	2	119	4.78E-09	54.3
IS200	lane122s000607_bin.1.p_NODE_2872_length_672_cov_2.280672_2	31.3	83	57	0	17	99	9	91	5.82E-09	52.8
IS200	lane122s000605_bin.2.o_k141_361778-flag_1-multi_5.0000-len_7234_3	25	120	83	3	22	140	8	121	9.81E-09	53.5
IS200	lane821s003035_bin.1.p_NODE_45_length_6099_cov_95.143308_6	30.4	69	48	0	36	104	1	69	1.28E-08	51.6
IS200	lane122s000605_bin.2.o_k141_164431-flag_1-multi_6.0000-len_10235_1	32.9	79	46	1	62	140	50	121	1.55E-06	47.8
IS200	lane122s000601_bin.2.o_k141_638386-flag_1-multi_2.0000-len_1275_2	23.5	119	85	2	22	140	8	120	2.01E-06	47.4
IS200	lane122s000601_bin.10.s_NODE_203_length_6552_cov_2.550579_2	21	119	88	2	22	140	8	120	3.87E-06	46.6
IS200	lane122s000603_bin.2.s_NODE_27_length_16554_cov_2.453723_4	26.5	117	80	2	24	140	11	121	1.00E-05	45.4
IS200	lane121s003976_shovill_contig00194_1	37.3	51	31	1	89	139	1	50	1.47E-05	43.1
IS200	lane121s003977_shovill_contig00137_1	37.3	51	31	1	89	139	1	50	1.47E-05	43.1
IS200	lane122s000605_bin.3.p_NODE_902_length_2432_cov_2.166454_2	35.6	59	38	0	25	83	17	75	1.88E-05	43.5
IS200	lane122s000601_bin.10.s_NODE_42_length_23634_cov_2.231481_8	22.4	116	84	1	24	139	10	119	2.74E-05	44.3
IS200	lane121s003976_shovill_contig00139_1	37.3	51	31	1	89	139	1	50	4.03E-05	42
IS200	lane121s003977_shovill_contig00181_1	37.3	51	31	1	89	139	1	50	4.03E-05	42
IS200	lane122s000522_shovill_contig00051_2	34.7	49	31	1	91	139	1	48	4.34E-05	41.6
IS200	lane121s003952_megahit_k141_2-flag=0-multi=218.1195-len=69921_79	34	50	33	0	15	64	6	55	1.08E-04	40.8
IS200	lane121s003965_shovill_contig00033_4	34	50	33	0	15	64	6	55	1.08E-04	40.8
ISBlo15	lane821s003043_bin.1.s_NODE_1_length_1164026_cov_983.242877_169	35.7	263	135	11	178	428	246	486	3.20E-26	114
ISBlo15	lane122s000602_bin.1.o_k141_677343-flag_1-multi_13.0000-len_131524_93	34.9	235	121	6	204	432	180	388	6.17E-25	108
ISBlo15	lane122s000602_bin.1.o_k141_677343-flag_1-multi_13.0000-len_131524_190	31.8	239	132	7	199	430	170	384	6.14E-23	103
ISBlo15	lane122s000605_bin.3.p_NODE_2060_length_733_cov_0.967988_1	32.4	241	141	6	191	431	13	231	2.05E-19	90.1
ISBlo15	lane122s000605_bin.3.p_NODE_1229_length_1994_cov_1.617110_2	32.5	157	99	3	275	431	223	372	7.85E-13	72.8
ISBlo15	lane122s000602_bin.1.o_k141_81638-flag_0-multi_8.9151-len_40077_20	26.2	366	195	13	75	429	83	384	2.22E-12	71.6
ISBlo15	lane122s000603_bin.1.o_k141_274530-flag_1-multi_6.0000-len_18588_16	29.5	227	119	8	205	431	202	387	2.70E-11	68.2
ISBlo15	lane121s003958_shovill_contig00018_51	27.9	215	117	6	217	430	171	348	3.73E-11	67.4
ISBlo15	lane122s000541_shovill_contig00023_53	40.7	81	47	1	365	445	347	426	4.04E-10	64.7
ISBlo15	lane122s000605_bin.3.p_NODE_117_length_6187_cov_2.081833_7	50	64	31	1	367	430	295	357	5.98E-10	63.9
ISBlo15	lane122s000607_bin.1.p_NODE_1484_length_2069_cov_2.186747_1	50	64	31	1	367	430	295	357	5.98E-10	63.9
ISBlo15	lane122s000530_shovill_contig00008_113	24	233	137	6	212	436	180	380	1.42E-09	62.8
ISBlo15	lane122s000530_shovill_contig00002_135	23.7	224	132	5	212	427	180	372	2.51E-09	62
ISBlo15	lane122s000602_bin.1.o_k141_76821-flag_0-multi_8.9967-len_28843_18	33.8	133	80	2	341	468	2	131	4.05E-09	58.2
ISBlo15	lane122s000605_bin.3.p_NODE_466_length_3679_cov_2.299833_2	51	51	25	0	382	432	298	348	7.00E-08	57.4
ISBlo15	lane122s000530_shovill_contig00009_15	24.1	228	126	7	212	427	179	371	1.01E-07	57
ISBlo15	lane821s003037_bin.1.p_NODE_1_length_1559792_cov_424.645268_112	22.4	228	134	4	205	429	167	354	1.20E-07	56.6
ISBlo15	lane821s003037_bin.1.p_NODE_1_length_1559792_cov_424.645268_195	22.4	228	134	4	205	429	167	354	1.20E-07	56.6
ISBlo15	lane122s000521_bin.1.s_NODE_3_length_441770_cov_111.483598_28	24.9	217	122	6	217	429	180	359	1.62E-07	56.2
ISBlo15	lane121s003968_megahit_k141_166-flag=0-multi=395.8298-len=55847_42	28.3	152	86	4	284	435	248	376	1.73E-07	56.2
ISBlo15	lane122s000522_shovill_contig00019_18	28.3	152	86	4	284	435	248	376	1.73E-07	56.2
ISBlo15	lane122s000541_shovill_contig00003_762	24.9	217	122	6	217	429	180	359	2.16E-07	55.8
ISBlo15	lane121s003978_shovill_contig00012_21	24.4	160	92	5	284	438	234	369	2.25E-07	55.8
ISBlo15	lane121s003976_shovill_contig00116_1	23	222	134	5	212	431	9	195	3.67E-07	53.5
ISBlo15	lane121s003977_shovill_contig00116_1	23	222	134	5	212	431	9	195	3.67E-07	53.5
ISBlo15	lane122s000537_shovill_contig00011_17	41.6	77	42	3	367	441	230	305	3.94E-07	54.7
ISBlo15	lane122s000521_bin.2.p_NODE_31_length_29940_cov_11.044168_32	39	77	45	2	351	427	408	482	7.16E-07	54.7
ISBlo15	lane122s000521_bin.1.s_NODE_6_length_283927_cov_100.178531_266	23.1	160	94	5	284	438	234	369	2.18E-06	52.8
ISBlo15	lane122s000530_shovill_contig00004_41	23.2	224	133	6	212	427	179	371	3.00E-06	52.4
ISBlo15	lane121s003968_megahit_k141_45-flag=0-multi=311.6255-len=15337_7	21.6	153	98	2	284	435	234	365	8.91E-06	50.8
ISBlo15	lane122s000522_shovill_contig00015_9	21.6	153	98	2	284	435	234	365	8.91E-06	50.8
ISBlo15	lane121s003978_shovill_contig00037_8	21.6	153	98	2	284	435	239	370	9.02E-06	50.8
ISBlo15	lane122s000521_bin.1.s_NODE_22_length_68890_cov_92.381919_60	21.1	232	134	5	212	435	175	365	1.18E-05	50.4
ISBlo15	lane122s000522_shovill_contig00021_8	21.2	226	141	6	212	435	180	370	1.20E-05	50.4
ISBlo15	lane122s000541_shovill_contig00062_1	21.2	226	141	6	212	435	90	280	1.52E-05	49.7
ISBlo15	lane821s003035_bin.1.p_NODE_72_length_1162_cov_36.037788_1	21.2	226	141	6	212	435	163	353	2.02E-05	49.7
ISBlo15	lane122s000522_shovill_contig00013_5	20.6	228	140	6	212	435	175	365	2.08E-05	49.7
ISBlo15	lane121s003952_megahit_k141_55-flag=0-multi=375.7879-len=21357_23	23.6	140	83	3	298	435	5	122	2.74E-05	46.6
ISBlo15	lane122s000524_shovill_contig00006_184	21.7	226	140	6	212	435	14	204	3.69E-05	47.8
ISBlo15	lane122s000524_shovill_contig00013_49	22.1	154	96	3	284	435	229	360	4.79E-05	48.5
ISBlo15	lane121s003965_shovill_contig00029_3	21.2	226	141	6	212	435	175	365	4.85E-05	48.5
ISBlo15	lane122s000524_shovill_contig00006_250	21.7	226	140	6	212	435	175	365	4.85E-05	48.5
ISBlo15	lane122s000538_bin.1.p_NODE_6_length_367413_cov_147.027620_3	21.2	226	141	6	212	435	175	365	4.85E-05	48.5
ISBlo15	lane122s000538_bin.1.p_NODE_20_length_56722_cov_154.885391_20	21.2	226	141	6	212	435	175	365	4.85E-05	48.5
ISBlo15	lane121s003971_bin.1.s_NODE_1_length_1525267_cov_97.535093_512	22.6	155	92	3	285	435	179	309	5.45E-05	48.1
ISBlo15	lane121s003952_megahit_k141_156-flag=0-multi=345.7294-len=20603_15	21.2	226	141	6	212	435	175	365	6.43E-05	48.1
ISBlo15	lane121s003965_shovill_contig00069_1	21.2	226	141	6	212	435	175	365	6.43E-05	48.1
ISBlo15	lane121s003980_megahit_k141_132-flag=0-multi=153.6780-len=8219_7	22	232	132	7	212	435	175	365	8.52E-05	47.8
ISBlo15	lane122s000521_bin.1.s_NODE_24_length_66400_cov_127.865311_25	21.7	226	140	6	212	435	175	365	8.52E-05	47.8
ISBlo15	lane121s003978_shovill_contig00027_44	20.5	229	141	5	211	435	176	367	8.56E-05	47.8
ISBlo15	lane121s003965_shovill_contig00065_2	20.8	226	142	6	212	435	91	281	8.59E-05	47.4
ISBlo15	lane121s003979_bin.1.s_NODE_28_length_31201_cov_104.976867_34	22	232	132	7	212	435	180	370	8.62E-05	47.8
ISBlo15	lane122s000521_bin.1.s_NODE_21_length_79364_cov_90.078992_66	21.7	226	140	6	212	435	175	365	8.71E-05	47.8
ISBlo15	lane821s003035_bin.1.p_NODE_10_length_64715_cov_2005.640382_1	24.1	228	137	7	208	435	29	220	9.97E-05	46.6
ISBlo15	lane121s003952_megahit_k141_94-flag=0-multi=229.0932-len=421713_359	25	236	130	10	208	438	176	369	1.49E-04	47
ISBlo15	lane121s003965_shovill_contig00002_691	25	236	130	10	208	438	176	369	1.49E-04	47
ISBlo15	lane122s000538_bin.1.p_NODE_14_length_147494_cov_164.393510_48	25	236	130	10	208	438	176	369	1.49E-04	47
ISBlo15	lane122s000521_bin.1.s_NODE_25_length_59885_cov_142.921415_5	25.8	229	132	10	208	435	176	367	1.97E-04	46.6
ISBlo15	lane122s000541_shovill_contig00015_49	24.1	228	137	7	208	435	176	367	1.97E-04	46.6
ISBlo15	lane121s003971_bin.1.s_NODE_1_length_1525267_cov_97.535093_1441	23.5	153	93	3	285	435	234	364	1.98E-04	46.6
ISBlo15	lane122s000521_bin.1.s_NODE_5_length_284502_cov_90.613058_126	21.2	226	141	6	212	435	175	365	1.98E-04	46.6
ISBlo15	lane821s003035_bin.1.p_NODE_1_length_1547047_cov_986.860280_7	23.9	230	129	9	208	432	176	364	2.61E-04	46.2
ISBlo15	lane122s000532_bin.1.p_NODE_18_length_2679_cov_9.553805_2	25	228	135	7	208	435	176	367	3.46E-04	45.8
ISBlo15	lane122s000541_shovill_contig00021_32	23.1	229	138	8	208	435	176	367	3.46E-04	45.8
ISBlo15	lane122s000544_bin.1.s_NODE_1_length_2128098_cov_95.834538_26	23.1	229	138	8	208	435	176	367	3.46E-04	45.8
ISBlo15	lane821s003040_bin.1.o_k141_93-flag_0-multi_827.7126-len_178939_146	23.9	134	70	4	298	427	7	112	4.23E-04	43.1
ISBlo15	lane121s003979_bin.1.s_NODE_27_length_32207_cov_109.276315_5	25.2	230	132	10	208	435	176	367	4.59E-04	45.4
ISBlo15	lane121s003980_megahit_k141_48-flag=0-multi=172.2531-len=14798_4	25.2	230	132	10	208	435	176	367	4.59E-04	45.4
ISBlo15	lane121s003978_shovill_contig00037_15	24.5	229	135	9	208	435	176	367	6.08E-04	45.1
ISBlo15	lane122s000522_shovill_contig00013_115	24.9	229	134	9	208	435	176	367	8.06E-04	44.7
ISBlo15	lane122s000524_shovill_contig00021_4	23.1	229	138	8	208	435	176	367	8.06E-04	44.7
ISVch3	lane122s000607_bin.1.p_NODE_388_length_4429_cov_3.072840_2	45.2	516	274	5	1	510	1	513	6.60E-148	436
ISVch3	lane122s000607_bin.1.p_NODE_2140_length_1545_cov_2.756812_1	46.1	492	257	4	1	487	1	489	3.05E-146	431
ISVch3	lane122s000605_bin.3.p_NODE_194_length_5206_cov_2.378046_5	44.1	513	282	4	1	509	1	512	1.42E-141	420
ISVch3	lane122s000607_bin.1.p_NODE_1126_length_2463_cov_2.224225_2	43.5	513	285	4	1	509	1	512	6.88E-139	413
ISVch3	lane122s000536_megahit_k141_44-flag=0-multi=194.9695-len=152633_93	42.1	522	286	5	1	510	1	518	4.28E-137	408
ISVch3	lane122s000605_bin.3.p_NODE_1358_length_1873_cov_2.682071_1	46.7	424	223	3	89	510	2	424	4.69E-128	382
ISVch3	lane122s000601_bin.1.o_k141_361387-flag_1-multi_4.0000-len_4154_3	41.8	526	279	8	5	505	4	527	1.08E-125	380
ISVch3	lane122s000536_megahit_k141_71-flag=0-multi=497.2913-len=2348_2	42.2	505	284	5	8	509	1	500	3.86E-125	377
ISVch3	lane122s000521_bin.2.p_NODE_16_length_118837_cov_11.387715_103	39	513	305	6	2	510	3	511	2.37E-123	373
ISVch3	lane122s000607_bin.1.p_NODE_1982_length_1676_cov_2.801126_2	46.2	416	221	3	96	509	1	415	1.53E-121	365
ISVch3	lane122s000601_bin.1.o_k141_461511-flag_0-multi_13.0000-len_2952_2	37.2	521	312	7	1	510	1	517	1.97E-108	335
ISVch3	lane122s000600_bin.3.p_NODE_101_length_6716_cov_5.210122_9	43.7	371	202	3	5	369	4	373	2.93E-95	296
ISVch3	lane122s000600_bin.4.o_k141_357847-flag_1-multi_8.0000-len_4713_5	33.7	507	319	7	8	509	1	495	1.12E-78	257
ISVch3	lane122s000601_bin.4.o_k141_656911-flag_1-multi_6.0000-len_12943_5	33.8	479	302	6	8	480	1	470	2.03E-74	246
ISVch3	lane122s000600_bin.3.p_NODE_353_length_2823_cov_3.695921_1	32.9	519	331	8	1	509	1	512	6.66E-74	245
ISVch3	lane122s000540_bin.1.p_NODE_121_length_14054_cov_16.919439_1	44.7	264	144	2	1	262	1	264	5.52E-63	210
ISVch3	lane122s000527_megahit_k141_37-flag=1-multi=194.0000-len=181245_9	29.7	482	328	8	24	499	16	492	2.85E-52	187
ISVch3	lane122s000607_bin.1.p_NODE_2706_length_851_cov_3.236434_1	40.7	231	134	2	1	229	1	230	2.83E-50	174
ISVch3	lane122s000540_bin.1.p_NODE_16_length_120641_cov_15.527181_102	40.8	213	120	3	1	212	1	208	1.17E-41	150
ISVch3	lane122s000607_bin.3.o_k141_606982-flag_1-multi_1.8649-len_1918_1	31.2	365	232	10	140	496	37	390	1.35E-35	140
ISVch3	lane122s000606_bin.3.o_k141_424232-flag_0-multi_4.0000-len_2194_2	31	365	234	9	140	496	125	479	1.91E-35	141
ISVch3	lane122s000521_bin.2.p_NODE_6_length_288160_cov_12.578424_126	35.4	192	122	2	321	510	1	192	6.81E-34	129
ISVch3	lane122s000600_bin.4.o_k141_100998-flag_1-multi_2.3717-len_1755_2	29.2	359	222	11	122	461	21	366	1.23E-26	114
ISVch3	lane122s000601_bin.1.o_k141_118245-flag_1-multi_2.0000-len_2692_1	27.9	362	230	13	122	465	111	459	3.64E-23	105
ISVch3	lane122s000600_bin.3.p_NODE_101_length_6716_cov_5.210122_4	40.9	137	74	4	375	505	21	156	3.85E-21	93.2
ISVch3	lane122s000607_bin.1.p_NODE_970_length_2706_cov_2.294789_3	27.5	324	221	7	163	481	136	450	5.25E-21	98.6
ISVch3	lane122s000607_bin.1.p_NODE_237_length_5286_cov_4.213093_4	25.5	321	231	4	163	481	136	450	9.16E-21	98.2
ISVch3	lane122s000607_bin.1.p_NODE_616_length_3553_cov_3.020138_2	26	323	227	6	163	481	37	351	1.13E-19	94
ISVch3	lane122s000605_bin.3.p_NODE_57_length_7816_cov_2.034630_6	26.5	321	228	4	163	481	136	450	1.61E-19	94.4
ISVch3	lane122s000601_bin.1.o_k141_21327-flag_1-multi_3.0000-len_2373_2	28.7	261	174	4	163	416	140	395	1.26E-17	88.6
ISVch3	lane122s000607_bin.1.p_NODE_436_length_4236_cov_2.366434_3	24.6	321	234	4	163	481	56	370	1.05E-16	85.1
ISVch3	lane122s000540_bin.1.p_NODE_77_length_31333_cov_16.431085_38	32.4	142	83	3	122	251	128	268	2.62E-12	70.1
ISVch3	lane121s003953_shovill_contig00013_18	24.8	246	164	5	142	384	158	385	3.43E-12	72
ISVch3	lane821s003041_shovill_contig00014_18	24.8	246	164	5	142	384	158	385	3.43E-12	72
ISVch3	lane122s000607_bin.1.p_NODE_415_length_4312_cov_3.619599_1	50	54	26	1	391	443	1	54	5.29E-12	63.5
ISVch3	lane122s000602_bin.1.o_k141_376401-flag_1-multi_9.0000-len_2898_2	26.9	212	137	6	185	384	158	363	3.48E-09	62
ISVch3	lane121s003960_shovill_contig00094_2	27.1	229	153	7	160	381	162	383	5.77E-09	61.2
ISVch3	lane821s003044_shovill_contig00050_35	23.4	320	231	8	70	382	47	359	1.69E-07	56.6
ISVch3	lane122s000523_bin.1.p_NODE_52_length_34952_cov_104.655369_35	23.4	320	231	8	70	382	92	404	1.85E-07	56.6
ISVch3	lane121s003995_shovill_contig00050_2	23.1	234	170	5	167	396	137	364	2.17E-07	56.2
ISVch3	lane122s000521_bin.2.p_NODE_8_length_257819_cov_11.309069_61	22.3	233	173	4	167	396	78	305	2.38E-07	55.8
ISVch3	lane122s000605_bin.2.o_k141_294061-flag_0-multi_6.9615-len_19307_1	24.7	223	164	3	163	384	144	363	1.60E-06	53.5
ISVch3	lane122s000520_bin.1.p_NODE_5_length_188628_cov_32.334965_2	26.4	227	159	6	160	383	141	362	5.57E-06	52
ISVch3	lane121s003995_shovill_contig00055_1	26.2	233	150	7	161	383	146	366	1.70E-05	50.4
ISVch3	lane122s000601_bin.6.o_k141_45318-flag_1-multi_3.0000-len_2859_2	24.9	358	234	15	125	466	109	447	5.12E-05	48.9
ISVch3	lane122s000605_bin.3.p_NODE_1516_length_1712_cov_1.070948_1	19	247	180	4	229	459	1	243	5.46E-05	48.1
ISVch3	lane122s000600_bin.2.o_k141_535101-flag_1-multi_2.0000-len_2054_2	28.1	167	106	6	125	284	109	268	1.56E-04	47.4
ISVch3	lane122s000602_bin.1.o_k141_758326-flag_1-multi_8.0000-len_4522_4	25.9	255	175	6	135	383	133	379	2.14E-04	47
ISVch3	lane122s000535_bin.1.p_NODE_10_length_152775_cov_135.853921_26	25.7	269	185	9	135	396	129	389	3.76E-04	46.2
ISVch3	lane122s000602_bin.1.o_k141_644751-flag_1-multi_7.0000-len_2163_2	24	258	177	8	134	383	110	356	4.25E-04	45.8
ISXax1	lane122s000536_megahit_k141_143-flag=0-multi=243.0000-len=1213_1	52.8	400	184	3	7	404	3	399	2.83E-147	426
ISXax1	lane122s000602_bin.1.o_k141_500283-flag_0-multi_4.9865-len_3694_3	46.8	408	205	4	7	405	22	426	1.59E-133	392
ISXax1	lane122s000601_bin.7.o_k141_664279-flag_1-multi_3.1426-len_3115_2	48.4	397	189	4	26	406	41	437	4.53E-130	384
ISXax1	lane122s000602_bin.1.o_k141_95009-flag_0-multi_7.9442-len_3151_1	46.8	389	195	3	26	405	37	422	2.20E-127	376
ISXax1	lane122s000602_bin.1.o_k141_471388-flag_0-multi_6.1014-len_1769_2	46.8	389	195	3	26	405	99	484	4.01E-127	378
ISXax1	lane121s003971_bin.1.s_NODE_8_length_127168_cov_92.855828_3	40.7	391	227	5	11	399	12	399	2.00E-106	322
ISXax1	lane121s003976_shovill_contig00065_1	41.1	321	144	3	88	407	1	277	2.13E-82	256
ISXax1	lane121s003977_shovill_contig00063_1	41.1	321	144	3	88	407	1	277	2.13E-82	256
ISXax1	lane122s000540_bin.1.p_NODE_83_length_27953_cov_16.676568_1	56.9	204	87	1	202	404	35	238	1.35E-79	248
ISXax1	lane121s003976_shovill_contig00020_66	34.5	333	217	1	38	370	27	358	7.64E-70	228
ISXax1	lane121s003977_shovill_contig00020_24	34.5	333	217	1	38	370	27	358	7.64E-70	228
ISXax1	lane121s003976_shovill_contig00039_35	33.9	333	219	1	38	370	27	358	7.14E-67	220
ISXax1	lane121s003977_shovill_contig00038_3	33.9	333	219	1	38	370	27	358	7.14E-67	220
ISXax1	lane121s003976_shovill_contig00104_1	35.1	296	191	1	75	370	2	296	4.39E-61	203
ISXax1	lane121s003977_shovill_contig00103_1	35.1	296	191	1	75	370	2	296	4.39E-61	203
ISXax1	lane122s000602_bin.1.o_k141_705932-flag_0-multi_4.2964-len_3697_3	49.5	184	93	0	26	209	38	221	1.40E-58	194
ISXax1	lane121s003976_shovill_contig00045_44	33.4	311	188	2	45	355	125	416	3.38E-58	198
ISXax1	lane121s003977_shovill_contig00043_3	33.4	311	188	2	45	355	125	416	3.38E-58	198
ISXax1	lane122s000607_bin.1.p_NODE_3146_length_543_cov_1.643777_1	55.7	140	62	0	266	405	1	140	1.99E-52	174
ISXax1	lane121s003960_shovill_contig00014_98	24.9	361	266	4	31	387	24	383	2.36E-38	145
ISXax1	lane122s000606_bin.2.s_NODE_906_length_1730_cov_2.109498_1	25.9	359	263	3	28	385	16	372	4.52E-36	139
ISXax1	lane122s000602_bin.1.o_k141_772142-flag_1-multi_4.0043-len_4359_1	28.3	361	245	7	32	384	25	379	1.56E-35	137
ISXax1	lane121s003995_shovill_contig00042_8	24	359	270	3	28	385	16	372	3.11E-34	134
ISXax1	lane122s000604_bin.2.o_k141_299851-flag_1-multi_1.0000-len_1588_1	26.5	362	257	5	28	385	16	372	8.77E-34	133
ISXax1	lane122s000601_bin.7.o_k141_588144-flag_1-multi_5.0000-len_1810_2	26.5	366	262	6	24	384	15	378	1.02E-32	130
ISXax1	lane122s000540_bin.1.p_NODE_122_length_13485_cov_16.178401_13	26.3	372	256	9	27	383	17	385	7.66E-32	127
ISXax1	lane122s000540_bin.1.p_NODE_45_length_53587_cov_18.468342_24	26.1	372	257	9	27	383	17	385	2.57E-30	123
ISXax1	lane122s000521_bin.2.p_NODE_7_length_282703_cov_10.347594_209	23.2	357	267	4	32	385	20	372	4.88E-30	122
ISXax1	lane821s003043_bin.1.s_NODE_22_length_1311_cov_6250.410859_1	23.7	371	272	5	23	383	21	390	1.55E-27	115
ISXax1	lane121s003976_shovill_contig00022_7	49.4	81	41	0	79	159	2	82	2.74E-23	95.5
ISXax1	lane121s003977_shovill_contig00021_7	49.4	81	41	0	79	159	2	82	2.74E-23	95.5
ISXax1	lane122s000601_bin.2.o_k141_136274-flag_1-multi_4.0000-len_1941_2	23.4	338	247	6	45	377	47	377	5.18E-23	102
ISXax1	lane122s000521_bin.2.p_NODE_44_length_719_cov_21.509346_1	26.5	219	160	1	154	371	1	219	8.23E-23	99
ISXax1	lane122s000521_bin.2.p_NODE_8_length_257819_cov_11.309069_283	30.3	152	104	2	24	174	14	164	4.68E-16	78.2
ISXax1	lane122s000605_bin.3.p_NODE_1900_length_1108_cov_1.154219_2	64.3	42	15	0	251	292	1	42	1.03E-10	59.7
ISXax1	lane122s000606_bin.2.s_NODE_1231_length_1058_cov_1.725790_1	24.1	170	127	2	28	196	16	184	6.42E-09	58.2
ISXax1	lane121s003995_shovill_contig00020_5	29.5	88	62	0	188	275	5	92	9.52E-09	55.5
ISXax1	lane122s000606_bin.1.o_k141_164194-flag_1-multi_3.0000-len_2329_1	23.5	200	150	2	67	263	12	211	1.24E-08	57.8
ISXax1	lane122s000606_bin.1.o_k141_21589-flag_1-multi_4.0000-len_2719_1	24.2	124	94	0	260	383	2	125	7.59E-08	53.9
ISXax1	lane121s003976_shovill_contig00187_1	35.5	62	40	0	38	99	12	73	1.11E-07	51.6
ISXax1	lane121s003977_shovill_contig00193_1	35.5	62	40	0	38	99	12	73	1.11E-07	51.6
ISXax1	lane122s000604_bin.1.o_k141_40192-flag_1-multi_1.0000-len_1628_4	26.6	128	94	0	225	352	1	128	1.32E-07	53.1
ISXax1	lane122s000536_megahit_k141_91-flag=0-multi=170.2742-len=2519_1	50	42	21	0	363	404	1	42	4.82E-06	46.2
ISXax1	lane122s000536_megahit_k141_114-flag=0-multi=183.9681-len=68927_1	50	42	21	0	363	404	1	42	4.82E-06	46.2
ISXax1	lane122s000604_bin.1.o_k141_40192-flag_1-multi_1.0000-len_1628_2	27.1	107	76	2	45	150	50	155	1.47E-05	48.1
ISXax1	lane121s003995_shovill_contig00020_6	28.1	89	64	0	283	371	4	92	1.64E-05	47
ISVch4	lane122s000600_bin.2.o_k141_173951-flag_1-multi_2.0000-len_1827_2	37.8	283	170	3	113	391	2	282	1.87E-55	187
ISVch4	lane121s003972_bin.2.s_NODE_1078_length_1315_cov_2.899031_1	67.5	114	37	0	188	301	1	114	4.29E-52	173
ISVch4	lane122s000540_bin.1.p_NODE_56_length_44166_cov_15.693529_28	35.2	270	172	2	122	388	11	280	3.83E-49	171
ISVch4	lane122s000606_bin.1.o_k141_179824-flag_1-multi_4.0000-len_2670_3	36	278	172	3	113	386	2	277	3.22E-48	168
ISVch4	lane122s000516_shovill_contig00005_85	34.7	271	170	3	129	393	1	270	3.89E-47	165
ISVch4	lane121s003976_shovill_contig00063_10	40.5	222	131	1	173	393	8	229	4.15E-47	163
ISVch4	lane121s003977_shovill_contig00061_11	40.5	222	131	1	173	393	8	229	4.15E-47	163
ISVch4	lane121s003971_bin.1.s_NODE_1_length_1525267_cov_97.535093_1382	34.6	266	168	4	108	368	4	268	3.07E-46	163
ISVch4	lane122s000606_bin.2.s_NODE_1188_length_1159_cov_0.646026_2	31.6	288	193	3	117	401	6	292	8.45E-46	162
ISVch4	lane121s003995_shovill_contig00060_2	37.1	280	172	3	114	391	5	282	5.32E-45	159
ISVch4	lane121s003976_shovill_contig00006_25	41.1	207	121	1	188	393	1	207	9.84E-45	156
ISVch4	lane121s003977_shovill_contig00009_25	41.1	207	121	1	188	393	1	207	9.84E-45	156
ISVch4	lane121s003960_shovill_contig00023_19	33.3	285	181	3	129	404	1	285	3.54E-44	157
ISVch4	lane122s000521_bin.1.s_NODE_51_length_1190_cov_269.006289_2	33.8	266	170	4	108	368	4	268	7.29E-44	156
ISVch4	lane122s000601_bin.4.o_k141_12566-flag_1-multi_3.9908-len_8986_9	35.8	254	161	2	117	368	6	259	6.42E-43	154
ISVch4	lane122s000601_bin.1.o_k141_219479-flag_0-multi_5.9982-len_2888_3	35.8	265	163	5	130	390	18	279	1.55E-42	153
ISVch4	lane121s003958_shovill_contig00044_1	32.1	293	186	7	104	388	4	291	8.61E-41	149
ISVch4	lane122s000602_bin.1.o_k141_625592-flag_1-multi_6.0000-len_1891_2	33.1	278	175	4	125	395	25	298	3.80E-40	147
ISVch4	lane122s000600_bin.4.o_k141_224607-flag_1-multi_4.0000-len_1636_3	33.9	289	181	5	120	401	1	286	1.93E-38	142
ISVch4	lane122s000602_bin.1.o_k141_582784-flag_1-multi_2.0000-len_1941_2	33.7	258	166	3	125	378	25	281	2.90E-38	142
ISVch4	lane122s000603_bin.2.s_NODE_10_length_22509_cov_2.602889_8	36.5	260	156	4	124	378	5	260	4.87E-38	141
ISVch4	lane122s000540_bin.1.p_NODE_22_length_97216_cov_16.120693_7	32	272	178	4	126	393	10	278	1.66E-37	140
ISVch4	lane122s000600_bin.4.o_k141_485316-flag_1-multi_7.0000-len_40523_26	42.4	172	99	0	224	395	7	178	2.44E-37	136
ISVch4	lane122s000601_bin.5.o_k141_629696-flag_0-multi_10.0000-len_78965_38	42.4	172	99	0	224	395	7	178	2.44E-37	136
ISVch4	lane122s000537_shovill_contig00002_263	36.1	233	146	3	158	388	13	244	8.54E-37	137
ISVch4	lane121s003978_shovill_contig00052_7	35.1	268	165	6	128	388	1	266	1.45E-36	137
ISVch4	lane122s000538_bin.1.p_NODE_46_length_2339_cov_13.050840_1	34.1	214	139	2	156	368	1	213	9.06E-35	131
ISVch4	lane121s003963_shovill_contig00001_1487	35.5	217	137	2	173	386	25	241	5.13E-34	129
ISVch4	lane122s000524_shovill_contig00015_63	34.1	258	164	5	131	386	2	255	6.88E-34	129
ISVch4	lane121s003963_shovill_contig00003_245	35.5	217	137	2	173	386	25	241	9.96E-34	129
ISVch4	lane122s000537_shovill_contig00026_1	31.6	263	174	5	126	386	1	259	2.84E-33	128
ISVch4	lane122s000601_bin.7.o_k141_177734-flag_1-multi_8.0000-len_3629_3	31.9	288	187	4	115	394	2	288	4.83E-33	128
ISVch4	lane121s003960_shovill_contig00068_1	31.2	276	188	2	119	392	2	277	5.23E-33	127
ISVch4	lane122s000541_shovill_contig00011_71	30.3	254	174	3	116	368	1	252	1.35E-32	126
ISVch4	lane821s003038_bin.1.o_k141_181-flag_0-multi_1912.0000-len_46121_1	34.3	233	150	3	137	368	3	233	3.12E-32	124
ISVch4	lane122s000539_shovill_contig00020_36	34.3	233	150	3	137	368	3	233	3.22E-32	125
ISVch4	lane122s000601_bin.5.o_k141_474300-flag_1-multi_9.7732-len_18650_6	31.6	272	180	4	124	391	13	282	7.31E-32	125
ISVch4	lane121s003953_shovill_contig00047_2	31.8	245	162	4	126	368	1	242	7.52E-32	124
ISVch4	lane821s003041_shovill_contig00049_2	31.8	245	162	4	126	368	1	242	7.52E-32	124
ISVch4	lane121s003958_shovill_contig00014_53	32.1	262	172	4	113	371	7	265	1.61E-31	124
ISVch4	lane121s003979_bin.1.s_NODE_28_length_31201_cov_104.976867_19	40	145	86	1	224	368	5	148	2.44E-31	120
ISVch4	lane121s003980_megahit_k141_149-flag=0-multi=169.8264-len=23499_8	40	145	86	1	224	368	5	148	2.44E-31	120
ISVch4	lane121s003972_bin.2.s_NODE_191_length_4106_cov_3.346736_5	71.4	84	24	0	18	101	3	86	2.95E-31	117
ISVch4	lane121s003953_shovill_contig00001_621	31.2	266	181	2	129	392	1	266	5.66E-31	122
ISVch4	lane122s000537_shovill_contig00027_1	31.4	274	173	6	120	388	1	264	5.66E-31	122
ISVch4	lane821s003041_shovill_contig00002_7	31.2	266	181	2	129	392	1	266	5.66E-31	122
ISVch4	lane122s000607_bin.1.p_NODE_2045_length_1624_cov_1.694893_2	30.9	285	177	10	120	399	2	271	8.80E-31	121
ISVch4	lane121s003996_shovill_contig00030_1	31.8	264	166	6	113	371	2	256	7.31E-30	119
ISVch4	lane121s003953_shovill_contig00049_1	31.1	257	164	6	126	371	2	256	1.23E-29	118
ISVch4	lane821s003041_shovill_contig00051_1	31.1	257	164	6	126	371	2	256	1.23E-29	118
ISVch4	lane122s000541_shovill_contig00024_45	33.8	260	155	8	126	371	2	258	1.95E-29	118
ISVch4	lane121s003968_megahit_k141_108-flag=0-multi=258.8355-len=37780_15	34.2	260	154	8	126	371	2	258	3.74E-29	117
ISVch4	lane122s000601_bin.1.o_k141_490916-flag_1-multi_3.0000-len_2597_4	38	158	98	0	233	390	57	214	1.49E-28	114
ISVch4	lane121s003953_shovill_contig00013_16	33.5	242	156	4	129	368	3	241	2.70E-28	114
ISVch4	lane821s003041_shovill_contig00014_16	33.5	242	156	4	129	368	3	241	2.70E-28	114
ISVch4	lane122s000521_bin.2.p_NODE_11_length_225616_cov_11.123393_146	31	248	163	6	142	389	25	264	3.14E-28	114
ISVch4	lane121s003958_shovill_contig00006_191	30.7	300	186	9	92	371	1	298	6.74E-28	114
ISVch4	lane122s000602_bin.1.o_k141_576825-flag_0-multi_3.2947-len_2306_2	29.7	286	193	7	113	391	3	287	1.25E-27	113
ISVch4	lane122s000529_megahit_k141_400-flag=0-multi=15.0000-len=5546_3	30.1	286	181	8	112	388	6	281	1.48E-27	113
ISVch4	lane122s000539_shovill_contig00091_2	30.1	286	181	8	112	388	6	281	1.48E-27	113
ISVch4	lane121s003976_shovill_contig00004_145	30	283	182	6	129	401	1	277	2.01E-27	113
ISVch4	lane121s003977_shovill_contig00005_54	30	283	182	6	129	401	1	277	2.01E-27	113
ISVch4	lane121s003963_shovill_contig00001_1774	35.3	187	119	2	185	371	24	208	2.15E-27	111
ISVch4	lane122s000537_shovill_contig00029_1	34.3	236	141	8	119	341	1	235	3.34E-27	110
ISVch4	lane121s003960_shovill_contig00098_1	31.4	261	158	8	126	371	198	452	4.51E-27	115
ISVch4	lane121s003964_megahit_k141_77-flag=1-multi=352.9859-len=598219_301	29.5	254	172	3	116	368	1	248	5.83E-27	111
ISVch4	lane821s003042_shovill_contig00002_279	29.5	254	172	3	116	368	1	248	5.83E-27	111
ISVch4	lane121s003964_megahit_k141_37-flag=0-multi=311.3333-len=968611_99	32.2	208	138	3	170	376	35	240	5.86E-27	110
ISVch4	lane821s003042_shovill_contig00001_2263	32.2	208	138	3	170	376	35	240	5.86E-27	110
ISVch4	lane121s003976_shovill_contig00075_4	28.5	260	176	5	129	386	1	252	2.29E-26	109
ISVch4	lane121s003977_shovill_contig00073_4	28.5	260	176	5	129	386	1	252	2.29E-26	109
ISVch4	lane122s000605_bin.2.o_k141_374379-flag_1-multi_1.0000-len_1650_3	31.2	260	170	6	130	389	23	273	2.44E-26	110
ISVch4	lane122s000529_megahit_k141_189-flag=0-multi=14.0000-len=2619_2	32.4	244	156	5	129	368	3	241	2.54E-26	109
ISVch4	lane122s000539_shovill_contig00090_2	32	259	161	7	126	371	2	258	3.38E-26	109
ISVch4	lane821s003038_bin.1.o_k141_236-flag_0-multi_1863.0730-len_142823_138	32	259	161	7	126	371	2	258	3.38E-26	109
ISVch4	lane122s000519_bin.1.s_NODE_89_length_1434_cov_28.022108_2	32.4	244	156	5	129	368	3	241	3.51E-26	108
ISVch4	lane121s003976_shovill_contig00016_12	28.6	245	166	4	129	371	1	238	4.36E-26	108
ISVch4	lane121s003977_shovill_contig00016_84	28.6	245	166	4	129	371	1	238	4.36E-26	108
ISVch4	lane122s000541_shovill_contig00011_101	38.2	165	100	2	185	349	9	171	4.61E-26	105
ISVch4	lane122s000530_shovill_contig00036_2	33.9	227	128	7	135	345	5	225	7.37E-26	108
ISVch4	lane121s003976_shovill_contig00020_89	28.2	245	167	4	129	371	1	238	8.33E-26	107
ISVch4	lane121s003976_shovill_contig00011_9	28.5	260	176	5	129	386	1	252	4.18E-25	105
ISVch4	lane121s003977_shovill_contig00001_9	28.5	260	176	5	129	386	1	252	4.18E-25	105
ISVch4	lane122s000601_bin.7.o_k141_664279-flag_1-multi_3.1426-len_3115_3	30.4	289	180	6	126	401	16	296	4.18E-25	106
ISVch4	lane121s003952_megahit_k141_13-flag=0-multi=303.4337-len=1469_1	37.7	175	107	2	197	371	1	173	4.49E-25	103
ISVch4	lane121s003965_shovill_contig00039_21	37.7	175	107	2	197	371	1	173	4.49E-25	103
ISVch4	lane122s000519_bin.1.s_NODE_18_length_76283_cov_9.724261_1	36.6	175	109	2	195	368	8	181	5.52E-25	104
ISVch4	lane122s000536_megahit_k141_16-flag=0-multi=232.0000-len=1611_1	28.2	344	228	6	22	347	120	462	5.91E-25	109
ISVch4	lane122s000601_bin.7.o_k141_258019-flag_1-multi_3.0000-len_1811_1	30.2	232	155	3	173	400	11	239	7.04E-25	104
ISVch4	lane122s000521_bin.1.s_NODE_47_length_1446_cov_437.130022_1	32.5	234	144	6	126	347	2	233	1.07E-24	105
ISVch4	lane121s003952_megahit_k141_166-flag=0-multi=246.9501-len=122672_1	34	188	122	2	184	371	35	220	1.39E-24	103
ISVch4	lane121s003965_shovill_contig00070_1	34	188	122	2	184	371	35	220	1.39E-24	103
ISVch4	lane122s000606_bin.3.o_k141_31717-flag_1-multi_2.0000-len_1682_2	31.4	223	152	1	173	394	67	289	1.56E-24	105
ISVch4	lane122s000538_bin.1.p_NODE_6_length_367413_cov_147.027620_34	34	188	122	2	184	371	35	220	1.85E-24	103
ISVch4	lane121s003952_megahit_k141_162-flag=0-multi=1547.0000-len=1430_2	32.2	236	142	7	126	347	2	233	2.85E-24	103
ISVch4	lane121s003965_shovill_contig00068_2	32.2	236	142	7	126	347	2	233	2.85E-24	103
ISVch4	lane122s000538_bin.1.p_NODE_67_length_1500_cov_499.126493_2	32.2	236	142	7	126	347	2	233	2.85E-24	103
ISVch4	lane122s000605_bin.3.p_NODE_744_length_2762_cov_2.667412_4	30.2	255	168	6	125	379	18	262	3.78E-24	103
ISVch4	lane121s003980_megahit_k141_21-flag=0-multi=273.0000-len=1112_2	33.5	188	123	2	184	371	35	220	4.12E-24	102
ISVch4	lane121s003978_shovill_contig00052_5	31.5	260	161	7	126	371	2	258	4.82E-24	103
ISVch4	lane121s003979_bin.1.s_NODE_53_length_1316_cov_309.990315_1	33.5	188	123	2	184	371	35	220	6.71E-24	102
ISVch4	lane122s000605_bin.3.p_NODE_682_length_2961_cov_4.117198_2	28.3	265	180	6	115	379	1	255	8.62E-24	102
ISVch4	lane821s003040_bin.1.o_k141_141-flag_0-multi_623.9636-len_411142_241	30.8	276	160	11	126	381	2	266	1.08E-23	102
ISVch4	lane122s000606_bin.1.o_k141_554708-flag_1-multi_3.0000-len_3642_2	29.5	254	177	2	113	364	2	255	1.21E-23	102
ISVch4	lane122s000521_bin.1.s_NODE_1_length_1184269_cov_106.342662_395	33	188	124	2	184	371	38	223	1.36E-23	101
ISVch4	lane122s000541_shovill_contig00011_40	31.4	236	144	7	126	347	2	233	2.23E-23	100
ISVch4	lane121s003978_shovill_contig00002_139	33.5	188	123	2	184	371	35	220	2.43E-23	100
ISVch4	lane122s000607_bin.1.p_NODE_3278_length_505_cov_2.936916_1	37.9	153	90	4	236	387	12	160	5.37E-23	97.4
ISVch4	lane122s000540_bin.1.p_NODE_46_length_52590_cov_17.096129_31	29	255	172	5	135	389	19	264	6.43E-23	100
ISVch4	lane122s000540_bin.1.p_NODE_197_length_1205_cov_58.604610_1	30.2	255	169	6	135	389	19	264	7.89E-23	99.8
ISVch4	lane122s000607_bin.1.p_NODE_354_length_4609_cov_3.438879_7	32.4	207	134	4	173	379	15	215	4.62E-22	96.7
ISVch4	lane122s000600_bin.3.p_NODE_393_length_2582_cov_2.027944_2	27.7	303	177	8	126	403	10	295	4.76E-22	98.2
ISVch4	lane821s003038_bin.1.o_k141_98-flag_0-multi_1955.0000-len_72914_57	38.5	135	82	1	242	376	3	136	7.61E-22	94
ISVch4	lane121s003964_megahit_k141_73-flag=0-multi=308.3876-len=1381611_968	35.7	168	102	4	208	371	15	180	9.16E-22	95.1
ISVch4	lane821s003042_shovill_contig00001_984	35.7	168	102	4	208	371	15	180	9.16E-22	95.1
ISVch4	lane122s000530_shovill_contig00042_2	34	206	133	3	184	388	2	205	4.12E-21	93.6
ISVch4	lane121s003953_shovill_contig00044_2	28	246	167	5	145	382	3	246	8.16E-21	93.6
ISVch4	lane821s003041_shovill_contig00045_2	28	246	167	5	145	382	3	246	8.16E-21	93.6
ISVch4	lane121s003968_megahit_k141_146-flag=0-multi=290.9836-len=423401_179	38.8	116	70	1	253	368	15	129	1.21E-19	87.8
ISVch4	lane122s000539_shovill_contig00063_15	34.9	146	95	0	223	368	27	172	2.61E-19	88.2
ISVch4	lane122s000539_shovill_contig00104_1	30.6	186	126	3	128	312	2	185	4.94E-19	87
ISVch4	lane122s000540_bin.1.p_NODE_107_length_18122_cov_17.054807_18	32	197	131	3	195	388	6	202	8.54E-19	87
ISVch4	lane821s003038_bin.1.o_k141_165-flag_0-multi_1582.5802-len_45367_49	36.1	133	85	0	236	368	2	134	9.98E-19	85.5
ISVch4	lane122s000605_bin.2.o_k141_271484-flag_0-multi_9.0000-len_7427_2	30.2	252	166	7	137	388	5	246	1.18E-18	87.8
ISVch4	lane122s000530_shovill_contig00036_4	28.6	238	162	6	155	388	1	234	7.24E-18	85.1
ISVch4	lane121s003953_shovill_contig00039_6	34.5	174	111	3	195	368	65	235	9.37E-18	84.7
ISVch4	lane821s003041_shovill_contig00039_6	34.5	174	111	3	195	368	65	235	9.37E-18	84.7
ISVch4	lane122s000600_bin.5.s_NODE_587_length_1881_cov_2.543792_2	30.2	212	139	5	184	391	20	226	1.75E-17	84
ISVch4	lane121s003976_shovill_contig00038_50	32.2	143	93	2	226	367	1	140	2.45E-17	82.4
ISVch4	lane121s003977_shovill_contig00037_50	32.2	143	93	2	226	367	1	140	2.45E-17	82.4
ISVch4	lane121s003963_shovill_contig00001_1053	25.9	193	133	4	117	304	1	188	8.44E-17	80.9
ISVch4	lane121s003996_shovill_contig00031_1	34.3	143	91	1	205	347	21	160	8.95E-17	81.3
ISVch4	lane121s003976_shovill_contig00027_60	33.6	134	85	2	214	346	57	187	1.48E-16	80.1
ISVch4	lane121s003977_shovill_contig00027_60	33.6	134	85	2	214	346	57	187	1.48E-16	80.1
ISVch4	lane122s000516_shovill_contig00030_1	33.8	130	86	0	239	368	2	131	1.80E-16	79
ISVch4	lane821s003040_bin.1.o_k141_140-flag_0-multi_1157.8536-len_189759_2	29.1	206	141	4	129	332	3	205	2.67E-16	80.1
ISVch4	lane122s000540_bin.1.p_NODE_62_length_39349_cov_16.939422_4	34.8	138	83	4	173	305	5	140	3.14E-16	78.2
ISVch4	lane121s003976_shovill_contig00032_11	31.5	168	104	4	211	371	9	172	6.01E-16	78.6
ISVch4	lane121s003977_shovill_contig00032_11	31.5	168	104	4	211	371	9	172	6.01E-16	78.6
ISVch4	lane122s000521_bin.1.s_NODE_5_length_284502_cov_90.613058_98	49.4	77	38	1	295	371	3	78	6.16E-16	75.9
ISVch4	lane122s000515_shovill_contig00001_1659	30.5	174	115	3	205	376	20	189	8.73E-16	78.2
ISVch4	lane122s000517_bin.1.p_NODE_6_length_175637_cov_63.035361_113	26	254	179	6	125	376	2	248	1.56E-15	79
ISVch4	lane122s000519_bin.2.s_NODE_13_length_45564_cov_67.506628_14	26	254	179	6	125	376	2	248	1.56E-15	79
ISVch4	lane121s003954_shovill_contig00050_1	31.3	166	108	3	213	376	7	168	2.42E-15	76.6
ISVch4	lane122s000516_shovill_contig00008_89	28.4	261	170	7	142	388	2	259	5.51E-15	77.4
ISVch4	lane122s000530_shovill_contig00073_1	29.6	199	135	4	116	312	23	218	3.14E-14	74.3
ISVch4	lane122s000539_shovill_contig00105_1	29.1	175	121	3	128	301	2	174	4.16E-14	72.8
ISVch4	lane121s003963_shovill_contig00001_1055	36.5	115	72	1	257	371	1	114	6.41E-14	71.2
ISVch4	lane122s000604_bin.1.o_k141_234186-flag_1-multi_2.0000-len_2600_3	33.6	137	86	3	173	309	15	146	8.27E-14	72.8
ISVch4	lane122s000537_shovill_contig00001_268	46.5	71	38	0	298	368	56	126	1.30E-13	70.9
ISVch4	lane121s003972_bin.2.s_NODE_256_length_3581_cov_2.905822_1	39	105	63	1	284	388	8	111	1.52E-13	69.7
ISVch4	lane121s003972_shovill_contig00004_185	30.5	174	113	4	205	376	79	246	2.12E-13	73.2
ISVch4	lane122s000545_shovill_contig00004_229	30.5	174	113	4	205	376	79	246	2.12E-13	73.2
ISVch4	lane122s000536_megahit_k141_76-flag=0-multi=188.9702-len=75898_63	45.3	86	47	0	17	102	3	88	3.94E-13	67.8
ISVch4	lane122s000600_bin.3.p_NODE_493_length_1904_cov_2.311987_3	29.6	186	121	5	210	393	94	271	7.27E-13	71.2
ISVch4	lane122s000600_bin.2.o_k141_106416-flag_1-multi_5.0000-len_2794_2	26.8	190	128	5	123	302	11	199	7.49E-13	70.1
ISVch4	lane122s000539_shovill_contig00022_68	42	88	46	4	295	381	6	89	9.31E-13	67
ISVch4	lane122s000539_shovill_contig00124_1	42	88	46	4	295	381	6	89	9.31E-13	67
ISVch4	lane122s000541_shovill_contig00011_49	30.8	146	99	2	183	327	2	146	1.05E-12	68.2
ISVch4	lane821s003038_bin.1.o_k141_291-flag_0-multi_1847.5783-len_13117_14	42	88	46	4	295	381	16	99	1.20E-12	67
ISVch4	lane821s003038_bin.1.o_k141_281-flag_0-multi_1355.9911-len_16353_1	42	88	46	4	295	381	16	99	1.20E-12	67
ISVch4	lane121s003963_shovill_contig00004_220	41.3	92	53	1	297	388	12	102	1.37E-12	66.6
ISVch4	lane122s000539_shovill_contig00092_1	27.7	213	140	7	126	325	2	213	1.40E-12	69.3
ISVch4	lane821s003038_bin.1.o_k141_204-flag_0-multi_1971.2108-len_30109_37	27.7	213	140	7	126	325	2	213	1.40E-12	69.3
ISVch4	lane122s000539_shovill_contig00170_1	46.4	69	37	0	279	347	1	69	2.53E-12	64.7
ISVch4	lane122s000521_bin.1.s_NODE_16_length_99005_cov_113.588681_64	35.6	132	80	3	259	388	1	129	2.59E-12	66.6
ISVch4	lane122s000537_shovill_contig00001_36	46.3	67	36	0	283	349	9	75	3.55E-12	64.7
ISVch4	lane122s000539_shovill_contig00144_1	43.8	80	42	1	289	368	2	78	4.15E-12	64.7
ISVch4	lane121s003972_shovill_contig00006_256	30.8	130	87	2	249	376	4	132	4.97E-12	66.2
ISVch4	lane122s000545_shovill_contig00005_259	30.8	130	87	2	249	376	4	132	4.97E-12	66.2
ISVch4	lane122s000539_shovill_contig00179_1	46.4	69	37	0	279	347	1	69	8.86E-12	63.2
ISVch4	lane121s003976_shovill_contig00016_22	34.2	111	69	2	259	368	1	108	9.05E-12	64.7
ISVch4	lane121s003977_shovill_contig00016_74	34.2	111	69	2	259	368	1	108	9.05E-12	64.7
ISVch4	lane122s000544_bin.1.s_NODE_103_length_560_cov_1.080745_1	34.5	113	71	1	235	347	3	112	2.19E-11	63.9
ISVch4	lane122s000539_shovill_contig00039_6	39.2	79	48	0	259	337	1	79	2.21E-11	62.4
ISVch4	lane821s003038_bin.1.o_k141_186-flag_0-multi_1909.8040-len_117031_130	39.2	79	48	0	259	337	1	79	2.21E-11	62.4
ISVch4	lane121s003976_shovill_contig00010_83	38.7	75	46	0	242	316	3	77	3.63E-11	61.6
ISVch4	lane121s003977_shovill_contig00012_26	38.7	75	46	0	242	316	3	77	3.63E-11	61.6
ISVch4	lane121s003953_shovill_contig00003_410	38.7	75	45	1	297	371	21	94	5.46E-11	62.4
ISVch4	lane821s003041_shovill_contig00007_236	38.7	75	45	1	297	371	21	94	5.46E-11	62.4
ISVch4	lane121s003978_shovill_contig00087_1	42.9	77	44	0	295	371	2	78	2.28E-10	60.1
ISVch4	lane121s003978_shovill_contig00022_59	42.9	77	44	0	295	371	15	91	3.14E-10	60.1
ISVch4	lane122s000600_bin.5.s_NODE_534_length_1943_cov_1.333869_2	29.5	122	81	3	230	349	92	210	3.31E-10	62.4
ISVch4	lane122s000530_shovill_contig00006_1	40.7	91	53	1	298	388	17	106	1.52E-09	58.2
ISVch4	lane122s000536_megahit_k141_166-flag=0-multi=620.0000-len=4616_3	24.9	265	182	6	125	388	10	258	2.82E-09	60.5
ISVch4	lane122s000530_shovill_contig00084_1	54	50	23	0	298	347	17	66	4.78E-09	55.5
ISVch4	lane122s000540_bin.1.p_NODE_332_length_707_cov_8.177778_2	26.3	179	114	5	135	308	19	184	1.18E-08	57.4
ISVch4	lane121s003976_shovill_contig00048_16	32.6	92	58	2	266	356	1	89	1.97E-08	54.3
ISVch4	lane121s003977_shovill_contig00046_16	32.6	92	58	2	266	356	1	89	1.97E-08	54.3
ISVch4	lane121s003960_shovill_contig00131_1	34.5	87	57	0	282	368	9	95	2.07E-08	54.3
ISVch4	lane122s000606_bin.2.s_NODE_1351_length_758_cov_3.148311_1	31.8	85	58	0	18	102	3	87	4.06E-08	53.5
ISVch4	lane121s003964_megahit_k141_72-flag=0-multi=331.1835-len=89518_12	33.3	108	58	5	212	309	23	126	6.08E-08	53.9
ISVch4	lane821s003042_shovill_contig00006_64	33.3	108	58	5	212	309	23	126	6.08E-08	53.9
ISVch4	lane122s000601_bin.6.o_k141_399720-flag_1-multi_6.0000-len_3646_4	26.5	151	107	3	225	371	127	277	6.92E-08	57
ISVch4	lane122s000601_bin.2.o_k141_175406-flag_1-multi_4.0000-len_2473_2	25.6	156	111	4	235	386	133	287	8.68E-08	56.6
ISVch4	lane122s000606_bin.1.o_k141_459879-flag_1-multi_3.0000-len_1599_2	39.7	68	41	0	325	392	1	68	1.46E-07	51.2
ISVch4	lane121s003977_shovill_contig00174_1	35.2	71	42	2	242	311	6	73	1.50E-07	51.2
ISVch4	lane122s000600_bin.2.o_k141_106416-flag_1-multi_5.0000-len_2794_4	41.5	65	38	0	325	389	1	65	1.57E-07	51.2
ISVch4	lane122s000600_bin.2.o_k141_173951-flag_1-multi_2.0000-len_1827_3	34.4	90	56	1	13	102	1	87	2.64E-07	51.2
ISVch4	lane122s000537_shovill_contig00009_230	41.7	60	34	1	312	371	5	63	2.97E-07	50.8
ISVch4	lane122s000539_shovill_contig00152_1	35.5	76	49	0	254	329	2	77	4.13E-07	50.1
ISVch4	lane122s000522_shovill_contig00016_3	31.9	91	61	1	197	287	1	90	6.23E-07	50.8
ISVch4	lane121s003977_shovill_contig00156_1	39.7	58	35	0	299	356	23	80	6.88E-07	49.7
ISVch4	lane122s000516_shovill_contig00001_227	37.7	77	47	1	310	386	2	77	1.04E-06	49.3
ISVch4	lane122s000537_shovill_contig00005_374	40	60	35	1	312	371	5	63	1.04E-06	49.3
ISVch4	lane122s000602_bin.1.o_k141_582784-flag_1-multi_2.0000-len_1941_1	31	87	58	1	16	102	3	87	1.26E-06	49.3
ISVch4	lane121s003976_shovill_contig00016_24	37.8	90	53	2	13	102	1	87	1.64E-06	48.9
ISVch4	lane121s003977_shovill_contig00016_72	37.8	90	53	2	13	102	1	87	1.64E-06	48.9
ISVch4	lane122s000521_bin.1.s_NODE_16_length_99005_cov_113.588681_63	23.8	143	106	1	118	260	21	160	1.98E-06	50.4
ISVch4	lane122s000600_bin.4.o_k141_400512-flag_1-multi_4.0000-len_2048_2	37.1	70	44	0	276	345	6	75	3.70E-06	47.4
ISVch4	lane122s000601_bin.6.o_k141_284356-flag_1-multi_5.0000-len_35176_5	40	60	36	0	286	345	7	66	4.05E-06	47
ISVch4	lane121s003976_shovill_contig00006_26	28	82	59	0	21	102	5	86	4.28E-06	47.8
ISVch4	lane121s003977_shovill_contig00009_26	28	82	59	0	21	102	5	86	4.28E-06	47.8
ISVch4	lane122s000530_shovill_contig00079_1	37.3	83	51	1	306	388	1	82	5.32E-06	47.4
ISVch4	lane121s003976_shovill_contig00004_146	35.6	90	55	2	13	102	1	87	5.71E-06	47.4
ISVch4	lane121s003977_shovill_contig00005_53	35.6	90	55	2	13	102	1	87	5.71E-06	47.4
ISVch4	lane121s003976_shovill_contig00063_11	28	82	59	0	21	102	5	86	7.98E-06	47
ISVch4	lane121s003977_shovill_contig00061_10	28	82	59	0	21	102	5	86	7.98E-06	47
ISVch4	lane122s000601_bin.6.o_k141_347131-flag_1-multi_2.0000-len_1810_2	36.9	84	53	0	307	390	3	86	8.02E-06	47.4
ISVch4	lane122s000539_shovill_contig00208_1	46.9	49	26	0	316	364	1	49	8.94E-06	45.4
ISVch4	lane121s003976_shovill_contig00016_23	29.2	130	79	4	129	252	1	123	1.10E-05	47.4
ISVch4	lane121s003977_shovill_contig00016_73	29.2	130	79	4	129	252	1	123	1.10E-05	47.4
ISVch4	lane121s003978_shovill_contig00108_1	33.3	69	45	1	236	304	3	70	1.14E-05	45.8
ISVch4	lane821s003043_bin.1.s_NODE_2_length_616176_cov_1010.765517_210	41.8	67	36	2	223	287	26	91	1.73E-05	46.6
ISVch4	lane122s000537_shovill_contig00001_35	30.8	91	61	1	173	261	44	134	1.82E-05	47
ISVch4	lane121s003960_shovill_contig00023_18	31.5	92	57	2	13	102	13	100	2.04E-05	46.2
ISVch4	lane122s000601_bin.6.o_k141_199252-flag_1-multi_3.9814-len_2072_3	24.3	202	140	4	184	384	83	272	2.05E-05	48.9
ISVch4	lane122s000515_shovill_contig00036_1	33.3	75	47	1	235	309	2	73	2.25E-05	45.1
ISVch4	lane121s003964_megahit_k141_77-flag=1-multi=352.9859-len=598219_302	31.6	98	48	3	13	102	1	87	2.72E-05	45.4
ISVch4	lane121s003976_shovill_contig00038_49	34.4	90	56	2	13	102	1	87	2.72E-05	45.4
ISVch4	lane121s003977_shovill_contig00037_49	34.4	90	56	2	13	102	1	87	2.72E-05	45.4
ISVch4	lane821s003042_shovill_contig00002_278	31.6	98	48	3	13	102	1	87	2.72E-05	45.4
ISVch4	lane121s003979_bin.1.s_NODE_28_length_31201_cov_104.976867_18	30	110	72	3	108	212	4	113	4.22E-05	45.4
ISVch4	lane121s003980_megahit_k141_149-flag=0-multi=169.8264-len=23499_9	30	110	72	3	108	212	4	113	4.22E-05	45.4
ISVch4	lane122s000523_bin.1.p_NODE_142_length_578_cov_89.850299_1	35.4	65	42	0	18	82	3	67	4.55E-05	45.1
ISVch4	lane821s003044_shovill_contig00136_1	35.4	65	42	0	18	82	3	67	5.87E-05	45.1
ISVch4	lane121s003995_shovill_contig00047_2	32.9	82	48	1	21	102	6	80	1.18E-04	43.5
ISVch4	lane121s003976_shovill_contig00066_6	26.8	82	59	1	21	102	5	85	1.30E-04	43.5
ISVch4	lane121s003977_shovill_contig00047_6	26.8	82	59	1	21	102	5	85	1.30E-04	43.5
ISVch4	lane122s000605_bin.3.p_NODE_24_length_9285_cov_2.270743_8	28	150	90	6	210	345	136	281	1.41E-04	47
ISVch4	lane821s003037_bin.1.p_NODE_12_length_237696_cov_549.108998_83	28	125	83	3	82	202	16	137	1.54E-04	44.7
ISVch4	lane122s000541_shovill_contig00011_50	34.8	66	42	1	325	390	1	65	1.79E-04	42.7
ISVch4	lane122s000602_bin.1.o_k141_625592-flag_1-multi_6.0000-len_1891_3	30.7	88	57	2	16	102	3	87	1.85E-04	43.1
ISVch4	lane122s000540_bin.1.p_NODE_197_length_1205_cov_58.604610_2	32.6	92	53	2	13	99	1	88	2.11E-04	43.1
ISVch4	lane121s003995_shovill_contig00081_1	32.9	82	48	1	21	102	6	80	2.16E-04	42.7
ISVch4	lane121s003995_shovill_contig00072_1	31.7	82	49	1	21	102	6	80	2.95E-04	42.4
ISVch4	lane121s003963_shovill_contig00004_219	26.3	137	92	4	129	260	4	136	3.32E-04	43.5
ISVch4	lane122s000605_bin.3.p_NODE_1488_length_1748_cov_2.020347_1	25.8	182	107	8	233	388	148	327	3.56E-04	45.4
ISVch4	lane122s000607_bin.1.p_NODE_651_length_3423_cov_1.575015_1	28.8	153	88	7	210	348	136	281	4.20E-04	45.4
ISVch4	lane122s000536_megahit_k141_98-flag=0-multi=243.2609-len=1720_3	41.5	53	31	0	312	364	31	83	4.70E-04	41.6
ISVch4	lane122s000540_bin.2.p_NODE_32_length_709_cov_3.286392_2	29.1	103	70	2	291	393	24	123	7.27E-04	42.7
ISVch4	lane121s003972_bin.2.s_NODE_1078_length_1315_cov_2.899031_2	31.1	90	59	2	13	102	1	87	9.01E-04	41.2
ISVch4	lane122s000530_shovill_contig00083_1	40	65	38	1	324	388	1	64	9.73E-04	40.4
ISMps1	lane122s000601_bin.2.o_k141_549329-flag_1-multi_3.0000-len_1920_1	31.4	395	253	6	27	408	42	431	2.65E-49	176
ISMps1	lane122s000607_bin.1.p_NODE_2046_length_1622_cov_5.939159_1	31.6	291	183	7	52	327	3	292	2.88E-29	120
ISMps1	lane122s000607_bin.1.p_NODE_2069_length_1608_cov_3.459177_1	28.4	324	212	7	23	327	16	338	8.18E-25	108
ISMps1	lane121s003963_shovill_contig00005_152	26.1	372	224	15	26	365	33	385	2.82E-24	107
ISMps1	lane122s000607_bin.1.p_NODE_639_length_3455_cov_1.319420_4	28.9	305	176	9	71	338	72	372	1.17E-19	93.6
ISMps1	lane122s000607_bin.1.p_NODE_1178_length_2402_cov_2.301935_1	26.9	305	182	8	71	338	72	372	8.62E-16	81.6
ISMps1	lane122s000605_bin.3.p_NODE_655_length_3031_cov_2.524035_4	30.9	162	110	2	167	327	24	184	1.43E-14	76.6
ISMps1	lane121s003976_shovill_contig00004_113	24.7	288	175	9	143	402	18	291	2.80E-13	73.2
ISMps1	lane121s003977_shovill_contig00005_86	24.7	288	175	9	143	402	18	291	2.80E-13	73.2
ISMps1	lane121s003958_shovill_contig00018_72	25.1	251	149	9	178	403	7	243	1.45E-11	67.4
ISMps1	lane122s000602_bin.1.o_k141_458137-flag_1-multi_9.0000-len_2560_1	23.8	323	204	8	108	414	120	416	7.91E-11	66.6
ISMps1	lane122s000602_bin.1.o_k141_499686-flag_1-multi_7.0000-len_2742_2	30.4	207	123	6	108	308	129	320	1.14E-10	65.9
ISMps1	lane122s000607_bin.1.p_NODE_2349_length_1315_cov_1.002423_1	25	304	188	9	69	334	7	308	3.68E-10	64.3
ISMps1	lane122s000536_megahit_k141_110-flag=0-multi=188.0000-len=1400_1	29.5	210	126	7	109	308	104	301	1.26E-09	62.8
ISMps1	lane121s003972_bin.2.s_NODE_421_length_2773_cov_2.507789_1	29.8	171	112	4	166	334	36	200	1.24E-08	58.9
ISMps1	lane122s000602_bin.1.o_k141_43579-flag_1-multi_6.0000-len_1808_2	27.2	265	167	6	66	308	83	343	5.00E-08	57.8
ISMps1	lane121s003972_bin.2.s_NODE_567_length_2292_cov_4.408578_2	24.5	269	154	8	110	347	108	358	1.39E-07	56.2
ISMps1	lane122s000606_bin.3.o_k141_621162-flag_1-multi_3.0000-len_1974_2	22.8	359	258	7	75	419	97	450	4.07E-07	55.1
ISMps1	lane122s000602_bin.1.o_k141_330529-flag_1-multi_2.0000-len_2546_2	25.7	284	194	7	68	334	117	400	9.95E-07	53.9
ISMps1	lane122s000605_bin.2.o_k141_317488-flag_1-multi_6.0000-len_2503_2	30.4	161	102	4	163	322	170	321	2.49E-06	52.4
ISMps1	lane122s000606_bin.3.o_k141_89666-flag_1-multi_2.0000-len_2171_1	23.7	358	243	11	75	410	97	446	6.79E-06	51.2
ISMps1	lane122s000602_bin.1.o_k141_613654-flag_1-multi_5.0000-len_2813_2	28.7	174	103	3	139	308	155	311	2.05E-05	49.7
ISMps1	lane121s003976_shovill_contig00097_1	23.5	332	227	9	34	356	40	353	9.82E-05	47.4
ISMps1	lane121s003977_shovill_contig00096_1	23.5	332	227	9	34	356	40	353	9.82E-05	47.4
ISMps1	lane122s000606_bin.1.o_k141_422713-flag_1-multi_3.0000-len_1660_1	27.2	147	97	3	178	322	149	287	1.36E-04	46.6
ISMps1	lane122s000602_bin.1.o_k141_705932-flag_0-multi_4.2964-len_3697_2	22.8	250	169	6	114	344	1	245	6.89E-04	44.3
ISMps1	lane122s000605_bin.3.p_NODE_655_length_3031_cov_2.524035_5	29.2	120	76	3	23	133	16	135	7.81E-04	42.7
ISMps1	lane122s000602_bin.1.o_k141_634120-flag_1-multi_2.9948-len_1877_1	22.9	297	196	9	69	336	86	378	9.86E-04	44.3
IS5564	lane122s000535_bin.1.p_NODE_39_length_1103_cov_798.860624_1	67.1	331	106	3	1	328	1	331	2.80E-153	435
IS5564	lane821s003043_bin.1.s_NODE_24_length_1054_cov_2328.430911_1	49.4	332	148	5	1	326	1	318	2.31E-100	300
IS5564	lane122s000543_bin.1.p_NODE_34_length_1611_cov_34.414602_2	43.6	328	159	6	1	317	1	313	2.70E-81	252
IS5564	lane122s000543_bin.1.p_NODE_67_length_560_cov_12.244306_1	64.5	186	65	1	13	197	1	186	5.30E-74	228
IS5564	lane821s003044_shovill_contig00005_13	43.1	320	162	6	3	321	4	304	1.52E-70	224
IS5564	lane821s003044_shovill_contig00009_193	43.4	320	161	6	3	321	4	304	1.71E-69	221
IS5564	lane122s000543_bin.1.p_NODE_1_length_546875_cov_126.235881_29	48	250	107	5	86	326	9	244	5.44E-62	200
IS5564	lane122s000601_bin.7.o_k141_249461-flag_1-multi_3.0000-len_1667_2	43.2	190	91	5	134	317	28	206	7.67E-42	147
IS5564	lane122s000606_bin.3.o_k141_347174-flag_1-multi_4.5867-len_10374_5	46.3	147	77	2	183	327	13	159	1.53E-36	131
IS5564	lane121s003995_shovill_contig00020_4	39.6	207	107	4	30	236	100	288	5.72E-32	128
IS5564	lane122s000523_bin.1.p_NODE_128_length_923_cov_259.791962_1	53.6	97	45	0	205	301	4	100	1.44E-25	100
IS5564	lane122s000540_bin.1.p_NODE_15_length_130735_cov_16.262020_124	27.8	342	185	9	5	325	4	304	4.32E-21	94.4
IS5564	lane821s003044_shovill_contig00208_1	55.4	74	33	0	210	283	1	74	4.28E-19	82.8
IS5564	lane122s000606_bin.3.o_k141_681285-flag_1-multi_3.2242-len_1970_1	33.5	158	96	2	1	152	1	155	1.32E-18	84.3
IS5564	lane122s000606_bin.3.o_k141_347174-flag_1-multi_4.5867-len_10374_4	35.3	150	88	2	1	144	1	147	2.03E-18	83.6
IS5564	lane122s000540_bin.1.p_NODE_7_length_170295_cov_15.512772_136	28	318	172	10	26	325	25	303	3.86E-18	87
IS5564	lane122s000540_bin.1.p_NODE_16_length_120641_cov_15.527181_48	28	318	172	10	26	325	25	303	3.86E-18	87
IS5564	lane122s000523_bin.1.p_NODE_128_length_923_cov_259.791962_2	41.4	128	71	3	3	130	4	127	2.91E-17	79.7
IS5564	lane122s000600_bin.2.o_k141_47720-flag_1-multi_3.0000-len_3117_1	28.4	236	107	7	98	308	47	245	3.45E-12	68.9
IS5564	lane122s000520_bin.1.p_NODE_12_length_131259_cov_34.748411_118	29	290	133	17	56	320	29	270	1.56E-11	67.4
IS5564	lane122s000601_bin.1.o_k141_7744-flag_1-multi_5.0000-len_1935_3	39.1	92	54	2	231	321	107	197	1.82E-10	63.2
IS5564	lane122s000600_bin.3.p_NODE_101_length_6716_cov_5.210122_7	25.2	305	176	10	26	315	49	316	2.96E-10	63.9
IS5564	lane122s000601_bin.1.o_k141_560122-flag_1-multi_15.0000-len_5813_5	25.2	305	176	10	26	315	49	316	2.96E-10	63.9
IS5564	lane122s000602_bin.1.o_k141_707264-flag_0-multi_7.4347-len_6322_8	35.7	143	82	4	17	151	20	160	6.18E-10	60.8
IS5564	lane122s000536_megahit_k141_166-flag=0-multi=620.0000-len=4616_3	30.5	128	84	3	190	316	131	254	3.38E-09	59.7
IS5564	lane122s000605_bin.1.o_k141_297166-flag_1-multi_4.0192-len_4778_2	27.5	313	167	14	34	325	33	306	1.47E-08	58.5
IS5564	lane821s003044_shovill_contig00190_1	43.5	69	38	1	3	71	4	71	1.70E-08	53.5
IS5564	lane821s003044_shovill_contig00176_1	53.2	47	22	0	267	313	1	47	1.73E-07	50.4
IS5564	lane122s000605_bin.3.p_NODE_611_length_3173_cov_3.060078_3	32.3	130	78	5	186	313	159	280	2.97E-07	54.7
IS5564	lane821s003044_shovill_contig00040_50	21.4	229	133	5	97	316	49	239	3.01E-07	53.9
IS5564	lane122s000601_bin.6.o_k141_199252-flag_1-multi_3.9814-len_2072_3	30.2	129	83	3	190	316	149	272	3.21E-07	53.9
IS5564	lane122s000523_bin.1.p_NODE_48_length_38702_cov_111.764764_19	21.4	229	133	5	97	316	112	302	4.10E-07	53.9
IS5564	lane821s003044_shovill_contig00167_1	43.8	73	38	2	58	130	2	71	8.57E-07	48.9
IS5564	lane122s000603_bin.2.s_NODE_378_length_2110_cov_1.493360_2	32.3	127	83	2	187	313	44	167	1.72E-06	51.2
IS5564	lane122s000607_bin.1.p_NODE_2051_length_1620_cov_1.686973_1	30.5	131	85	4	189	317	239	365	1.74E-06	52.4
IS5564	lane122s000601_bin.1.o_k141_575488-flag_1-multi_2.0000-len_1964_1	31.6	133	85	4	191	321	68	196	4.45E-06	50.4
IS5564	lane122s000605_bin.3.p_NODE_1488_length_1748_cov_2.020347_1	23.7	346	197	10	13	320	12	328	5.97E-06	50.4
IS5564	lane122s000600_bin.2.o_k141_226203-flag_1-multi_6.0000-len_1653_2	28.1	128	89	2	190	317	131	255	2.53E-05	48.1
IS5564	lane821s003037_bin.1.p_NODE_10_length_258279_cov_463.547300_87	27.3	132	91	3	186	313	26	156	1.28E-04	45.1
IS5564	lane122s000600_bin.2.o_k141_173951-flag_1-multi_2.0000-len_1827_2	29.9	137	90	4	183	316	142	275	3.61E-04	44.7
IS5564	lane122s000537_shovill_contig00002_263	28.6	98	70	0	220	317	144	241	7.37E-04	43.5
IS5564	lane122s000523_bin.1.p_NODE_20_length_97922_cov_124.832582_1	47.6	42	21	1	281	321	5	46	7.46E-04	40
IS5564	lane122s000540_bin.2.p_NODE_32_length_709_cov_3.286392_2	30.2	86	60	0	232	317	30	115	7.51E-04	42.4
ISKpn74	lane122s000521_bin.2.p_NODE_29_length_51285_cov_10.631366_37	41.5	159	88	2	3	157	27	184	1.00E-37	135
ISKpn74	lane122s000521_bin.2.p_NODE_29_length_51285_cov_10.631366_36	32.9	140	85	3	172	305	8	144	1.35E-11	64.3
ISKpn74	lane121s003962_megahit_k141_672-flag=1-multi=3.0000-len=1039_3	30.8	133	83	3	179	305	2	131	5.67E-09	56.6
ISPpu2	lane122s000523_bin.1.p_NODE_121_length_1073_cov_488.497992_1	49.3	341	172	1	18	358	1	340	2.48E-115	341
ISPpu2	lane122s000606_bin.2.s_NODE_426_length_3208_cov_3.598850_1	46.1	317	170	1	10	325	9	325	6.73E-95	288
ISPpu2	lane122s000601_bin.1.o_k141_366330-flag_1-multi_2.0000-len_1955_2	44.8	353	186	4	6	353	4	352	2.40E-93	285
ISPpu2	lane122s000600_bin.2.o_k141_162140-flag_1-multi_2.0000-len_1542_1	41.5	337	192	5	6	340	15	348	7.54E-78	246
ISPpu2	lane122s000602_bin.1.o_k141_696570-flag_1-multi_4.0000-len_1669_1	34.7	331	211	3	18	344	20	349	1.34E-54	186
ISPpu2	lane821s003044_shovill_contig00007_1	49.1	169	85	1	190	358	1	168	8.30E-53	175
ISPpu2	lane821s003044_shovill_contig00015_1	46.8	190	101	0	1	190	1	190	1.93E-52	174
ISPpu2	lane122s000600_bin.3.p_NODE_269_length_3648_cov_2.407449_1	47.7	174	90	1	184	357	1	173	2.33E-52	174
ISPpu2	lane122s000606_bin.1.o_k141_178702-flag_1-multi_2.0000-len_1735_2	40.3	226	128	5	127	346	42	266	3.10E-44	156
ISPpu2	lane122s000605_bin.3.p_NODE_405_length_3917_cov_2.479167_2	30.2	384	220	8	7	346	8	387	3.77E-43	157
ISPpu2	lane122s000607_bin.1.p_NODE_54_length_8559_cov_1.915350_1	30.7	381	222	10	7	346	8	387	1.04E-41	153
ISPpu2	lane122s000606_bin.2.s_NODE_699_length_2134_cov_2.722411_2	31.6	339	193	7	30	331	32	368	2.22E-41	151
ISPpu2	lane122s000607_bin.1.p_NODE_1843_length_1781_cov_3.674296_2	32.1	290	158	8	95	346	18	306	3.99E-41	150
ISPpu2	lane122s000605_bin.3.p_NODE_539_length_3420_cov_2.344002_6	30.2	298	163	8	90	346	13	306	1.39E-36	138
ISPpu2	lane122s000607_bin.1.p_NODE_1013_length_2633_cov_4.251565_3	30.2	298	163	8	90	346	13	306	1.39E-36	138
ISPpu2	lane122s000605_bin.3.p_NODE_487_length_3581_cov_3.972603_2	30.4	276	152	6	108	346	13	285	3.47E-35	134
ISPpu2	lane122s000607_bin.1.p_NODE_2196_length_1493_cov_1.970339_1	32.2	255	142	5	120	346	15	266	1.14E-33	129
ISPpu2	lane122s000607_bin.1.p_NODE_650_length_3425_cov_4.356332_3	29.7	300	163	9	90	346	13	307	1.46E-33	130
ISPpu2	lane122s000600_bin.3.p_NODE_516_length_1747_cov_7.304790_3	48.7	115	58	1	235	349	1	114	7.85E-33	121
ISPpu2	lane122s000605_bin.3.p_NODE_131_length_5947_cov_3.332027_6	29.8	299	164	9	90	346	13	307	3.91E-32	126
ISPpu2	lane821s003044_shovill_contig00238_1	72.6	73	20	0	154	226	1	73	1.30E-31	116
ISPpu2	lane122s000607_bin.1.p_NODE_810_length_3048_cov_3.916526_2	36.9	222	104	5	152	338	3	223	1.51E-30	119
ISPpu2	lane122s000605_bin.3.p_NODE_481_length_3612_cov_2.705799_4	34.9	241	118	7	136	338	1	240	1.63E-30	119
ISPpu2	lane122s000607_bin.1.p_NODE_1958_length_1701_cov_2.086207_3	37.6	202	94	4	168	338	4	204	3.55E-30	117
ISPpu2	lane122s000523_bin.1.p_NODE_49_length_37567_cov_123.537877_8	27.6	290	194	5	33	306	32	321	1.85E-28	116
ISPpu2	lane821s003044_shovill_contig00054_3	27.6	290	194	5	33	306	32	321	1.85E-28	116
ISPpu2	lane122s000607_bin.1.p_NODE_2063_length_1614_cov_2.366949_3	36.4	198	94	4	172	338	18	214	2.48E-27	110
ISPpu2	lane122s000606_bin.2.s_NODE_946_length_1650_cov_2.567069_1	28.7	279	183	6	33	295	32	310	4.54E-27	112
ISPpu2	lane122s000607_bin.1.p_NODE_1714_length_1881_cov_3.101996_2	27.4	296	175	6	90	346	13	307	1.23E-26	111
ISPpu2	lane122s000605_bin.3.p_NODE_586_length_3252_cov_2.910551_3	32.1	240	150	5	115	345	33	268	6.53E-25	105
ISPpu2	lane122s000606_bin.2.s_NODE_1213_length_1100_cov_0.800587_1	34.3	178	87	2	193	340	1	178	1.34E-24	101
ISPpu2	lane122s000606_bin.2.s_NODE_426_length_3208_cov_3.598850_5	35.2	165	77	1	179	313	2	166	2.26E-24	100
ISPpu2	lane122s000601_bin.1.o_k141_662176-flag_1-multi_6.0000-len_1772_2	27.1	299	180	7	14	275	14	311	1.43E-23	102
ISPpu2	lane122s000605_bin.3.p_NODE_392_length_4004_cov_2.619557_4	31.7	243	149	6	120	351	37	273	2.65E-23	100
ISPpu2	lane821s003044_shovill_contig00202_1	54.9	71	32	0	231	301	3	73	9.16E-22	90.5
ISPpu2	lane122s000607_bin.1.p_NODE_2431_length_1217_cov_2.785088_1	28.9	246	132	8	90	295	20	262	1.33E-21	95.5
ISPpu2	lane122s000605_bin.3.p_NODE_142_length_5783_cov_1.961094_7	28.5	200	119	3	171	346	1	200	1.40E-21	95.1
ISPpu2	lane122s000602_bin.1.o_k141_328769-flag_0-multi_6.0212-len_16706_1	52	75	35	1	272	346	1	74	3.67E-19	84
ISPpu2	lane122s000602_bin.1.o_k141_212959-flag_0-multi_3.0000-len_1530_1	24.2	347	247	5	1	335	1	343	1.71E-18	88.6
ISPpu2	lane122s000605_bin.3.p_NODE_15_length_11284_cov_2.454805_11	31.4	140	66	2	236	345	1	140	7.59E-18	82
ISPpu2	lane122s000602_bin.1.o_k141_222885-flag_0-multi_5.3860-len_3255_7	43.2	88	50	0	18	105	19	106	6.78E-15	72.8
ISPpu2	lane122s000607_bin.1.p_NODE_2262_length_1410_cov_4.515379_2	31.2	157	99	4	158	306	3	158	7.34E-15	75.5
ISPpu2	lane122s000607_bin.1.p_NODE_1404_length_2152_cov_1.557590_2	29.8	141	86	3	171	304	17	151	1.51E-13	71.2
ISPpu2	lane821s003037_bin.1.p_NODE_47_length_1147_cov_1090.263551_1	31.5	127	86	1	208	334	34	159	7.32E-13	68.9
ISPpu2	lane122s000606_bin.2.s_NODE_426_length_3208_cov_3.598850_4	35.8	123	69	3	7	120	8	129	2.78E-12	67
ISPpu2	lane122s000607_bin.1.p_NODE_991_length_2673_cov_3.211479_2	28.2	156	105	2	158	306	3	158	6.66E-12	67
ISPpu2	lane122s000607_bin.1.p_NODE_67_length_7938_cov_1.944409_10	41.9	74	43	0	10	83	21	94	2.42E-11	62.8
ISPpu2	lane122s000605_bin.3.p_NODE_341_length_4236_cov_1.607358_1	47.6	63	33	0	276	338	53	115	9.79E-11	61.6
ISPpu2	lane122s000607_bin.1.p_NODE_425_length_4286_cov_1.873842_5	25.8	159	111	2	155	306	24	182	1.09E-10	63.2
ISPpu2	lane821s003044_shovill_contig00230_1	73	37	10	0	154	190	1	37	1.22E-10	59.3
ISPpu2	lane121s003976_shovill_contig00022_22	26.4	197	128	7	158	343	3	193	1.43E-10	63.2
ISPpu2	lane121s003977_shovill_contig00021_22	26.4	197	128	7	158	343	3	193	1.43E-10	63.2
ISPpu2	lane122s000605_bin.3.p_NODE_1213_length_2013_cov_1.572314_2	35.8	81	52	0	10	90	13	93	2.08E-10	60.1
ISPpu2	lane122s000607_bin.1.p_NODE_938_length_2764_cov_2.415333_2	41.9	74	43	0	10	83	13	86	2.39E-10	59.7
ISPpu2	lane122s000607_bin.1.p_NODE_425_length_4286_cov_1.873842_4	38.5	65	40	0	282	346	56	120	2.50E-10	60.5
ISPpu2	lane122s000607_bin.1.p_NODE_380_length_4451_cov_2.365798_5	39.2	74	45	0	10	83	13	86	6.12E-10	58.5
ISPpu2	lane821s003037_bin.1.p_NODE_1_length_1559792_cov_424.645268_808	25.8	194	133	6	158	343	3	193	6.55E-10	61.2
ISPpu2	lane122s000600_bin.5.s_NODE_343_length_2229_cov_3.247212_3	25	144	101	2	159	295	17	160	1.06E-09	60.8
ISPpu2	lane122s000605_bin.3.p_NODE_1238_length_1984_cov_2.280545_3	40.5	74	44	0	10	83	13	86	1.81E-09	57.4
ISPpu2	lane122s000605_bin.3.p_NODE_49_length_8033_cov_2.033057_7	39.4	66	40	0	18	83	21	86	2.67E-09	57
ISPpu2	lane122s000607_bin.1.p_NODE_120_length_6624_cov_2.317550_5	39.4	66	40	0	18	83	21	86	2.67E-09	57
ISPpu2	lane122s000607_bin.1.p_NODE_3086_length_562_cov_0.905155_1	31.9	116	76	3	158	271	16	130	7.79E-09	56.6
ISPpu2	lane121s003976_shovill_contig00068_3	26.7	131	93	3	197	326	6	134	1.83E-08	55.8
ISPpu2	lane121s003977_shovill_contig00065_9	26.7	131	93	3	197	326	6	134	1.83E-08	55.8
ISPpu2	lane122s000601_bin.1.o_k141_662176-flag_1-multi_6.0000-len_1772_3	39.7	63	38	0	283	345	19	81	2.61E-08	54.3
ISPpu2	lane121s003977_shovill_contig00112_1	24.8	121	89	2	207	326	40	159	2.62E-08	56.2
ISPpu2	lane122s000605_bin.3.p_NODE_951_length_2354_cov_2.314888_3	36.5	74	47	0	10	83	13	86	2.86E-08	54.3
ISPpu2	lane122s000607_bin.1.p_NODE_781_length_3124_cov_2.505743_8	36.5	74	47	0	10	83	13	86	2.86E-08	54.3
ISPpu2	lane122s000607_bin.1.p_NODE_2407_length_1241_cov_1.484536_2	39	77	47	0	5	81	14	90	7.71E-08	52.8
ISPpu2	lane122s000607_bin.1.p_NODE_946_length_2746_cov_7.049457_4	34.9	86	54	1	7	90	8	93	8.72E-08	52.4
ISPpu2	lane122s000605_bin.3.p_NODE_131_length_5947_cov_3.332027_5	34.9	86	54	1	7	90	8	93	1.63E-07	51.6
ISPpu2	lane122s000605_bin.3.p_NODE_539_length_3420_cov_2.344002_5	35.9	92	54	2	1	90	5	93	1.63E-07	51.6
ISPpu2	lane122s000607_bin.1.p_NODE_650_length_3425_cov_4.356332_2	34.9	86	54	1	7	90	8	93	1.63E-07	51.6
ISPpu2	lane122s000607_bin.1.p_NODE_1013_length_2633_cov_4.251565_2	35.9	92	54	2	1	90	5	93	1.63E-07	51.6
ISPpu2	lane122s000607_bin.1.p_NODE_2874_length_671_cov_3.026936_2	34.9	86	54	1	7	90	8	93	1.63E-07	51.6
ISPpu2	lane122s000606_bin.1.o_k141_178702-flag_1-multi_2.0000-len_1735_3	36.5	74	47	0	10	83	13	86	2.47E-07	51.6
ISPpu2	lane122s000600_bin.3.p_NODE_670_length_559_cov_1.973029_2	33	94	56	3	31	117	30	123	3.48E-07	51.6
ISPpu2	lane122s000607_bin.1.p_NODE_187_length_5825_cov_2.297495_3	26.2	328	203	13	19	325	11	320	3.80E-07	54.3
ISPpu2	lane122s000605_bin.3.p_NODE_1564_length_1660_cov_1.512318_1	35.8	81	45	2	18	91	3	83	4.16E-07	50.4
ISPpu2	lane121s003976_shovill_contig00008_1	24.5	110	81	2	218	326	2	110	4.50E-07	51.6
ISPpu2	lane122s000607_bin.1.p_NODE_1809_length_1815_cov_2.245685_1	33.3	93	59	2	1	90	1	93	7.33E-07	50.1
ISPpu2	lane122s000607_bin.1.p_NODE_1714_length_1881_cov_3.101996_1	33.7	86	55	1	7	90	8	93	1.45E-06	48.9
ISPpu2	lane122s000605_bin.3.p_NODE_1238_length_1984_cov_2.280545_2	32.1	84	57	0	34	117	34	117	1.69E-06	50.1
ISPpu2	lane122s000607_bin.1.p_NODE_991_length_2673_cov_3.211479_1	32.1	84	57	0	34	117	34	117	1.69E-06	50.1
ISPpu2	lane122s000605_bin.3.p_NODE_487_length_3581_cov_3.972603_3	33.3	93	59	2	1	90	1	93	1.87E-06	48.9
ISPpu2	lane122s000607_bin.1.p_NODE_2196_length_1493_cov_1.970339_2	34.5	87	55	1	6	90	7	93	2.58E-06	48.9
ISPpu2	lane122s000607_bin.1.p_NODE_192_length_5796_cov_2.575450_3	31.8	85	55	1	10	91	13	97	2.72E-06	48.5
ISPpu2	lane122s000607_bin.1.p_NODE_996_length_2665_cov_1.217156_2	31.9	69	47	0	10	78	33	101	2.97E-06	48.5
ISPpu2	lane122s000607_bin.1.p_NODE_2665_length_899_cov_3.111922_2	45.3	53	29	0	31	83	5	57	4.29E-06	47
ISPpu2	lane122s000605_bin.3.p_NODE_149_length_5678_cov_3.676486_6	28.3	184	117	6	158	330	25	204	6.94E-06	49.7
ISPpu2	lane122s000523_bin.1.p_NODE_50_length_35252_cov_132.064733_19	38.2	68	42	0	1	68	1	68	2.17E-05	46.2
ISPpu2	lane122s000605_bin.3.p_NODE_1238_length_1984_cov_2.280545_1	27.1	107	77	1	158	263	3	109	3.89E-05	46.2
ISPpu2	lane821s003044_shovill_contig00219_1	36.9	65	40	1	294	358	1	64	5.14E-05	43.9
ISPpu2	lane122s000605_bin.3.p_NODE_1938_length_992_cov_1.594536_1	25	112	83	1	155	265	24	135	5.86E-05	45.4
ISPpu2	lane122s000607_bin.1.p_NODE_2063_length_1614_cov_2.366949_2	30.4	138	71	5	3	117	5	140	7.67E-05	45.8
ISPpu2	lane122s000605_bin.3.p_NODE_2076_length_700_cov_1.678973_1	28.3	127	68	2	18	121	19	145	1.10E-04	45.4
ISPpu2	lane122s000607_bin.1.p_NODE_836_length_2971_cov_2.459572_2	26.6	109	77	1	12	117	9	117	1.42E-04	44.7
ISPpu2	lane122s000607_bin.1.p_NODE_841_length_2962_cov_4.554939_2	32.5	77	52	0	12	88	9	85	3.89E-04	43.1
ISPpu2	lane122s000605_bin.3.p_NODE_481_length_3612_cov_2.705799_3	29.5	122	63	3	23	121	30	151	3.93E-04	43.9
ISPpu2	lane122s000605_bin.2.o_k141_292403-flag_0-multi_6.9925-len_9747_5	27.7	119	85	1	213	330	16	134	4.14E-04	43.1
ISPpu2	lane821s003044_shovill_contig00052_16	43.1	51	29	0	18	68	17	67	4.71E-04	42.4
ISPpu2	lane122s000607_bin.1.p_NODE_616_length_3553_cov_3.020138_3	21.9	320	197	10	33	321	32	329	5.24E-04	44.7
ISPpu2	lane122s000607_bin.1.p_NODE_1692_length_1904_cov_7.367816_3	28.4	109	75	1	12	117	9	117	7.17E-04	42.4
ISPpu2	lane122s000606_bin.2.s_NODE_303_length_4013_cov_1.899390_1	50	38	17	1	269	304	39	76	7.64E-04	40.8
ISPpu2	lane122s000607_bin.1.p_NODE_1118_length_2476_cov_2.857441_2	23.8	168	108	6	189	338	16	181	9.03E-04	42.7
ISPsy5	lane122s000536_megahit_k141_172-flag=0-multi=206.8666-len=37215_6	44.5	391	199	9	133	510	1	386	2.43E-94	295
ISPsy5	lane122s000601_bin.6.o_k141_338880-flag_1-multi_4.0000-len_6040_2	42	417	233	7	92	508	100	507	6.04E-93	295
ISPsy5	lane122s000600_bin.4.o_k141_373718-flag_0-multi_17.0000-len_2460_1	37.7	488	273	13	39	513	81	550	2.98E-88	284
ISPsy5	lane122s000521_bin.2.p_NODE_1_length_999778_cov_11.915455_665	35.8	522	297	13	7	510	6	507	3.41E-85	275
ISPsy5	lane121s003995_shovill_contig00053_5	33.7	519	303	9	6	509	6	498	1.65E-81	265
ISPsy5	lane821s003044_shovill_contig00031_41	33.7	517	308	8	10	514	10	503	3.68E-79	259
ISPsy5	lane122s000523_bin.1.p_NODE_112_length_1506_cov_191.841148_1	33.6	512	305	8	10	509	11	499	8.69E-78	255
ISPsy5	lane122s000531_bin.1.o_k141_67-flag_0-multi_188.1597-len_88946_77	30	543	326	12	7	513	12	536	8.87E-67	227
ISPsy5	lane122s000603_bin.3.o_k141_94077-flag_1-multi_1.0000-len_2165_1	30.1	492	313	10	24	491	22	506	5.47E-66	224
ISPsy5	lane122s000523_bin.1.p_NODE_99_length_2807_cov_282.887179_3	30.1	491	319	11	40	510	70	556	4.21E-64	221
ISPsy5	lane821s003044_shovill_contig00108_2	30.1	491	319	11	40	510	70	556	4.21E-64	221
ISPsy5	lane121s003960_shovill_contig00092_3	31.6	519	318	14	14	510	18	521	2.00E-62	215
ISPsy5	lane121s003953_shovill_contig00010_74	31.6	519	318	14	14	510	26	529	6.43E-62	214
ISPsy5	lane122s000536_megahit_k141_166-flag=0-multi=620.0000-len=4616_6	42.8	283	152	4	238	513	1	280	8.18E-61	204
ISPsy5	lane121s003953_shovill_contig00008_168	32.1	489	297	14	43	510	35	509	8.80E-59	205
ISPsy5	lane821s003041_shovill_contig00003_117	32.1	489	297	14	43	510	35	509	8.80E-59	205
ISPsy5	lane122s000540_bin.1.p_NODE_13_length_138185_cov_16.919143_114	34.8	290	182	5	227	515	4	287	1.72E-57	195
ISPsy5	lane821s003044_shovill_contig00067_4	28.4	507	337	11	25	510	33	534	1.23E-56	200
ISPsy5	lane821s003044_shovill_contig00110_3	28.4	507	337	11	25	510	32	533	4.51E-56	199
ISPsy5	lane122s000523_bin.1.p_NODE_100_length_2721_cov_504.470499_2	29.7	542	340	16	7	514	7	541	1.23E-55	197
ISPsy5	lane821s003044_shovill_contig00115_1	29.7	542	340	16	7	514	7	541	1.23E-55	197
ISPsy5	lane122s000540_bin.1.p_NODE_35_length_67464_cov_17.503613_1	34.2	316	200	4	205	516	1	312	2.13E-50	177
ISPsy5	lane122s000536_megahit_k141_14-flag=0-multi=620.0000-len=1771_1	37.5	277	153	6	15	277	12	282	1.04E-41	153
ISPsy5	lane122s000601_bin.1.o_k141_35585-flag_1-multi_5.6925-len_3123_4	27.3	421	272	10	101	508	109	508	3.51E-40	155
ISPsy5	lane122s000601_bin.1.o_k141_429108-flag_1-multi_7.0000-len_3760_5	27.6	431	274	11	98	508	100	512	4.65E-39	152
ISPsy5	lane122s000540_bin.1.p_NODE_370_length_610_cov_8.639775_1	47.8	136	71	0	360	495	6	141	7.19E-39	141
ISPsy5	lane122s000521_bin.2.p_NODE_34_length_17283_cov_11.897768_9	31.9	285	166	7	248	510	41	319	2.83E-37	142
ISPsy5	lane122s000536_megahit_k141_171-flag=1-multi=927.2236-len=2480_4	40.5	185	106	2	325	509	1	181	4.38E-37	138
ISPsy5	lane122s000605_bin.3.p_NODE_858_length_2508_cov_3.452900_1	27.6	519	311	17	28	514	57	542	1.03E-36	145
ISPsy5	lane122s000536_megahit_k141_171-flag=1-multi=927.2236-len=2480_3	30.7	319	191	9	7	303	7	317	4.38E-36	139
ISPsy5	lane122s000523_bin.1.p_NODE_115_length_1452_cov_42.669818_1	30.8	234	149	4	289	510	10	242	2.91E-32	127
ISPsy5	lane122s000523_bin.1.p_NODE_41_length_45210_cov_108.897791_1	30.8	234	149	4	289	510	10	242	1.45E-31	125
ISPsy5	lane122s000602_bin.1.o_k141_706942-flag_0-multi_8.3288-len_8300_6	26	496	329	13	37	510	19	498	7.47E-30	125
ISPsy5	lane122s000601_bin.1.o_k141_418861-flag_1-multi_5.0000-len_2927_2	24.5	511	342	14	14	496	63	557	8.72E-28	120
ISPsy5	lane122s000605_bin.3.p_NODE_178_length_5433_cov_2.182412_2	28.9	374	232	12	160	509	186	549	5.55E-27	117
ISPsy5	lane122s000607_bin.1.p_NODE_98_length_6968_cov_1.793789_4	28.2	376	234	13	160	509	187	552	2.48E-26	115
ISPsy5	lane122s000536_megahit_k141_195-flag=0-multi=188.9866-len=337836_292	54.3	94	43	0	382	475	57	150	4.04E-26	106
ISPsy5	lane122s000521_bin.1.s_NODE_37_length_12340_cov_101.839599_3	53.8	93	41	1	419	509	2	94	5.50E-26	104
ISPsy5	lane122s000601_bin.1.o_k141_441615-flag_1-multi_2.0000-len_1736_2	28.4	338	205	9	15	346	33	339	7.62E-26	111
ISPsy5	lane122s000607_bin.1.p_NODE_1780_length_1833_cov_1.965262_1	27.7	358	216	12	160	487	42	386	1.18E-25	111
ISPsy5	lane122s000601_bin.7.o_k141_117692-flag_1-multi_3.0000-len_1730_1	40.2	132	79	0	360	491	1	132	1.05E-24	103
ISPsy5	lane122s000607_bin.1.p_NODE_361_length_4570_cov_2.475629_4	27	348	222	9	188	510	281	621	1.96E-24	110
ISPsy5	lane121s003995_shovill_contig00016_123	30.3	155	107	1	356	510	3	156	2.76E-23	99.4
ISPsy5	lane122s000605_bin.3.p_NODE_584_length_3257_cov_4.417610_3	26.8	347	222	9	188	509	281	620	3.53E-23	106
ISPsy5	lane821s003041_shovill_contig00058_1	35.8	187	107	5	267	452	9	183	1.90E-22	97.4
ISPsy5	lane122s000520_bin.1.p_NODE_69_length_18248_cov_8.903803_16	34.2	152	97	1	301	452	4	152	3.79E-22	95.9
ISPsy5	lane122s000607_bin.1.p_NODE_2322_length_1350_cov_1.652003_1	32.2	202	127	4	312	509	35	230	9.45E-22	97.1
ISPsy5	lane122s000607_bin.1.p_NODE_1844_length_1781_cov_0.868545_2	27.4	402	233	15	90	448	112	497	9.64E-21	98.2
ISPsy5	lane821s003041_shovill_contig00047_3	27.8	266	172	7	14	262	26	288	1.06E-19	92.4
ISPsy5	lane122s000603_bin.3.o_k141_35020-flag_1-multi_1.0000-len_2084_2	35.7	143	89	2	97	239	68	207	1.11E-19	90.5
ISPsy5	lane122s000607_bin.1.p_NODE_1041_length_2590_cov_3.372861_4	26.5	336	213	11	25	347	52	366	2.15E-19	93.2
ISPsy5	lane122s000601_bin.1.o_k141_420223-flag_1-multi_4.0000-len_2139_3	27.4	252	170	5	96	341	89	333	2.80E-18	89
ISPsy5	lane122s000523_bin.1.p_NODE_107_length_1752_cov_249.810746_3	26.3	289	200	7	25	304	32	316	5.81E-17	84.7
ISPsy5	lane122s000601_bin.1.o_k141_441615-flag_1-multi_2.0000-len_1736_3	34	106	68	1	382	487	4	107	6.77E-15	73.9
ISPsy5	lane121s003995_shovill_contig00016_122	25.9	232	159	5	50	273	75	301	6.64E-14	75.9
ISPsy5	lane821s003044_shovill_contig00163_1	36.2	116	71	1	298	413	5	117	7.34E-14	70.9
ISPsy5	lane122s000540_bin.1.p_NODE_166_length_1758_cov_48.530637_1	50.9	57	28	0	382	438	5	61	8.32E-14	69.3
ISPsy5	lane121s003953_shovill_contig00059_1	33.6	119	72	3	151	262	2	120	2.97E-13	69.3
ISPsy5	lane821s003041_shovill_contig00061_1	33.6	119	72	3	151	262	2	120	2.97E-13	69.3
ISPsy5	lane122s000600_bin.2.o_k141_4758-flag_1-multi_2.0000-len_2510_3	26.7	360	227	11	142	496	139	466	4.30E-12	71.2
ISPsy5	lane121s003953_shovill_contig00057_1	30.8	156	96	5	231	384	3	148	9.01E-12	65.9
ISPsy5	lane821s003041_shovill_contig00060_1	30.8	156	96	5	231	384	3	148	9.01E-12	65.9
ISPsy5	lane122s000607_bin.1.p_NODE_3032_length_580_cov_1.296223_1	31.1	132	82	2	392	514	22	153	1.45E-10	63.2
ISPsy5	lane122s000607_bin.1.p_NODE_529_length_3841_cov_4.943677_2	20.4	411	281	13	121	508	106	493	5.49E-10	64.7
ISPsy5	lane821s003044_shovill_contig00201_1	50	58	26	2	123	178	9	65	3.33E-09	56.2
ISPsy5	lane821s003044_shovill_contig00217_1	40.3	72	43	0	407	478	3	74	3.33E-09	56.2
ISPsy5	lane122s000521_bin.2.p_NODE_1_length_999778_cov_11.915455_666	35.9	78	50	0	433	510	11	88	1.39E-08	55.1
ISPsy5	lane122s000605_bin.3.p_NODE_1178_length_2052_cov_1.850633_2	25.1	263	167	9	160	399	196	451	1.97E-08	59.7
ISPsy5	lane122s000605_bin.2.o_k141_16923-flag_1-multi_7.0000-len_8142_7	20.6	389	235	12	107	487	126	448	3.51E-08	58.9
ISPsy5	lane121s003953_shovill_contig00061_1	44.3	70	36	1	444	510	1	70	4.75E-08	53.1
ISPsy5	lane821s003041_shovill_contig00003_1	44.3	70	36	1	444	510	1	70	4.75E-08	53.1
ISPsy5	lane121s003953_shovill_contig00071_1	32.9	79	52	1	185	262	1	79	2.39E-07	51.2
ISPsy5	lane821s003041_shovill_contig00071_1	32.9	79	52	1	185	262	1	79	2.39E-07	51.2
ISPsy5	lane122s000607_bin.1.p_NODE_1830_length_1792_cov_2.442566_1	25.1	263	174	10	247	508	214	454	2.48E-07	56.2
ISPsy5	lane122s000606_bin.2.s_NODE_836_length_1856_cov_1.159640_2	23.1	342	224	10	163	496	32	342	3.24E-07	55.5
ISPsy5	lane122s000605_bin.3.p_NODE_448_length_3743_cov_3.351609_4	26.3	270	162	12	247	508	242	482	3.43E-07	55.8
ISPsy5	lane122s000601_bin.6.o_k141_399720-flag_1-multi_6.0000-len_3646_3	40.3	62	37	0	433	494	8	69	1.12E-06	50.1
ISPsy5	lane821s003044_shovill_contig00175_1	34.6	81	52	1	195	275	1	80	1.43E-06	49.7
ISPsy5	lane122s000601_bin.7.o_k141_597708-flag_1-multi_1.3394-len_1897_1	23.8	269	172	9	231	494	216	456	5.47E-06	52
ISPsy5	lane122s000601_bin.1.o_k141_175346-flag_1-multi_6.0000-len_2851_2	23.9	280	167	11	244	515	239	480	5.59E-06	52
ISPsy5	lane122s000607_bin.1.p_NODE_592_length_3623_cov_1.809363_2	34.1	82	52	1	435	514	1	82	6.38E-06	48.1
ISPsy5	lane122s000607_bin.1.p_NODE_1747_length_1853_cov_2.091216_3	24.7	275	174	13	245	514	65	311	2.09E-05	49.7
ISPsy5	lane821s003041_shovill_contig00064_1	40.6	64	35	1	450	510	1	64	2.14E-05	45.4
ISPsy5	lane122s000607_bin.1.p_NODE_2011_length_1657_cov_2.409494_1	25.5	298	184	10	195	480	177	448	2.89E-05	49.7
ISPsy5	lane122s000607_bin.1.p_NODE_1813_length_1811_cov_3.305075_1	22.8	276	179	6	212	484	202	446	8.78E-05	48.1
ISPsy5	lane821s003044_shovill_contig00052_34	34.8	66	43	0	449	514	2	67	1.40E-04	43.1
ISPsy5	lane122s000601_bin.1.o_k141_560122-flag_1-multi_15.0000-len_5813_1	29.8	84	55	1	238	321	4	83	2.17E-04	43.1
ISPsy5	lane122s000605_bin.3.p_NODE_617_length_3150_cov_1.841523_3	21.5	274	187	6	220	493	58	303	3.45E-04	45.8
ISPsy5	lane122s000536_megahit_k141_44-flag=0-multi=194.9695-len=152633_1	48.6	35	18	0	479	513	1	35	5.33E-04	40.4
ISPsy5	lane122s000536_megahit_k141_187-flag=1-multi=179.9925-len=288454_1	48.6	35	18	0	479	513	1	35	5.33E-04	40.4
ISPsy5	lane122s000536_megahit_k141_190-flag=1-multi=189.9089-len=49931_32	48.6	35	18	0	479	513	1	35	5.33E-04	40.4
ISPsy5	lane122s000536_megahit_k141_192-flag=0-multi=144.5774-len=1466_1	48.6	35	18	0	479	513	1	35	5.33E-04	40.4
ISPsy5	lane122s000607_bin.1.p_NODE_608_length_3579_cov_3.334380_1	18.7	412	300	11	104	499	99	491	8.38E-04	45.1
ISEc1	lane121s003972_bin.2.s_NODE_627_length_2162_cov_4.077218_1	97.6	253	6	0	1	253	1	253	4.72E-183	509
ISEc1	lane122s000605_bin.2.o_k141_182791-flag_1-multi_4.8583-len_9898_8	40.3	367	211	3	13	375	16	378	3.93E-92	283
ISEc1	lane122s000601_bin.10.s_NODE_208_length_6389_cov_2.944075_1	42.1	366	199	6	11	372	19	375	1.47E-85	266
ISEc1	lane122s000605_bin.2.o_k141_305605-flag_1-multi_5.0000-len_1503_1	36.1	377	230	6	6	378	8	377	6.27E-76	242
ISEc1	lane122s000605_bin.3.p_NODE_1310_length_1920_cov_2.149213_1	35.1	387	227	7	3	375	9	385	1.64E-71	231
ISEc1	lane122s000606_bin.2.s_NODE_864_length_1807_cov_3.902890_2	30.3	376	245	8	3	373	1	364	1.21E-53	184
ISEc1	lane122s000601_bin.6.o_k141_231344-flag_1-multi_7.0000-len_3490_1	28.9	356	228	10	24	373	21	357	2.96E-39	145
ISEc1	lane122s000607_bin.1.p_NODE_204_length_5664_cov_3.862717_2	28.7	349	226	9	6	344	8	343	2.16E-35	135
ISEc1	lane122s000605_bin.3.p_NODE_466_length_3679_cov_2.299833_3	28.4	349	227	9	6	344	8	343	8.02E-35	134
ISEc1	lane122s000607_bin.1.p_NODE_911_length_2822_cov_0.987978_2	27.1	350	237	6	4	344	6	346	5.96E-33	129
ISEc1	lane122s000607_bin.1.p_NODE_1226_length_2328_cov_1.643714_2	26.9	350	234	8	6	344	8	346	1.14E-32	128
ISEc1	lane122s000602_bin.1.o_k141_770056-flag_0-multi_2.9247-len_2185_2	31.2	285	174	7	67	347	15	281	4.00E-30	120
ISEc1	lane122s000602_bin.1.o_k141_405573-flag_1-multi_9.0000-len_1786_1	28.9	356	220	13	6	344	30	369	1.14E-26	112
ISEc1	lane122s000607_bin.1.p_NODE_645_length_3440_cov_1.223907_3	30.2	245	155	6	105	344	5	238	8.91E-26	107
ISEc1	lane122s000605_bin.3.p_NODE_1910_length_1059_cov_2.178208_1	29.6	247	154	8	105	344	1	234	3.81E-23	100
ISEc1	lane122s000602_bin.1.o_k141_590655-flag_1-multi_3.0000-len_1644_1	24.5	364	235	10	5	344	26	373	1.36E-21	98.2
ISEc1	lane122s000600_bin.2.o_k141_315060-flag_1-multi_2.9872-len_2023_2	30.8	182	115	4	10	183	11	189	2.72E-21	93.2
ISEc1	lane122s000602_bin.1.o_k141_68775-flag_1-multi_10.0000-len_1659_1	23.5	388	228	10	2	339	30	398	1.85E-20	95.1
ISEc1	lane122s000600_bin.3.p_NODE_319_length_3154_cov_1.936627_1	35.9	145	86	3	230	372	2	141	8.35E-17	79.3
ISEc1	lane122s000602_bin.1.o_k141_634510-flag_1-multi_4.6165-len_2123_1	26.2	244	158	7	106	344	179	405	2.05E-16	83.2
ISEc1	lane122s000602_bin.1.o_k141_526149-flag_0-multi_4.7553-len_3124_3	21.6	371	239	11	6	344	29	379	8.86E-14	75.1
ISEc1	lane122s000600_bin.2.o_k141_315060-flag_1-multi_2.9872-len_2023_1	44.3	61	32	1	283	343	25	83	1.02E-07	52.8
ISEc1	lane122s000607_bin.1.p_NODE_2360_length_1300_cov_1.120196_3	27.8	115	74	4	230	341	20	128	1.76E-06	49.7
ISEc1	lane122s000605_bin.3.p_NODE_559_length_3340_cov_2.401778_2	33.3	60	40	0	285	344	87	146	3.37E-05	47
ISEc1	lane122s000605_bin.3.p_NODE_2138_length_622_cov_1.288073_1	26.7	135	91	2	5	133	7	139	6.17E-05	45.4
ISEc1	lane122s000605_bin.3.p_NODE_1650_length_1557_cov_1.381757_3	26.3	114	78	1	4	111	6	119	1.46E-04	43.9
ISSm4	lane122s000606_bin.2.s_NODE_869_length_1800_cov_2.987812_1	27.6	326	229	5	65	384	23	347	4.89E-30	122
ISSm4	lane122s000536_megahit_k141_26-flag=0-multi=194.9884-len=200744_7	25.4	346	249	6	36	374	44	387	1.72E-19	92.8
ISSm4	lane122s000602_bin.1.o_k141_100138-flag_0-multi_11.9249-len_1898_1	26	369	254	11	19	374	3	365	1.68E-18	89.7
ISSm4	lane122s000601_bin.1.o_k141_237417-flag_1-multi_3.0000-len_1688_1	23.7	379	263	13	10	374	20	386	4.19E-15	79.7
ISSm4	lane121s003976_shovill_contig00028_72	25.4	283	186	8	148	424	46	309	3.55E-14	75.9
ISSm4	lane121s003977_shovill_contig00028_2	25.4	283	186	8	148	424	46	309	3.55E-14	75.9
ISSm4	lane121s003976_shovill_contig00069_1	30.9	175	112	4	200	374	1	166	7.16E-14	72.8
ISSm4	lane121s003977_shovill_contig00067_13	30.9	175	112	4	200	374	1	166	7.16E-14	72.8
ISSm4	lane122s000605_bin.2.o_k141_289476-flag_1-multi_6.0000-len_10831_6	22.7	238	175	5	148	379	157	391	1.65E-11	68.6
ISSm4	lane122s000606_bin.1.o_k141_105833-flag_1-multi_1.0000-len_1612_1	24.2	161	116	2	148	302	12	172	4.17E-11	64.3
ISSm4	lane121s003976_shovill_contig00082_3	23.8	387	266	12	4	369	9	387	1.33E-10	65.9
ISSm4	lane121s003977_shovill_contig00080_3	23.8	387	266	12	4	369	9	387	1.33E-10	65.9
ISSm4	lane122s000600_bin.5.s_NODE_871_length_1600_cov_1.893631_1	27	222	132	5	193	386	10	229	1.44E-10	63.9
ISSm4	lane122s000607_bin.1.p_NODE_1167_length_2413_cov_2.942209_1	25.6	227	150	9	22	237	50	268	1.71E-08	59.7
ISSm4	lane122s000605_bin.3.p_NODE_285_length_4521_cov_4.532178_4	25.7	226	147	10	22	235	47	263	1.24E-07	57
ISSm4	lane122s000607_bin.1.p_NODE_669_length_3371_cov_5.158166_3	26.2	210	141	8	36	236	42	246	1.80E-07	56.2
ISSm4	lane121s003976_shovill_contig00004_117	21.9	215	162	2	31	239	49	263	4.09E-07	54.3
ISSm4	lane121s003977_shovill_contig00005_82	21.9	215	162	2	31	239	49	263	4.09E-07	54.3
ISSm4	lane122s000607_bin.1.p_NODE_644_length_3441_cov_2.365636_2	28.9	211	134	10	36	236	56	260	8.42E-07	54.3
ISSm4	lane122s000605_bin.2.o_k141_70972-flag_1-multi_5.9943-len_10601_5	23.6	174	126	4	148	315	157	329	1.38E-06	53.1
ISSm4	lane121s003976_shovill_contig00110_1	22.2	212	159	2	31	236	38	249	1.80E-06	52
ISSm4	lane121s003977_shovill_contig00110_1	22.2	212	159	2	31	236	38	249	1.80E-06	52
ISSm4	lane122s000607_bin.1.p_NODE_181_length_5897_cov_2.374742_6	24.9	229	149	9	22	237	47	265	3.24E-05	49.3
ISSm4	lane122s000605_bin.3.p_NODE_1791_length_1339_cov_1.266244_2	24.3	239	162	10	9	236	17	247	9.31E-05	47.4
ISSm4	lane122s000607_bin.1.p_NODE_987_length_2680_cov_1.852094_1	25.4	228	149	9	22	237	22	240	2.24E-04	46.6
ISSm4	lane121s003976_shovill_contig00153_1	31.6	95	59	1	200	294	1	89	2.34E-04	42.7
ISSm4	lane121s003977_shovill_contig00153_1	31.6	95	59	1	200	294	1	89	2.34E-04	42.7
ISSm4	lane122s000602_bin.1.o_k141_500283-flag_0-multi_4.9865-len_3694_4	23.5	226	140	7	22	229	21	231	5.40E-04	45.1
ISSen7	lane121s003972_bin.2.s_NODE_928_length_1548_cov_1.645819_2	52.8	309	130	1	5	313	4	296	5.78E-114	333
ISSen7	lane121s003972_bin.2.s_NODE_656_length_2096_cov_2.149579_2	51.1	309	130	2	1	309	1	288	1.93E-106	314
ISSen7	lane121s003972_bin.2.s_NODE_98_length_5460_cov_2.674531_2	49.5	305	142	1	4	308	3	295	2.82E-105	311
ISSen7	lane121s003972_bin.2.s_NODE_1_length_16687_cov_2.886033_12	54.2	249	113	1	9	257	7	254	5.79E-95	285
ISSen7	lane121s003972_bin.2.s_NODE_58_length_6487_cov_2.818565_7	43.2	192	89	1	121	312	1	172	2.96E-47	159
ISSen7	lane121s003972_bin.2.s_NODE_58_length_6487_cov_2.818565_6	64.6	99	35	0	6	104	5	103	6.94E-41	140
ISSen7	lane122s000605_bin.3.p_NODE_1844_length_1224_cov_1.632084_1	31.5	248	156	7	10	246	8	252	2.81E-24	101
ISSen7	lane122s000536_megahit_k141_58-flag=0-multi=188.9673-len=69029_55	35.5	124	76	2	8	128	8	130	9.37E-16	77
ISSen7	lane122s000536_megahit_k141_0-flag=1-multi=183.9736-len=166686_67	33.3	129	79	3	11	136	5	129	2.82E-13	72.4
ISSen7	lane122s000607_bin.1.p_NODE_49_length_8755_cov_2.142890_12	26.6	184	129	3	11	188	3	186	2.11E-11	64.7
ISSen7	lane122s000536_megahit_k141_170-flag=0-multi=189.9909-len=497546_343	29.3	181	103	7	12	177	6	176	5.85E-11	65.5
ISSen7	lane122s000536_megahit_k141_173-flag=0-multi=190.9703-len=153901_57	30.6	121	82	1	10	128	5	125	3.01E-10	63.2
ISSen7	lane122s000601_bin.1.o_k141_419755-flag_1-multi_3.0000-len_2012_2	29.8	124	82	2	9	127	31	154	2.21E-08	57.8
ISSen7	lane122s000605_bin.2.o_k141_228951-flag_1-multi_8.0000-len_10923_2	32	122	71	3	19	129	22	142	3.88E-06	50.8
IS91	lane122s000607_bin.1.p_NODE_1954_length_1703_cov_1.992620_1	27.4	350	224	12	35	367	39	375	4.00E-32	128
IS91	lane122s000607_bin.1.p_NODE_2076_length_1594_cov_1.688860_1	26.3	392	247	15	1	367	41	415	3.99E-31	126
IS91	lane122s000607_bin.1.p_NODE_1580_length_1985_cov_2.296122_2	28.9	381	234	17	8	367	11	375	5.94E-31	125
IS91	lane122s000607_bin.1.p_NODE_2355_length_1307_cov_3.747967_1	27.6	290	189	9	35	315	39	316	1.68E-26	111
IS91	lane122s000600_bin.3.p_NODE_81_length_7262_cov_2.992067_2	27.2	331	211	12	3	318	11	326	4.03E-26	111
IS91	lane122s000601_bin.10.s_NODE_13_length_37964_cov_2.983609_6	27.2	331	211	12	3	318	11	326	4.03E-26	111
IS91	lane122s000540_bin.1.p_NODE_166_length_1758_cov_48.530637_2	26.3	350	235	13	34	365	23	367	6.23E-24	105
IS91	lane122s000603_bin.3.o_k141_221518-flag_1-multi_2.0000-len_2862_2	27.2	301	187	10	38	318	4	292	5.10E-21	96.7
IS91	lane122s000607_bin.1.p_NODE_1122_length_2468_cov_2.487244_3	26.5	332	213	10	68	378	7	328	1.18E-20	95.1
IS91	lane122s000607_bin.1.p_NODE_846_length_2950_cov_3.356422_1	26.8	336	207	12	1	318	20	334	2.93E-19	92
IS91	lane122s000600_bin.2.o_k141_407426-flag_1-multi_3.0000-len_1739_2	25.3	312	209	10	19	318	13	312	6.00E-19	90.9
IS91	lane122s000531_bin.1.o_k141_180-flag_0-multi_176.9869-len_322756_310	25.2	318	214	9	35	333	1	313	6.65E-19	90.5
IS91	lane122s000603_bin.3.o_k141_216643-flag_1-multi_1.0000-len_1773_2	24.1	291	205	7	35	312	1	288	1.35E-17	85.5
IS91	lane122s000540_bin.1.p_NODE_226_length_1067_cov_3.315152_1	26.8	313	190	13	35	322	29	327	1.05E-16	83.6
IS91	lane122s000607_bin.1.p_NODE_912_length_2817_cov_1.208394_3	26.6	237	160	6	94	318	48	282	1.50E-15	80.5
IS91	lane122s000607_bin.1.p_NODE_1133_length_2456_cov_2.748214_3	26.9	216	136	7	162	367	2	205	2.93E-15	77.8
IS91	lane122s000523_bin.1.p_NODE_106_length_1760_cov_359.595365_1	26.7	240	158	7	38	264	36	270	1.17E-14	76.6
IS91	lane122s000607_bin.1.p_NODE_2399_length_1254_cov_1.934579_1	23.9	238	156	8	142	367	49	273	1.36E-14	77
IS91	lane122s000605_bin.3.p_NODE_79_length_7007_cov_1.538528_2	31.5	143	88	3	233	367	15	155	2.53E-14	73.9
IS91	lane122s000605_bin.3.p_NODE_1096_length_2166_cov_1.639062_1	28.8	198	127	6	68	253	66	261	3.81E-14	75.1
IS91	lane821s003044_shovill_contig00130_1	30.1	143	93	4	38	175	36	176	3.91E-14	73.2
IS91	lane122s000605_bin.3.p_NODE_105_length_6388_cov_5.951038_1	30.3	142	91	3	233	367	29	169	2.11E-13	71.6
IS91	lane122s000607_bin.1.p_NODE_1324_length_2231_cov_2.923863_1	31.9	141	90	3	38	174	38	176	5.50E-12	68.6
IS91	lane122s000523_bin.1.p_NODE_50_length_35252_cov_132.064733_23	26.8	179	112	4	6	175	8	176	9.15E-12	67
IS91	lane821s003044_shovill_contig00052_12	26.8	179	112	4	6	175	8	176	9.15E-12	67
IS91	lane122s000605_bin.3.p_NODE_79_length_7007_cov_1.538528_3	27	196	121	10	1	180	1	190	1.08E-11	67
IS91	lane821s003044_shovill_contig00087_11	26.4	193	120	7	146	322	1	187	9.61E-09	58.9
IS91	lane122s000607_bin.1.p_NODE_2757_length_779_cov_1.253561_3	29.7	118	75	3	257	367	2	118	1.04E-08	57.4
IS91	lane122s000607_bin.1.p_NODE_101_length_6926_cov_2.601694_1	28.9	121	80	4	5	124	13	128	9.08E-07	50.8
IS91	lane122s000605_bin.2.o_k141_347081-flag_1-multi_7.0000-len_3617_2	24.7	150	96	5	228	371	65	203	1.12E-06	52.4
IS91	lane122s000606_bin.1.o_k141_15593-flag_1-multi_1.8751-len_1815_1	37.1	62	39	0	66	127	6	67	3.57E-06	47.8
IS91	lane122s000607_bin.1.p_NODE_1631_length_1947_cov_1.606417_1	22.5	204	144	10	5	199	30	228	2.34E-05	48.5
IS91	lane122s000607_bin.1.p_NODE_545_length_3790_cov_3.027202_1	28.1	96	69	0	223	318	6	101	2.76E-05	47.4
IS91	lane122s000540_bin.1.p_NODE_41_length_58075_cov_15.291648_61	32.3	124	65	6	232	339	70	190	4.92E-05	47.4
IS91	lane122s000540_bin.1.p_NODE_92_length_23446_cov_19.368266_19	27.3	187	115	10	157	328	4	184	9.99E-05	46.6