model	metabolite
lane121s003951_bin.1.p	25dkglcn
lane121s003951_bin.1.p	3ump
lane121s003951_bin.1.p	5dglcn
lane121s003951_bin.1.p	LalaDgluMdap
lane121s003951_bin.1.p	acgam
lane121s003951_bin.1.p	adn
lane121s003951_bin.1.p	arg__L
lane121s003951_bin.1.p	ca2
lane121s003951_bin.1.p	cellb
lane121s003951_bin.1.p	cgly
lane121s003951_bin.1.p	chor
lane121s003951_bin.1.p	cl
lane121s003951_bin.1.p	coa
lane121s003951_bin.1.p	cobalt2
lane121s003951_bin.1.p	cu2
lane121s003951_bin.1.p	dad_2
lane121s003951_bin.1.p	dextrin
lane121s003951_bin.1.p	dha
lane121s003951_bin.1.p	fald
lane121s003951_bin.1.p	feenter
lane121s003951_bin.1.p	fol
lane121s003951_bin.1.p	g3ps
lane121s003951_bin.1.p	glcman4
lane121s003951_bin.1.p	glcman6
lane121s003951_bin.1.p	gln__L
lane121s003951_bin.1.p	glucan4
lane121s003951_bin.1.p	glucan6
lane121s003951_bin.1.p	gly_asn__L
lane121s003951_bin.1.p	glyald
lane121s003951_bin.1.p	gua
lane121s003951_bin.1.p	h
lane121s003951_bin.1.p	his__L
lane121s003951_bin.1.p	k
lane121s003951_bin.1.p	lcts
lane121s003951_bin.1.p	leu__L
lane121s003951_bin.1.p	lmn2
lane121s003951_bin.1.p	lys__L
lane121s003951_bin.1.p	madg
lane121s003951_bin.1.p	mal__L
lane121s003951_bin.1.p	malt
lane121s003951_bin.1.p	malthx
lane121s003951_bin.1.p	malttr
lane121s003951_bin.1.p	maltttr
lane121s003951_bin.1.p	manb
lane121s003951_bin.1.p	mantr
lane121s003951_bin.1.p	manttr
lane121s003951_bin.1.p	mbdg
lane121s003951_bin.1.p	melib
lane121s003951_bin.1.p	meoh
lane121s003951_bin.1.p	met__D
lane121s003951_bin.1.p	met__L
lane121s003951_bin.1.p	metox__R
lane121s003951_bin.1.p	mg2
lane121s003951_bin.1.p	mn2
lane121s003951_bin.1.p	mnl
lane121s003951_bin.1.p	mobd
lane121s003951_bin.1.p	mso3
lane121s003951_bin.1.p	nac
lane121s003951_bin.1.p	nh4
lane121s003951_bin.1.p	nmn
lane121s003951_bin.1.p	no
lane121s003951_bin.1.p	o2
lane121s003951_bin.1.p	octa
lane121s003951_bin.1.p	orn
lane121s003951_bin.1.p	oxa
lane121s003951_bin.1.p	pacald
lane121s003951_bin.1.p	pentso3
lane121s003951_bin.1.p	phpyr
lane121s003951_bin.1.p	pi
lane121s003951_bin.1.p	pnto__R
lane121s003951_bin.1.p	ppa
lane121s003951_bin.1.p	ppap
lane121s003951_bin.1.p	pro__L
lane121s003951_bin.1.p	progly
lane121s003951_bin.1.p	ptrc
lane121s003951_bin.1.p	pyovd_kt
lane121s003951_bin.1.p	pyr
lane121s003951_bin.1.p	raffin
lane121s003951_bin.1.p	rib__D
lane121s003951_bin.1.p	ribflv
lane121s003951_bin.1.p	rmn
lane121s003951_bin.1.p	s
lane121s003951_bin.1.p	sbt__D
lane121s003951_bin.1.p	skm
lane121s003951_bin.1.p	so3
lane121s003951_bin.1.p	so4
lane121s003951_bin.1.p	spmd
lane121s003951_bin.1.p	succ
lane121s003951_bin.1.p	sula
lane121s003951_bin.1.p	sulfac
lane121s003951_bin.1.p	taur
lane121s003951_bin.1.p	thm
lane121s003951_bin.1.p	thr__L
lane121s003951_bin.1.p	tre
lane121s003951_bin.1.p	trp__L
lane121s003951_bin.1.p	tsul
lane121s003951_bin.1.p	tyr__L
lane121s003951_bin.1.p	urea
lane121s003951_bin.1.p	uri
lane121s003951_bin.1.p	val__L
lane121s003951_bin.1.p	xtsn
lane121s003951_bin.1.p	xyl3
lane121s003951_bin.1.p	xyl__D
lane121s003951_bin.1.p	xylan4
lane121s003951_bin.1.p	xylan8
lane121s003951_bin.1.p	xylb
lane121s003951_bin.1.p	zn2
lane121s003952_megahit	R_sink_amob_c
lane121s003952_megahit	R_sink_hemeO_c
lane121s003952_megahit	R_sink_lipopb_c
lane121s003952_megahit	R_sink_mobd_c
lane121s003952_megahit	R_sink_sheme_c
lane121s003952_megahit	14glucan
lane121s003952_megahit	23camp
lane121s003952_megahit	23ccmp
lane121s003952_megahit	23cgmp
lane121s003952_megahit	23cump
lane121s003952_megahit	25dkglcn
lane121s003952_megahit	2hxmp
lane121s003952_megahit	2mbald
lane121s003952_megahit	3amp
lane121s003952_megahit	3cmp
lane121s003952_megahit	3mb
lane121s003952_megahit	3ump
lane121s003952_megahit	4abut
lane121s003952_megahit	4hba
lane121s003952_megahit	5dglcn
lane121s003952_megahit	5mcsn
lane121s003952_megahit	abt__L
lane121s003952_megahit	abt
lane121s003952_megahit	ac
lane121s003952_megahit	acac
lane121s003952_megahit	acald
lane121s003952_megahit	acgam
lane121s003952_megahit	actn__R
lane121s003952_megahit	ala_B
lane121s003952_megahit	ala_L_asp__L
lane121s003952_megahit	ala_L_glu__L
lane121s003952_megahit	ala__D
lane121s003952_megahit	ala__L
lane121s003952_megahit	anhgm
lane121s003952_megahit	arbt
lane121s003952_megahit	arg__L
lane121s003952_megahit	asn__L
lane121s003952_megahit	asp__L
lane121s003952_megahit	btn
lane121s003952_megahit	but
lane121s003952_megahit	buts
lane121s003952_megahit	butso3
lane121s003952_megahit	bz
lane121s003952_megahit	ca2
lane121s003952_megahit	cellb
lane121s003952_megahit	cgly
lane121s003952_megahit	cit
lane121s003952_megahit	cl
lane121s003952_megahit	co2
lane121s003952_megahit	cobalt2
lane121s003952_megahit	cu2
lane121s003952_megahit	cu
lane121s003952_megahit	cys__L
lane121s003952_megahit	cytd
lane121s003952_megahit	dad_2
lane121s003952_megahit	dca
lane121s003952_megahit	dcyt
lane121s003952_megahit	dextrin
lane121s003952_megahit	dhptd
lane121s003952_megahit	drib
lane121s003952_megahit	duri
lane121s003952_megahit	etha
lane121s003952_megahit	eths
lane121s003952_megahit	ethso3
lane121s003952_megahit	etoh
lane121s003952_megahit	fe2
lane121s003952_megahit	fe3
lane121s003952_megahit	fe3pyovd_kt
lane121s003952_megahit	fol
lane121s003952_megahit	for
lane121s003952_megahit	fru
lane121s003952_megahit	fuc
lane121s003952_megahit	fum
lane121s003952_megahit	g3pc
lane121s003952_megahit	galman4
lane121s003952_megahit	galman6
lane121s003952_megahit	galur
lane121s003952_megahit	gam
lane121s003952_megahit	glc__D
lane121s003952_megahit	glcman4
lane121s003952_megahit	glcman6
lane121s003952_megahit	glcn__D
lane121s003952_megahit	glcur
lane121s003952_megahit	gln__L
lane121s003952_megahit	glu__L
lane121s003952_megahit	glucan4
lane121s003952_megahit	glucan6
lane121s003952_megahit	gly_asn__L
lane121s003952_megahit	gly_asp__L
lane121s003952_megahit	gly
lane121s003952_megahit	gly_glu__L
lane121s003952_megahit	gly_pro__L
lane121s003952_megahit	glyb
lane121s003952_megahit	glyc3p
lane121s003952_megahit	glyc
lane121s003952_megahit	glyclt
lane121s003952_megahit	gthox
lane121s003952_megahit	gthrd
lane121s003952_megahit	gua
lane121s003952_megahit	h2
lane121s003952_megahit	h2o2
lane121s003952_megahit	h2o
lane121s003952_megahit	h2s
lane121s003952_megahit	h
lane121s003952_megahit	ham
lane121s003952_megahit	hco3
lane121s003952_megahit	hexs
lane121s003952_megahit	his__L
lane121s003952_megahit	hqn
lane121s003952_megahit	hxa
lane121s003952_megahit	hxan
lane121s003952_megahit	ile__L
lane121s003952_megahit	inost
lane121s003952_megahit	isetac
lane121s003952_megahit	istnt
lane121s003952_megahit	k
lane121s003952_megahit	lac__D
lane121s003952_megahit	lac__L
lane121s003952_megahit	lcts
lane121s003952_megahit	leu__L
lane121s003952_megahit	lipoate
lane121s003952_megahit	lmn2
lane121s003952_megahit	lys__L
lane121s003952_megahit	madg
lane121s003952_megahit	mal__L
lane121s003952_megahit	malt
lane121s003952_megahit	man
lane121s003952_megahit	mbdg
lane121s003952_megahit	melib
lane121s003952_megahit	meoh
lane121s003952_megahit	met_L_ala__L
lane121s003952_megahit	met__D
lane121s003952_megahit	met__L
lane121s003952_megahit	metox__R
lane121s003952_megahit	metox
lane121s003952_megahit	mg2
lane121s003952_megahit	mn2
lane121s003952_megahit	mnl
lane121s003952_megahit	mobd
lane121s003952_megahit	mso3
lane121s003952_megahit	n2
lane121s003952_megahit	n2o
lane121s003952_megahit	ncam
lane121s003952_megahit	nh4
lane121s003952_megahit	no2
lane121s003952_megahit	no3
lane121s003952_megahit	no
lane121s003952_megahit	o2
lane121s003952_megahit	octa
lane121s003952_megahit	orn__L
lane121s003952_megahit	orn
lane121s003952_megahit	oxa
lane121s003952_megahit	pi
lane121s003952_megahit	pime
lane121s003952_megahit	pnto__R
lane121s003952_megahit	ppa
lane121s003952_megahit	pro__L
lane121s003952_megahit	progly
lane121s003952_megahit	ptrc
lane121s003952_megahit	pyovd_kt
lane121s003952_megahit	pyr
lane121s003952_megahit	rib__D
lane121s003952_megahit	ribflv
lane121s003952_megahit	rmn
lane121s003952_megahit	s
lane121s003952_megahit	salchs4
lane121s003952_megahit	salcn
lane121s003952_megahit	ser__D
lane121s003952_megahit	ser__L
lane121s003952_megahit	so3
lane121s003952_megahit	so4
lane121s003952_megahit	spmd
lane121s003952_megahit	succ
lane121s003952_megahit	sucr
lane121s003952_megahit	sula
lane121s003952_megahit	sulfac
lane121s003952_megahit	taur
lane121s003952_megahit	thm
lane121s003952_megahit	thr__L
lane121s003952_megahit	tre
lane121s003952_megahit	tsul
lane121s003952_megahit	udcpdp
lane121s003952_megahit	udcpp
lane121s003952_megahit	ura
lane121s003952_megahit	urate
lane121s003952_megahit	uri
lane121s003952_megahit	xan
lane121s003952_megahit	xyl3
lane121s003952_megahit	xyl__D
lane121s003952_megahit	xylan4
lane121s003952_megahit	xylb
lane121s003952_megahit	zn2
lane121s003953_shovill	3amp
lane121s003953_shovill	LalaDgluMdap
lane121s003953_shovill	acgam
lane121s003953_shovill	akg
lane121s003953_shovill	arg__L
lane121s003953_shovill	ca2
lane121s003953_shovill	cellb
lane121s003953_shovill	cl
lane121s003953_shovill	cobalt2
lane121s003953_shovill	cu2
lane121s003953_shovill	cytd
lane121s003953_shovill	drib
lane121s003953_shovill	feenter
lane121s003953_shovill	fol
lane121s003953_shovill	fru
lane121s003953_shovill	gam
lane121s003953_shovill	glc__D
lane121s003953_shovill	glcur
lane121s003953_shovill	glu__L
lane121s003953_shovill	gly_asn__L
lane121s003953_shovill	gly
lane121s003953_shovill	glyc3p
lane121s003953_shovill	glyc
lane121s003953_shovill	gthrd
lane121s003953_shovill	gua
lane121s003953_shovill	h2o2
lane121s003953_shovill	h2o
lane121s003953_shovill	h
lane121s003953_shovill	his__L
lane121s003953_shovill	ile__L
lane121s003953_shovill	k
lane121s003953_shovill	lcts
lane121s003953_shovill	lys__L
lane121s003953_shovill	mal__L
lane121s003953_shovill	malt
lane121s003953_shovill	malthx
lane121s003953_shovill	man
lane121s003953_shovill	mg2
lane121s003953_shovill	mn2
lane121s003953_shovill	no3
lane121s003953_shovill	o2
lane121s003953_shovill	pnto__R
lane121s003953_shovill	pro__L
lane121s003953_shovill	rib__D
lane121s003953_shovill	ribflv
lane121s003953_shovill	s
lane121s003953_shovill	skm
lane121s003953_shovill	so4
lane121s003953_shovill	sucr
lane121s003953_shovill	thr__L
lane121s003953_shovill	trp__L
lane121s003953_shovill	tyr__L
lane121s003953_shovill	udcpp
lane121s003953_shovill	uri
lane121s003953_shovill	zn2
lane121s003954_shovill	25dkglcn
lane121s003954_shovill	3amp
lane121s003954_shovill	5dglcn
lane121s003954_shovill	Larab
lane121s003954_shovill	abt__L
lane121s003954_shovill	acald
lane121s003954_shovill	acgam
lane121s003954_shovill	arab__L
lane121s003954_shovill	arbt
lane121s003954_shovill	arg__L
lane121s003954_shovill	asn__L
lane121s003954_shovill	ca2
lane121s003954_shovill	cell6
lane121s003954_shovill	cellb
lane121s003954_shovill	cgly
lane121s003954_shovill	cl
lane121s003954_shovill	cobalt2
lane121s003954_shovill	cu2
lane121s003954_shovill	cytd
lane121s003954_shovill	drib
lane121s003954_shovill	fe2
lane121s003954_shovill	fru
lane121s003954_shovill	g3pg
lane121s003954_shovill	galur
lane121s003954_shovill	gam
lane121s003954_shovill	glc__D
lane121s003954_shovill	glcn__D
lane121s003954_shovill	glcn
lane121s003954_shovill	glcur
lane121s003954_shovill	gln__L
lane121s003954_shovill	glu__L
lane121s003954_shovill	gly
lane121s003954_shovill	gly_pro__L
lane121s003954_shovill	glyc
lane121s003954_shovill	gthrd
lane121s003954_shovill	gua
lane121s003954_shovill	h2o2
lane121s003954_shovill	h2o
lane121s003954_shovill	h
lane121s003954_shovill	his__L
lane121s003954_shovill	idon__L
lane121s003954_shovill	k
lane121s003954_shovill	lcts
lane121s003954_shovill	lys__L
lane121s003954_shovill	madg
lane121s003954_shovill	mal__L
lane121s003954_shovill	malt
lane121s003954_shovill	man
lane121s003954_shovill	manglyc
lane121s003954_shovill	mbdg
lane121s003954_shovill	mg2
lane121s003954_shovill	mn2
lane121s003954_shovill	mnl
lane121s003954_shovill	nh4
lane121s003954_shovill	no3
lane121s003954_shovill	o2
lane121s003954_shovill	orn__L
lane121s003954_shovill	orn
lane121s003954_shovill	phe__L
lane121s003954_shovill	pi
lane121s003954_shovill	pnto__R
lane121s003954_shovill	ppa
lane121s003954_shovill	ppoh
lane121s003954_shovill	pro__L
lane121s003954_shovill	raffin
lane121s003954_shovill	rib__D
lane121s003954_shovill	ribflv
lane121s003954_shovill	s
lane121s003954_shovill	salcn
lane121s003954_shovill	sbt__D
lane121s003954_shovill	ser__L
lane121s003954_shovill	so4
lane121s003954_shovill	sucr
lane121s003954_shovill	tartr__L
lane121s003954_shovill	thm
lane121s003954_shovill	thr__L
lane121s003954_shovill	tre
lane121s003954_shovill	trp__L
lane121s003954_shovill	tyr__L
lane121s003954_shovill	udcpp
lane121s003954_shovill	uri
lane121s003954_shovill	xyl__D
lane121s003954_shovill	zn2
lane121s003955_bin.1.s	R_sink_2ohph_c
lane121s003955_bin.1.s	R_sink_mobd_c
lane121s003955_bin.1.s	12ppd__S
lane121s003955_bin.1.s	23camp
lane121s003955_bin.1.s	23ccmp
lane121s003955_bin.1.s	23cgmp
lane121s003955_bin.1.s	23cump
lane121s003955_bin.1.s	25dkglcn
lane121s003955_bin.1.s	3amp
lane121s003955_bin.1.s	3cmp
lane121s003955_bin.1.s	3hcinnm
lane121s003955_bin.1.s	3hoxpac
lane121s003955_bin.1.s	3ump
lane121s003955_bin.1.s	4abut
lane121s003955_bin.1.s	5mcsn
lane121s003955_bin.1.s	LalaDgluMdap
lane121s003955_bin.1.s	abt__L
lane121s003955_bin.1.s	abt
lane121s003955_bin.1.s	ac
lane121s003955_bin.1.s	acac
lane121s003955_bin.1.s	acald
lane121s003955_bin.1.s	acgam
lane121s003955_bin.1.s	actn__R
lane121s003955_bin.1.s	ade
lane121s003955_bin.1.s	adn
lane121s003955_bin.1.s	ala_L_asp__L
lane121s003955_bin.1.s	ala_L_glu__L
lane121s003955_bin.1.s	ala__D
lane121s003955_bin.1.s	ala__L
lane121s003955_bin.1.s	anhgm
lane121s003955_bin.1.s	arab__L
lane121s003955_bin.1.s	arbt
lane121s003955_bin.1.s	arg__L
lane121s003955_bin.1.s	asn__L
lane121s003955_bin.1.s	buts
lane121s003955_bin.1.s	butso3
lane121s003955_bin.1.s	bz
lane121s003955_bin.1.s	ca2
lane121s003955_bin.1.s	cgly
lane121s003955_bin.1.s	cit
lane121s003955_bin.1.s	cl
lane121s003955_bin.1.s	coa
lane121s003955_bin.1.s	cobalt2
lane121s003955_bin.1.s	cu2
lane121s003955_bin.1.s	cys__L
lane121s003955_bin.1.s	cytd
lane121s003955_bin.1.s	dad_2
lane121s003955_bin.1.s	dextrin
lane121s003955_bin.1.s	dha
lane121s003955_bin.1.s	drib
lane121s003955_bin.1.s	dxyl
lane121s003955_bin.1.s	etha
lane121s003955_bin.1.s	eths
lane121s003955_bin.1.s	ethso3
lane121s003955_bin.1.s	f6p
lane121s003955_bin.1.s	fad
lane121s003955_bin.1.s	fe2
lane121s003955_bin.1.s	fe3pyovd_kt
lane121s003955_bin.1.s	feenter
lane121s003955_bin.1.s	forglu
lane121s003955_bin.1.s	fru
lane121s003955_bin.1.s	fum
lane121s003955_bin.1.s	g3pc
lane121s003955_bin.1.s	g3pe
lane121s003955_bin.1.s	g3pg
lane121s003955_bin.1.s	g3pi
lane121s003955_bin.1.s	g3ps
lane121s003955_bin.1.s	gal
lane121s003955_bin.1.s	galman4
lane121s003955_bin.1.s	galman6
lane121s003955_bin.1.s	galur
lane121s003955_bin.1.s	gam
lane121s003955_bin.1.s	glc__D
lane121s003955_bin.1.s	glcman4
lane121s003955_bin.1.s	glcman6
lane121s003955_bin.1.s	glcn
lane121s003955_bin.1.s	glcr
lane121s003955_bin.1.s	glcur
lane121s003955_bin.1.s	gln__L
lane121s003955_bin.1.s	glu__L
lane121s003955_bin.1.s	glucan4
lane121s003955_bin.1.s	glucan6
lane121s003955_bin.1.s	gly_asn__L
lane121s003955_bin.1.s	gly_asp__L
lane121s003955_bin.1.s	gly_glu__L
lane121s003955_bin.1.s	gly_pro__L
lane121s003955_bin.1.s	glyald
lane121s003955_bin.1.s	glyb
lane121s003955_bin.1.s	glyc3p
lane121s003955_bin.1.s	glyclt
lane121s003955_bin.1.s	glyphe
lane121s003955_bin.1.s	gsn
lane121s003955_bin.1.s	h2o
lane121s003955_bin.1.s	h2s
lane121s003955_bin.1.s	h
lane121s003955_bin.1.s	his__L
lane121s003955_bin.1.s	hom__L
lane121s003955_bin.1.s	hxa
lane121s003955_bin.1.s	hxan
lane121s003955_bin.1.s	ile__L
lane121s003955_bin.1.s	inost
lane121s003955_bin.1.s	ins
lane121s003955_bin.1.s	isetac
lane121s003955_bin.1.s	istnt
lane121s003955_bin.1.s	ival
lane121s003955_bin.1.s	k
lane121s003955_bin.1.s	lcts
lane121s003955_bin.1.s	leu__L
lane121s003955_bin.1.s	lmn2
lane121s003955_bin.1.s	lys__L
lane121s003955_bin.1.s	madg
lane121s003955_bin.1.s	mal__D
lane121s003955_bin.1.s	malt
lane121s003955_bin.1.s	malthx
lane121s003955_bin.1.s	malttr
lane121s003955_bin.1.s	maltttr
lane121s003955_bin.1.s	man
lane121s003955_bin.1.s	manb
lane121s003955_bin.1.s	mantr
lane121s003955_bin.1.s	manttr
lane121s003955_bin.1.s	mbdg
lane121s003955_bin.1.s	melib
lane121s003955_bin.1.s	meoh
lane121s003955_bin.1.s	met_L_ala__L
lane121s003955_bin.1.s	met__D
lane121s003955_bin.1.s	met__L
lane121s003955_bin.1.s	mg2
lane121s003955_bin.1.s	mn2
lane121s003955_bin.1.s	mnl
lane121s003955_bin.1.s	mobd
lane121s003955_bin.1.s	mso3
lane121s003955_bin.1.s	nac
lane121s003955_bin.1.s	nh4
lane121s003955_bin.1.s	no3
lane121s003955_bin.1.s	no
lane121s003955_bin.1.s	o2
lane121s003955_bin.1.s	octa
lane121s003955_bin.1.s	orn
lane121s003955_bin.1.s	oxa
lane121s003955_bin.1.s	pacald
lane121s003955_bin.1.s	pentso3
lane121s003955_bin.1.s	pi
lane121s003955_bin.1.s	pnto__R
lane121s003955_bin.1.s	pro__L
lane121s003955_bin.1.s	progly
lane121s003955_bin.1.s	ptrc
lane121s003955_bin.1.s	pyovd_kt
lane121s003955_bin.1.s	raffin
lane121s003955_bin.1.s	rib__D
lane121s003955_bin.1.s	ribflv
lane121s003955_bin.1.s	rmn
lane121s003955_bin.1.s	s
lane121s003955_bin.1.s	sbt__D
lane121s003955_bin.1.s	skm
lane121s003955_bin.1.s	so3
lane121s003955_bin.1.s	so4
lane121s003955_bin.1.s	spmd
lane121s003955_bin.1.s	starch
lane121s003955_bin.1.s	succ
lane121s003955_bin.1.s	sucr
lane121s003955_bin.1.s	sula
lane121s003955_bin.1.s	sulfac
lane121s003955_bin.1.s	taur
lane121s003955_bin.1.s	tet
lane121s003955_bin.1.s	thm
lane121s003955_bin.1.s	thr__L
lane121s003955_bin.1.s	tre
lane121s003955_bin.1.s	tsul
lane121s003955_bin.1.s	udcpp
lane121s003955_bin.1.s	urea
lane121s003955_bin.1.s	uri
lane121s003955_bin.1.s	val__L
lane121s003955_bin.1.s	xtsn
lane121s003955_bin.1.s	xyl3
lane121s003955_bin.1.s	xyl__D
lane121s003955_bin.1.s	xylan4
lane121s003955_bin.1.s	xylan8
lane121s003955_bin.1.s	xylb
lane121s003955_bin.1.s	zn2
lane121s003958_shovill	14glucan
lane121s003958_shovill	23ccmp
lane121s003958_shovill	2hxmp
lane121s003958_shovill	2mba
lane121s003958_shovill	3amp
lane121s003958_shovill	3cmp
lane121s003958_shovill	3oxoadp
lane121s003958_shovill	3ump
lane121s003958_shovill	4hba
lane121s003958_shovill	Larab
lane121s003958_shovill	abt__L
lane121s003958_shovill	acgam
lane121s003958_shovill	acmana
lane121s003958_shovill	ala_L_asp__L
lane121s003958_shovill	arab__L
lane121s003958_shovill	arbt
lane121s003958_shovill	arg__L
lane121s003958_shovill	asn__L
lane121s003958_shovill	bz
lane121s003958_shovill	ca2
lane121s003958_shovill	cellb
lane121s003958_shovill	cit
lane121s003958_shovill	cl
lane121s003958_shovill	cobalt2
lane121s003958_shovill	cu2
lane121s003958_shovill	dextrin
lane121s003958_shovill	drib
lane121s003958_shovill	fe2
lane121s003958_shovill	fol
lane121s003958_shovill	fru
lane121s003958_shovill	frulys
lane121s003958_shovill	gal
lane121s003958_shovill	galman4
lane121s003958_shovill	galman6
lane121s003958_shovill	galt
lane121s003958_shovill	galur
lane121s003958_shovill	gam
lane121s003958_shovill	glc__D
lane121s003958_shovill	glcman4
lane121s003958_shovill	glcman6
lane121s003958_shovill	glcn__D
lane121s003958_shovill	glcn
lane121s003958_shovill	glcur
lane121s003958_shovill	gln__L
lane121s003958_shovill	glucan4
lane121s003958_shovill	glucan6
lane121s003958_shovill	gly_asn__L
lane121s003958_shovill	gly_asp__L
lane121s003958_shovill	gly_glu__L
lane121s003958_shovill	glyc2p
lane121s003958_shovill	glyc3p
lane121s003958_shovill	glyc
lane121s003958_shovill	glyclt
lane121s003958_shovill	gsn
lane121s003958_shovill	gthox
lane121s003958_shovill	gthrd
lane121s003958_shovill	gua
lane121s003958_shovill	h2o2
lane121s003958_shovill	h2o
lane121s003958_shovill	h2s
lane121s003958_shovill	h
lane121s003958_shovill	ham
lane121s003958_shovill	his__L
lane121s003958_shovill	ile__L
lane121s003958_shovill	k
lane121s003958_shovill	lcts
lane121s003958_shovill	lmn2
lane121s003958_shovill	lys__L
lane121s003958_shovill	madg
lane121s003958_shovill	mal__L
lane121s003958_shovill	malt
lane121s003958_shovill	malthx
lane121s003958_shovill	malttr
lane121s003958_shovill	maltttr
lane121s003958_shovill	man
lane121s003958_shovill	manb
lane121s003958_shovill	manttr
lane121s003958_shovill	mbdg
lane121s003958_shovill	melib
lane121s003958_shovill	mg2
lane121s003958_shovill	mn2
lane121s003958_shovill	mnl
lane121s003958_shovill	nh4
lane121s003958_shovill	no2
lane121s003958_shovill	no3
lane121s003958_shovill	no
lane121s003958_shovill	o2
lane121s003958_shovill	orn
lane121s003958_shovill	phe__L
lane121s003958_shovill	raffin
lane121s003958_shovill	rbt
lane121s003958_shovill	rib__D
lane121s003958_shovill	s
lane121s003958_shovill	salcn
lane121s003958_shovill	sbt__D
lane121s003958_shovill	so3
lane121s003958_shovill	so4
lane121s003958_shovill	sucr
lane121s003958_shovill	thm
lane121s003958_shovill	thr__L
lane121s003958_shovill	tre
lane121s003958_shovill	trp__L
lane121s003958_shovill	tyr__L
lane121s003958_shovill	udcpp
lane121s003958_shovill	xyl3
lane121s003958_shovill	xyl__D
lane121s003958_shovill	xylan4
lane121s003958_shovill	xylan8
lane121s003958_shovill	xylb
lane121s003958_shovill	zn2
lane121s003960_shovill	25dkglcn
lane121s003960_shovill	3amp
lane121s003960_shovill	acald
lane121s003960_shovill	acgam
lane121s003960_shovill	akg
lane121s003960_shovill	arg__L
lane121s003960_shovill	ca2
lane121s003960_shovill	cellb
lane121s003960_shovill	cl
lane121s003960_shovill	cobalt2
lane121s003960_shovill	cu2
lane121s003960_shovill	cytd
lane121s003960_shovill	drib
lane121s003960_shovill	etha
lane121s003960_shovill	fe2
lane121s003960_shovill	fol
lane121s003960_shovill	fru
lane121s003960_shovill	galt
lane121s003960_shovill	gam
lane121s003960_shovill	gcald
lane121s003960_shovill	glcur
lane121s003960_shovill	glu__L
lane121s003960_shovill	gly_asn__L
lane121s003960_shovill	gly
lane121s003960_shovill	glyc3p
lane121s003960_shovill	glyc
lane121s003960_shovill	glyclt
lane121s003960_shovill	gthrd
lane121s003960_shovill	gua
lane121s003960_shovill	h2o2
lane121s003960_shovill	h2o
lane121s003960_shovill	h
lane121s003960_shovill	his__L
lane121s003960_shovill	ile__L
lane121s003960_shovill	k
lane121s003960_shovill	lcts
lane121s003960_shovill	lys__L
lane121s003960_shovill	mal__L
lane121s003960_shovill	malt
lane121s003960_shovill	malthx
lane121s003960_shovill	man
lane121s003960_shovill	melib
lane121s003960_shovill	mg2
lane121s003960_shovill	mn2
lane121s003960_shovill	mnl
lane121s003960_shovill	no2
lane121s003960_shovill	no3
lane121s003960_shovill	no
lane121s003960_shovill	o2
lane121s003960_shovill	oaa
lane121s003960_shovill	phe__L
lane121s003960_shovill	pnto__R
lane121s003960_shovill	pro__L
lane121s003960_shovill	pydam
lane121s003960_shovill	rib__D
lane121s003960_shovill	ribflv
lane121s003960_shovill	s
lane121s003960_shovill	sbt__D
lane121s003960_shovill	skm
lane121s003960_shovill	so4
lane121s003960_shovill	sucr
lane121s003960_shovill	tartr__L
lane121s003960_shovill	thm
lane121s003960_shovill	thr__L
lane121s003960_shovill	thymd
lane121s003960_shovill	trp__L
lane121s003960_shovill	tyr__L
lane121s003960_shovill	uri
lane121s003960_shovill	zn2
lane121s003962_megahit	5dglcn
lane121s003962_megahit	ade
lane121s003962_megahit	alltn
lane121s003962_megahit	arg__L
lane121s003962_megahit	ca2
lane121s003962_megahit	cellb
lane121s003962_megahit	cgly
lane121s003962_megahit	cl
lane121s003962_megahit	cobalt2
lane121s003962_megahit	cu2
lane121s003962_megahit	drib
lane121s003962_megahit	dxyl
lane121s003962_megahit	for
lane121s003962_megahit	fru
lane121s003962_megahit	g3pc
lane121s003962_megahit	gal_bD
lane121s003962_megahit	gal
lane121s003962_megahit	galctn__D
lane121s003962_megahit	galman4
lane121s003962_megahit	galman6
lane121s003962_megahit	galt
lane121s003962_megahit	galur
lane121s003962_megahit	gam
lane121s003962_megahit	glc__D
lane121s003962_megahit	glcman4
lane121s003962_megahit	glcman6
lane121s003962_megahit	glcur
lane121s003962_megahit	gln__L
lane121s003962_megahit	glu__L
lane121s003962_megahit	gly_asn__L
lane121s003962_megahit	glyc3p
lane121s003962_megahit	glyc
lane121s003962_megahit	gua
lane121s003962_megahit	h2o
lane121s003962_megahit	h
lane121s003962_megahit	indole
lane121s003962_megahit	k
lane121s003962_megahit	lys__L
lane121s003962_megahit	malt
lane121s003962_megahit	malthp
lane121s003962_megahit	malthx
lane121s003962_megahit	malttr
lane121s003962_megahit	maltttr
lane121s003962_megahit	man
lane121s003962_megahit	melib
lane121s003962_megahit	mg2
lane121s003962_megahit	mn2
lane121s003962_megahit	mnl
lane121s003962_megahit	nh4
lane121s003962_megahit	nmn
lane121s003962_megahit	no3
lane121s003962_megahit	o2
lane121s003962_megahit	orn
lane121s003962_megahit	pydxn
lane121s003962_megahit	raffin
lane121s003962_megahit	rib__D
lane121s003962_megahit	salchs4fe
lane121s003962_megahit	sbt__D
lane121s003962_megahit	skm
lane121s003962_megahit	so4
lane121s003962_megahit	sucr
lane121s003962_megahit	tartr__L
lane121s003962_megahit	thr__L
lane121s003962_megahit	tol
lane121s003962_megahit	tre6p
lane121s003962_megahit	tre
lane121s003962_megahit	tyr__L
lane121s003962_megahit	udcpdp
lane121s003962_megahit	ura
lane121s003962_megahit	val__L
lane121s003962_megahit	zn2
lane121s003963_shovill	23ccmp
lane121s003963_shovill	23cgmp
lane121s003963_shovill	23cump
lane121s003963_shovill	2ddglcn
lane121s003963_shovill	2hxmp
lane121s003963_shovill	2mba
lane121s003963_shovill	3amp
lane121s003963_shovill	3cmp
lane121s003963_shovill	akg
lane121s003963_shovill	ala_B
lane121s003963_shovill	arg__L
lane121s003963_shovill	bz
lane121s003963_shovill	ca2
lane121s003963_shovill	cit
lane121s003963_shovill	cl
lane121s003963_shovill	cobalt2
lane121s003963_shovill	cu2
lane121s003963_shovill	dcyt
lane121s003963_shovill	fe2
lane121s003963_shovill	fe3
lane121s003963_shovill	galct__D
lane121s003963_shovill	galman4
lane121s003963_shovill	galman6
lane121s003963_shovill	galt
lane121s003963_shovill	galur
lane121s003963_shovill	gam
lane121s003963_shovill	glc__D
lane121s003963_shovill	glcman4
lane121s003963_shovill	glcman6
lane121s003963_shovill	glcn__D
lane121s003963_shovill	glcn
lane121s003963_shovill	glcur
lane121s003963_shovill	gln__L
lane121s003963_shovill	glu__L
lane121s003963_shovill	glucan4
lane121s003963_shovill	glucan6
lane121s003963_shovill	gly_asn__L
lane121s003963_shovill	gly_asp__L
lane121s003963_shovill	glyc
lane121s003963_shovill	glyclt
lane121s003963_shovill	gsn
lane121s003963_shovill	gthox
lane121s003963_shovill	gthrd
lane121s003963_shovill	gua
lane121s003963_shovill	h2
lane121s003963_shovill	h2o2
lane121s003963_shovill	h2o
lane121s003963_shovill	h2s
lane121s003963_shovill	h
lane121s003963_shovill	ham
lane121s003963_shovill	his__L
lane121s003963_shovill	k
lane121s003963_shovill	lys__L
lane121s003963_shovill	metox
lane121s003963_shovill	mg2
lane121s003963_shovill	mmet
lane121s003963_shovill	mn2
lane121s003963_shovill	n2o
lane121s003963_shovill	nh4
lane121s003963_shovill	no3
lane121s003963_shovill	o2
lane121s003963_shovill	pro__L
lane121s003963_shovill	progly
lane121s003963_shovill	pta
lane121s003963_shovill	ptrc
lane121s003963_shovill	pyovd_kt
lane121s003963_shovill	pyr
lane121s003963_shovill	raffin
lane121s003963_shovill	rib__D
lane121s003963_shovill	rmn
lane121s003963_shovill	s
lane121s003963_shovill	so4
lane121s003963_shovill	spmd
lane121s003963_shovill	thm
lane121s003963_shovill	thr__L
lane121s003963_shovill	thymd
lane121s003963_shovill	trp__L
lane121s003963_shovill	tyr__L
lane121s003963_shovill	udcpp
lane121s003963_shovill	zn2
lane121s003964_megahit	R_sink_2ohph_c
lane121s003964_megahit	R_sink_hemeO_c
lane121s003964_megahit	R_sink_hmfurn_c
lane121s003964_megahit	R_sink_lipopb_c
lane121s003964_megahit	R_sink_mobd_c
lane121s003964_megahit	R_sink_sheme_c
lane121s003964_megahit	14glucan
lane121s003964_megahit	25dkglcn
lane121s003964_megahit	2dhglcn
lane121s003964_megahit	2hxmp
lane121s003964_megahit	2pglyc
lane121s003964_megahit	3amp
lane121s003964_megahit	3cmp
lane121s003964_megahit	3mb
lane121s003964_megahit	3oxoadp
lane121s003964_megahit	3ump
lane121s003964_megahit	4abut
lane121s003964_megahit	4hbald
lane121s003964_megahit	4hbz
lane121s003964_megahit	4hphac
lane121s003964_megahit	5dglcn
lane121s003964_megahit	LalaDgluMdap
lane121s003964_megahit	Lcyst
lane121s003964_megahit	ac
lane121s003964_megahit	acald
lane121s003964_megahit	acgam
lane121s003964_megahit	agm
lane121s003964_megahit	ala_B
lane121s003964_megahit	ala_L_asp__L
lane121s003964_megahit	ala_L_glu__L
lane121s003964_megahit	ala__D
lane121s003964_megahit	ala__L
lane121s003964_megahit	alltn
lane121s003964_megahit	anhgm
lane121s003964_megahit	arab__L
lane121s003964_megahit	arbt
lane121s003964_megahit	arg__L
lane121s003964_megahit	aso4
lane121s003964_megahit	btn
lane121s003964_megahit	but
lane121s003964_megahit	buts
lane121s003964_megahit	butso3
lane121s003964_megahit	bz
lane121s003964_megahit	ca2
lane121s003964_megahit	cellb
lane121s003964_megahit	cgly
lane121s003964_megahit	chol
lane121s003964_megahit	chols
lane121s003964_megahit	cit
lane121s003964_megahit	cl
lane121s003964_megahit	co2
lane121s003964_megahit	cobalt2
lane121s003964_megahit	crn
lane121s003964_megahit	cu2
lane121s003964_megahit	cyan
lane121s003964_megahit	cys__L
lane121s003964_megahit	cytd
lane121s003964_megahit	dca
lane121s003964_megahit	dcyt
lane121s003964_megahit	dextrin
lane121s003964_megahit	diact
lane121s003964_megahit	drib
lane121s003964_megahit	enter
lane121s003964_megahit	etha
lane121s003964_megahit	eths
lane121s003964_megahit	ethso3
lane121s003964_megahit	etoh
lane121s003964_megahit	fe2
lane121s003964_megahit	fe3
lane121s003964_megahit	fe3pyovd_kt
lane121s003964_megahit	fol
lane121s003964_megahit	for
lane121s003964_megahit	fru
lane121s003964_megahit	fruur
lane121s003964_megahit	fum
lane121s003964_megahit	gal_bD
lane121s003964_megahit	galctn__L
lane121s003964_megahit	galt
lane121s003964_megahit	galur
lane121s003964_megahit	gam
lane121s003964_megahit	gcald
lane121s003964_megahit	glc__D
lane121s003964_megahit	glcn__D
lane121s003964_megahit	glcn
lane121s003964_megahit	glcur
lane121s003964_megahit	gln__L
lane121s003964_megahit	glu__L
lane121s003964_megahit	gly_asn__L
lane121s003964_megahit	gly_asp__L
lane121s003964_megahit	gly
lane121s003964_megahit	gly_glu__L
lane121s003964_megahit	gly_pro__L
lane121s003964_megahit	glyb
lane121s003964_megahit	glyc3p
lane121s003964_megahit	glyc
lane121s003964_megahit	glyclt
lane121s003964_megahit	gthox
lane121s003964_megahit	gthrd
lane121s003964_megahit	gua
lane121s003964_megahit	h2
lane121s003964_megahit	h2o2
lane121s003964_megahit	h2o
lane121s003964_megahit	h2s
lane121s003964_megahit	h
lane121s003964_megahit	hexs
lane121s003964_megahit	his__L
lane121s003964_megahit	hom__L
lane121s003964_megahit	hqn
lane121s003964_megahit	hxa
lane121s003964_megahit	hxan
lane121s003964_megahit	icit
lane121s003964_megahit	ile__L
lane121s003964_megahit	inost
lane121s003964_megahit	isetac
lane121s003964_megahit	istnt
lane121s003964_megahit	ival
lane121s003964_megahit	k
lane121s003964_megahit	lac__L
lane121s003964_megahit	lcts
lane121s003964_megahit	leu__L
lane121s003964_megahit	lipoate
lane121s003964_megahit	lys__L
lane121s003964_megahit	lyx__L
lane121s003964_megahit	mal__D
lane121s003964_megahit	mal__L
lane121s003964_megahit	malt
lane121s003964_megahit	man
lane121s003964_megahit	melib
lane121s003964_megahit	meoh
lane121s003964_megahit	met_L_ala__L
lane121s003964_megahit	met__D
lane121s003964_megahit	met__L
lane121s003964_megahit	metox__R
lane121s003964_megahit	metox
lane121s003964_megahit	mg2
lane121s003964_megahit	mn2
lane121s003964_megahit	mnl1p
lane121s003964_megahit	mnl
lane121s003964_megahit	mobd
lane121s003964_megahit	mso3
lane121s003964_megahit	nh4
lane121s003964_megahit	no2
lane121s003964_megahit	no3
lane121s003964_megahit	no
lane121s003964_megahit	o2
lane121s003964_megahit	oaa
lane121s003964_megahit	octa
lane121s003964_megahit	orn__L
lane121s003964_megahit	orn
lane121s003964_megahit	orot
lane121s003964_megahit	oxa
lane121s003964_megahit	phe__L
lane121s003964_megahit	pi
lane121s003964_megahit	pnto__R
lane121s003964_megahit	ppa
lane121s003964_megahit	ppoh
lane121s003964_megahit	pro__L
lane121s003964_megahit	progly
lane121s003964_megahit	pta
lane121s003964_megahit	ptrc
lane121s003964_megahit	pyovd_kt
lane121s003964_megahit	pyr
lane121s003964_megahit	rib__D
lane121s003964_megahit	ribflv
lane121s003964_megahit	rmn
lane121s003964_megahit	s
lane121s003964_megahit	salcn
lane121s003964_megahit	sbt__D
lane121s003964_megahit	ser__D
lane121s003964_megahit	ser__L
lane121s003964_megahit	so3
lane121s003964_megahit	so4
lane121s003964_megahit	spmd
lane121s003964_megahit	succ
lane121s003964_megahit	sucr
lane121s003964_megahit	sula
lane121s003964_megahit	sulfac
lane121s003964_megahit	tartr__L
lane121s003964_megahit	taur
lane121s003964_megahit	tcynt
lane121s003964_megahit	thm
lane121s003964_megahit	thr__L
lane121s003964_megahit	thymd
lane121s003964_megahit	tmam
lane121s003964_megahit	tol
lane121s003964_megahit	tre
lane121s003964_megahit	trp__L
lane121s003964_megahit	tsul
lane121s003964_megahit	tyr__L
lane121s003964_megahit	udcpdp
lane121s003964_megahit	udcpp
lane121s003964_megahit	ura
lane121s003964_megahit	urate
lane121s003964_megahit	urea
lane121s003964_megahit	uri
lane121s003964_megahit	val__L
lane121s003964_megahit	xan
lane121s003964_megahit	xyl__D
lane121s003964_megahit	xylan4
lane121s003964_megahit	xylan8
lane121s003964_megahit	zn2
lane121s003965_shovill	14glucan
lane121s003965_shovill	23camp
lane121s003965_shovill	23cgmp
lane121s003965_shovill	acgam
lane121s003965_shovill	arbt
lane121s003965_shovill	arg__L
lane121s003965_shovill	asn__L
lane121s003965_shovill	ca2
lane121s003965_shovill	cellb
lane121s003965_shovill	cl
lane121s003965_shovill	cobalt2
lane121s003965_shovill	cu2
lane121s003965_shovill	cytd
lane121s003965_shovill	dextrin
lane121s003965_shovill	drib
lane121s003965_shovill	fe2
lane121s003965_shovill	fol
lane121s003965_shovill	fru
lane121s003965_shovill	fuc
lane121s003965_shovill	galman4
lane121s003965_shovill	galman6
lane121s003965_shovill	gam
lane121s003965_shovill	glc__D
lane121s003965_shovill	glcman4
lane121s003965_shovill	glcman6
lane121s003965_shovill	glcn__D
lane121s003965_shovill	glcur
lane121s003965_shovill	gln__L
lane121s003965_shovill	glucan4
lane121s003965_shovill	glucan6
lane121s003965_shovill	gly
lane121s003965_shovill	glyc3p
lane121s003965_shovill	glyc
lane121s003965_shovill	gthrd
lane121s003965_shovill	h2o2
lane121s003965_shovill	h2o
lane121s003965_shovill	h2s
lane121s003965_shovill	h
lane121s003965_shovill	ham
lane121s003965_shovill	his__L
lane121s003965_shovill	inost
lane121s003965_shovill	k
lane121s003965_shovill	lmn2
lane121s003965_shovill	lys__L
lane121s003965_shovill	madg
lane121s003965_shovill	malt
lane121s003965_shovill	man
lane121s003965_shovill	mbdg
lane121s003965_shovill	melib
lane121s003965_shovill	mg2
lane121s003965_shovill	mn2
lane121s003965_shovill	mnl
lane121s003965_shovill	n2o
lane121s003965_shovill	ncam
lane121s003965_shovill	nh4
lane121s003965_shovill	no2
lane121s003965_shovill	no3
lane121s003965_shovill	no
lane121s003965_shovill	o2
lane121s003965_shovill	orn__L
lane121s003965_shovill	rib__D
lane121s003965_shovill	ribflv
lane121s003965_shovill	s
lane121s003965_shovill	salcn
lane121s003965_shovill	ser__D
lane121s003965_shovill	ser__L
lane121s003965_shovill	so3
lane121s003965_shovill	so4
lane121s003965_shovill	sucr
lane121s003965_shovill	taur
lane121s003965_shovill	thm
lane121s003965_shovill	thr__L
lane121s003965_shovill	tre
lane121s003965_shovill	udcpdp
lane121s003965_shovill	uri
lane121s003965_shovill	xyl3
lane121s003965_shovill	xyl__D
lane121s003965_shovill	xylan4
lane121s003965_shovill	xylb
lane121s003965_shovill	zn2
lane121s003968_megahit	14glucan
lane121s003968_megahit	23camp
lane121s003968_megahit	25dkglcn
lane121s003968_megahit	2ddglcn
lane121s003968_megahit	2dhglcn
lane121s003968_megahit	4abut
lane121s003968_megahit	LalaDgluMdap
lane121s003968_megahit	acgam
lane121s003968_megahit	arbt
lane121s003968_megahit	arg__L
lane121s003968_megahit	asn__L
lane121s003968_megahit	ca2
lane121s003968_megahit	cell6
lane121s003968_megahit	cellb
lane121s003968_megahit	cit
lane121s003968_megahit	cl
lane121s003968_megahit	cobalt2
lane121s003968_megahit	cu2
lane121s003968_megahit	cyan
lane121s003968_megahit	cytd
lane121s003968_megahit	dextrin
lane121s003968_megahit	drib
lane121s003968_megahit	fe2
lane121s003968_megahit	fol
lane121s003968_megahit	fru
lane121s003968_megahit	fuc
lane121s003968_megahit	fum
lane121s003968_megahit	g3pg
lane121s003968_megahit	gam
lane121s003968_megahit	glc__D
lane121s003968_megahit	glcn__D
lane121s003968_megahit	glu__L
lane121s003968_megahit	gly
lane121s003968_megahit	glyc3p
lane121s003968_megahit	glyc
lane121s003968_megahit	glyclt
lane121s003968_megahit	gthrd
lane121s003968_megahit	gua
lane121s003968_megahit	h2o2
lane121s003968_megahit	h2o
lane121s003968_megahit	h
lane121s003968_megahit	his__L
lane121s003968_megahit	ile__L
lane121s003968_megahit	k
lane121s003968_megahit	lcts
lane121s003968_megahit	lys__L
lane121s003968_megahit	madg
lane121s003968_megahit	mal__L
lane121s003968_megahit	malt
lane121s003968_megahit	man
lane121s003968_megahit	mbdg
lane121s003968_megahit	mg2
lane121s003968_megahit	mn2
lane121s003968_megahit	mnl
lane121s003968_megahit	nmn
lane121s003968_megahit	no2
lane121s003968_megahit	no3
lane121s003968_megahit	no
lane121s003968_megahit	o2
lane121s003968_megahit	pnto__R
lane121s003968_megahit	raffin
lane121s003968_megahit	rib__D
lane121s003968_megahit	ribflv
lane121s003968_megahit	s
lane121s003968_megahit	salcn
lane121s003968_megahit	so4
lane121s003968_megahit	sucr
lane121s003968_megahit	thm
lane121s003968_megahit	thr__L
lane121s003968_megahit	thymd
lane121s003968_megahit	tre
lane121s003968_megahit	tsul
lane121s003968_megahit	udcpdp
lane121s003968_megahit	uri
lane121s003968_megahit	xyl__D
lane121s003968_megahit	zn2
lane121s003971_bin.1.s	14glucan
lane121s003971_bin.1.s	23camp
lane121s003971_bin.1.s	25dkglcn
lane121s003971_bin.1.s	2dhglcn
lane121s003971_bin.1.s	5dglcn
lane121s003971_bin.1.s	acgam
lane121s003971_bin.1.s	arbt
lane121s003971_bin.1.s	arg__L
lane121s003971_bin.1.s	asn__L
lane121s003971_bin.1.s	ca2
lane121s003971_bin.1.s	cellb
lane121s003971_bin.1.s	cit
lane121s003971_bin.1.s	cl
lane121s003971_bin.1.s	cobalt2
lane121s003971_bin.1.s	cu2
lane121s003971_bin.1.s	cu
lane121s003971_bin.1.s	cyan
lane121s003971_bin.1.s	cytd
lane121s003971_bin.1.s	dachi
lane121s003971_bin.1.s	dextrin
lane121s003971_bin.1.s	drib
lane121s003971_bin.1.s	fe2
lane121s003971_bin.1.s	fol
lane121s003971_bin.1.s	fru
lane121s003971_bin.1.s	fuc
lane121s003971_bin.1.s	fum
lane121s003971_bin.1.s	g6p_B
lane121s003971_bin.1.s	gam
lane121s003971_bin.1.s	glc__D
lane121s003971_bin.1.s	glcn__D
lane121s003971_bin.1.s	glcur
lane121s003971_bin.1.s	gln__L
lane121s003971_bin.1.s	glu__L
lane121s003971_bin.1.s	glucan4
lane121s003971_bin.1.s	glucan6
lane121s003971_bin.1.s	gly
lane121s003971_bin.1.s	glyc3p
lane121s003971_bin.1.s	glyc
lane121s003971_bin.1.s	gthrd
lane121s003971_bin.1.s	gua
lane121s003971_bin.1.s	h2o2
lane121s003971_bin.1.s	h2o
lane121s003971_bin.1.s	h2s
lane121s003971_bin.1.s	h
lane121s003971_bin.1.s	ham
lane121s003971_bin.1.s	his__L
lane121s003971_bin.1.s	k
lane121s003971_bin.1.s	lcts
lane121s003971_bin.1.s	lmn2
lane121s003971_bin.1.s	lys__L
lane121s003971_bin.1.s	mal__L
lane121s003971_bin.1.s	malt
lane121s003971_bin.1.s	man
lane121s003971_bin.1.s	melib
lane121s003971_bin.1.s	mg2
lane121s003971_bin.1.s	mn2
lane121s003971_bin.1.s	mnl
lane121s003971_bin.1.s	n2o
lane121s003971_bin.1.s	nh4
lane121s003971_bin.1.s	nmn
lane121s003971_bin.1.s	no2
lane121s003971_bin.1.s	no3
lane121s003971_bin.1.s	no
lane121s003971_bin.1.s	o2
lane121s003971_bin.1.s	rib__D
lane121s003971_bin.1.s	ribflv
lane121s003971_bin.1.s	s
lane121s003971_bin.1.s	salcn
lane121s003971_bin.1.s	ser__D
lane121s003971_bin.1.s	ser__L
lane121s003971_bin.1.s	so4
lane121s003971_bin.1.s	sucr
lane121s003971_bin.1.s	thm
lane121s003971_bin.1.s	thr__L
lane121s003971_bin.1.s	thymd
lane121s003971_bin.1.s	tre
lane121s003971_bin.1.s	tsul
lane121s003971_bin.1.s	udcpdp
lane121s003971_bin.1.s	uri
lane121s003971_bin.1.s	xyl3
lane121s003971_bin.1.s	xyl__D
lane121s003971_bin.1.s	xylan4
lane121s003971_bin.1.s	xylb
lane121s003971_bin.1.s	zn2
lane121s003972_bin.2.s	14glucan
lane121s003972_bin.2.s	23dappa
lane121s003972_bin.2.s	25dkglcn
lane121s003972_bin.2.s	2ddglcn
lane121s003972_bin.2.s	2pg
lane121s003972_bin.2.s	3pg
lane121s003972_bin.2.s	4hthr
lane121s003972_bin.2.s	5dglcn
lane121s003972_bin.2.s	6apa
lane121s003972_bin.2.s	LalaDgluMdap
lane121s003972_bin.2.s	acgam
lane121s003972_bin.2.s	acmana
lane121s003972_bin.2.s	acmum
lane121s003972_bin.2.s	acnam
lane121s003972_bin.2.s	adn
lane121s003972_bin.2.s	anhgm
lane121s003972_bin.2.s	arbt
lane121s003972_bin.2.s	arg__L
lane121s003972_bin.2.s	ascb__L
lane121s003972_bin.2.s	asn__L
lane121s003972_bin.2.s	asp__L
lane121s003972_bin.2.s	ca2
lane121s003972_bin.2.s	cellb
lane121s003972_bin.2.s	chtbs
lane121s003972_bin.2.s	cit
lane121s003972_bin.2.s	cl
lane121s003972_bin.2.s	cobalt2
lane121s003972_bin.2.s	cu2
lane121s003972_bin.2.s	cyan
lane121s003972_bin.2.s	cytd
lane121s003972_bin.2.s	dha
lane121s003972_bin.2.s	dmso
lane121s003972_bin.2.s	drib
lane121s003972_bin.2.s	dxyl
lane121s003972_bin.2.s	etha
lane121s003972_bin.2.s	f6p
lane121s003972_bin.2.s	fru
lane121s003972_bin.2.s	frulys
lane121s003972_bin.2.s	fruur
lane121s003972_bin.2.s	fuc__L
lane121s003972_bin.2.s	fum
lane121s003972_bin.2.s	g1p
lane121s003972_bin.2.s	g3pc
lane121s003972_bin.2.s	g3pe
lane121s003972_bin.2.s	g3pg
lane121s003972_bin.2.s	g3pi
lane121s003972_bin.2.s	g3ps
lane121s003972_bin.2.s	g6p
lane121s003972_bin.2.s	gal1p
lane121s003972_bin.2.s	gal_bD
lane121s003972_bin.2.s	gal
lane121s003972_bin.2.s	galam
lane121s003972_bin.2.s	galct__D
lane121s003972_bin.2.s	galctn__D
lane121s003972_bin.2.s	galctn__L
lane121s003972_bin.2.s	galt
lane121s003972_bin.2.s	galur
lane121s003972_bin.2.s	gam6p
lane121s003972_bin.2.s	gam
lane121s003972_bin.2.s	glc__D
lane121s003972_bin.2.s	glcn
lane121s003972_bin.2.s	glcr
lane121s003972_bin.2.s	glcur
lane121s003972_bin.2.s	gln__L
lane121s003972_bin.2.s	glu__L
lane121s003972_bin.2.s	gly
lane121s003972_bin.2.s	glyald
lane121s003972_bin.2.s	glyc2p
lane121s003972_bin.2.s	glyc3p
lane121s003972_bin.2.s	glyc__R
lane121s003972_bin.2.s	glyc
lane121s003972_bin.2.s	gsn
lane121s003972_bin.2.s	h2o
lane121s003972_bin.2.s	h
lane121s003972_bin.2.s	his__L
lane121s003972_bin.2.s	icit
lane121s003972_bin.2.s	idon__L
lane121s003972_bin.2.s	inost
lane121s003972_bin.2.s	k
lane121s003972_bin.2.s	lcts
lane121s003972_bin.2.s	madg
lane121s003972_bin.2.s	mal__L
lane121s003972_bin.2.s	malt
lane121s003972_bin.2.s	malthx
lane121s003972_bin.2.s	maltpt
lane121s003972_bin.2.s	malttr
lane121s003972_bin.2.s	maltttr
lane121s003972_bin.2.s	man6p
lane121s003972_bin.2.s	man
lane121s003972_bin.2.s	manglyc
lane121s003972_bin.2.s	mbdg
lane121s003972_bin.2.s	melib
lane121s003972_bin.2.s	mg2
lane121s003972_bin.2.s	mn2
lane121s003972_bin.2.s	mnl
lane121s003972_bin.2.s	nh4
lane121s003972_bin.2.s	nmn
lane121s003972_bin.2.s	no2
lane121s003972_bin.2.s	no3
lane121s003972_bin.2.s	no
lane121s003972_bin.2.s	o2
lane121s003972_bin.2.s	o2s
lane121s003972_bin.2.s	orn
lane121s003972_bin.2.s	pac
lane121s003972_bin.2.s	phe__L
lane121s003972_bin.2.s	pnto__R
lane121s003972_bin.2.s	pro__L
lane121s003972_bin.2.s	psclys
lane121s003972_bin.2.s	pydx
lane121s003972_bin.2.s	quin
lane121s003972_bin.2.s	r5p
lane121s003972_bin.2.s	raffin
lane121s003972_bin.2.s	rib__D
lane121s003972_bin.2.s	rmn
lane121s003972_bin.2.s	s
lane121s003972_bin.2.s	sbt__D
lane121s003972_bin.2.s	sel
lane121s003972_bin.2.s	ser__D
lane121s003972_bin.2.s	ser__L
lane121s003972_bin.2.s	so4
lane121s003972_bin.2.s	sucr
lane121s003972_bin.2.s	tag__D
lane121s003972_bin.2.s	tartr__D
lane121s003972_bin.2.s	tartr__L
lane121s003972_bin.2.s	tet
lane121s003972_bin.2.s	thm
lane121s003972_bin.2.s	thr__L
lane121s003972_bin.2.s	thrp
lane121s003972_bin.2.s	tmao
lane121s003972_bin.2.s	tre
lane121s003972_bin.2.s	tyr__L
lane121s003972_bin.2.s	uacgam
lane121s003972_bin.2.s	udcpp
lane121s003972_bin.2.s	udpacgal
lane121s003972_bin.2.s	udpg
lane121s003972_bin.2.s	udpgal
lane121s003972_bin.2.s	udpglcur
lane121s003972_bin.2.s	uri
lane121s003972_bin.2.s	xyl__D
lane121s003972_bin.2.s	zn2
lane121s003972_shovill	25dkglcn
lane121s003972_shovill	2ddglcn
lane121s003972_shovill	2dhglcn
lane121s003972_shovill	2hxmp
lane121s003972_shovill	2pglyc
lane121s003972_shovill	3amp
lane121s003972_shovill	3cmp
lane121s003972_shovill	3mb
lane121s003972_shovill	3ump
lane121s003972_shovill	4abut
lane121s003972_shovill	4hba
lane121s003972_shovill	4hbald
lane121s003972_shovill	4hbz
lane121s003972_shovill	4hphac
lane121s003972_shovill	5dglcn
lane121s003972_shovill	5drib
lane121s003972_shovill	LalaDgluMdap
lane121s003972_shovill	LalaLglu
lane121s003972_shovill	Larab
lane121s003972_shovill	acgam
lane121s003972_shovill	adn
lane121s003972_shovill	arab__L
lane121s003972_shovill	arbt
lane121s003972_shovill	arg__L
lane121s003972_shovill	ca2
lane121s003972_shovill	cell6
lane121s003972_shovill	cellb
lane121s003972_shovill	cgly
lane121s003972_shovill	cl
lane121s003972_shovill	cobalt2
lane121s003972_shovill	cu2
lane121s003972_shovill	cyan
lane121s003972_shovill	cytd
lane121s003972_shovill	dextrin
lane121s003972_shovill	drib
lane121s003972_shovill	fe2
lane121s003972_shovill	fol
lane121s003972_shovill	fru
lane121s003972_shovill	frulys
lane121s003972_shovill	g3pc
lane121s003972_shovill	galt
lane121s003972_shovill	gam
lane121s003972_shovill	glc__D
lane121s003972_shovill	glcn__D
lane121s003972_shovill	glcr
lane121s003972_shovill	gln__L
lane121s003972_shovill	glu__L
lane121s003972_shovill	gly_asn__L
lane121s003972_shovill	gly_asp__L
lane121s003972_shovill	gly
lane121s003972_shovill	gly_glu__L
lane121s003972_shovill	gly_pro__L
lane121s003972_shovill	glyb
lane121s003972_shovill	glyc3p
lane121s003972_shovill	glyc
lane121s003972_shovill	gsn
lane121s003972_shovill	gthox
lane121s003972_shovill	gthrd
lane121s003972_shovill	gua
lane121s003972_shovill	h2o2
lane121s003972_shovill	h2o
lane121s003972_shovill	h
lane121s003972_shovill	his__L
lane121s003972_shovill	inost
lane121s003972_shovill	k
lane121s003972_shovill	lac__L
lane121s003972_shovill	lcts
lane121s003972_shovill	madg
lane121s003972_shovill	mal__L
lane121s003972_shovill	malt
lane121s003972_shovill	malthp
lane121s003972_shovill	man
lane121s003972_shovill	mbdg
lane121s003972_shovill	metox__R
lane121s003972_shovill	metox
lane121s003972_shovill	mg2
lane121s003972_shovill	mn2
lane121s003972_shovill	mnl
lane121s003972_shovill	nh4
lane121s003972_shovill	no3
lane121s003972_shovill	o2
lane121s003972_shovill	phe__L
lane121s003972_shovill	pi
lane121s003972_shovill	raffin
lane121s003972_shovill	rib__D
lane121s003972_shovill	ribflv
lane121s003972_shovill	rmn
lane121s003972_shovill	s
lane121s003972_shovill	salchs4
lane121s003972_shovill	salcn
lane121s003972_shovill	sbt__D
lane121s003972_shovill	starch
lane121s003972_shovill	succ
lane121s003972_shovill	sucr
lane121s003972_shovill	sula
lane121s003972_shovill	tartr__L
lane121s003972_shovill	taur
lane121s003972_shovill	thm
lane121s003972_shovill	thr__L
lane121s003972_shovill	thymd
lane121s003972_shovill	tre
lane121s003972_shovill	trp__L
lane121s003972_shovill	tsul
lane121s003972_shovill	tyr__L
lane121s003972_shovill	ura
lane121s003972_shovill	uri
lane121s003972_shovill	val__L
lane121s003972_shovill	xyl__D
lane121s003972_shovill	zn2
lane121s003976_shovill	14glucan
lane121s003976_shovill	23camp
lane121s003976_shovill	23ccmp
lane121s003976_shovill	23cgmp
lane121s003976_shovill	23cump
lane121s003976_shovill	3amp
lane121s003976_shovill	acald
lane121s003976_shovill	acgam
lane121s003976_shovill	acmana
lane121s003976_shovill	akg
lane121s003976_shovill	ala_L_asp__L
lane121s003976_shovill	ala_L_glu__L
lane121s003976_shovill	ala__D
lane121s003976_shovill	ala__L
lane121s003976_shovill	anhgm
lane121s003976_shovill	arab__L
lane121s003976_shovill	arbt
lane121s003976_shovill	arg__L
lane121s003976_shovill	asn__L
lane121s003976_shovill	aso3
lane121s003976_shovill	aso4
lane121s003976_shovill	btn
lane121s003976_shovill	but
lane121s003976_shovill	bz
lane121s003976_shovill	ca2
lane121s003976_shovill	cellb
lane121s003976_shovill	chtbs
lane121s003976_shovill	cl
lane121s003976_shovill	cobalt2
lane121s003976_shovill	crn
lane121s003976_shovill	cu2
lane121s003976_shovill	cu
lane121s003976_shovill	cyan
lane121s003976_shovill	cys__L
lane121s003976_shovill	cytd
lane121s003976_shovill	dcyt
lane121s003976_shovill	dextrin
lane121s003976_shovill	diact
lane121s003976_shovill	drib
lane121s003976_shovill	ecto__L
lane121s003976_shovill	enter
lane121s003976_shovill	etha
lane121s003976_shovill	etoh
lane121s003976_shovill	fe2
lane121s003976_shovill	fe3
lane121s003976_shovill	fe3dcit
lane121s003976_shovill	fe3pyovd_kt
lane121s003976_shovill	feenter
lane121s003976_shovill	fol
lane121s003976_shovill	for
lane121s003976_shovill	frmd
lane121s003976_shovill	fru
lane121s003976_shovill	fum
lane121s003976_shovill	g3pc
lane121s003976_shovill	g3pi
lane121s003976_shovill	g3ps
lane121s003976_shovill	gal
lane121s003976_shovill	gam
lane121s003976_shovill	gcald
lane121s003976_shovill	glc__D
lane121s003976_shovill	glcn__D
lane121s003976_shovill	glcur
lane121s003976_shovill	gln__L
lane121s003976_shovill	glu__L
lane121s003976_shovill	gly_asn__L
lane121s003976_shovill	gly_asp__L
lane121s003976_shovill	gly
lane121s003976_shovill	gly_glu__L
lane121s003976_shovill	gly_pro__L
lane121s003976_shovill	glyb
lane121s003976_shovill	glyc3p
lane121s003976_shovill	glyc
lane121s003976_shovill	glyclt
lane121s003976_shovill	gsn
lane121s003976_shovill	gthox
lane121s003976_shovill	gthrd
lane121s003976_shovill	gua
lane121s003976_shovill	h2
lane121s003976_shovill	h2o2
lane121s003976_shovill	h2o
lane121s003976_shovill	h2s
lane121s003976_shovill	h
lane121s003976_shovill	ham
lane121s003976_shovill	hco3
lane121s003976_shovill	his__L
lane121s003976_shovill	hqn
lane121s003976_shovill	hxa
lane121s003976_shovill	hxan
lane121s003976_shovill	ibt
lane121s003976_shovill	ile__L
lane121s003976_shovill	inost
lane121s003976_shovill	isobuta
lane121s003976_shovill	k
lane121s003976_shovill	lcts
lane121s003976_shovill	leu__L
lane121s003976_shovill	lys__L
lane121s003976_shovill	madg
lane121s003976_shovill	mal__L
lane121s003976_shovill	malt
lane121s003976_shovill	malthx
lane121s003976_shovill	malttr
lane121s003976_shovill	maltttr
lane121s003976_shovill	man
lane121s003976_shovill	mbdg
lane121s003976_shovill	melib
lane121s003976_shovill	mg2
lane121s003976_shovill	mn2
lane121s003976_shovill	mnl1p
lane121s003976_shovill	mnl
lane121s003976_shovill	mobd
lane121s003976_shovill	mso3
lane121s003976_shovill	n2
lane121s003976_shovill	nh4
lane121s003976_shovill	no2
lane121s003976_shovill	no3
lane121s003976_shovill	no
lane121s003976_shovill	o2
lane121s003976_shovill	oaa
lane121s003976_shovill	ocdcea
lane121s003976_shovill	orot
lane121s003976_shovill	oxa
lane121s003976_shovill	pacald
lane121s003976_shovill	peamn
lane121s003976_shovill	pi
lane121s003976_shovill	pime
lane121s003976_shovill	ppa
lane121s003976_shovill	ppoh
lane121s003976_shovill	pro__L
lane121s003976_shovill	pta
lane121s003976_shovill	ptrc
lane121s003976_shovill	pyovd_kt
lane121s003976_shovill	pyr
lane121s003976_shovill	raffin
lane121s003976_shovill	rbt
lane121s003976_shovill	rib__D
lane121s003976_shovill	rmn
lane121s003976_shovill	s
lane121s003976_shovill	salchs4
lane121s003976_shovill	salchs4fe
lane121s003976_shovill	salcn
lane121s003976_shovill	sbt__D
lane121s003976_shovill	sel
lane121s003976_shovill	ser__D
lane121s003976_shovill	ser__L
lane121s003976_shovill	slnt
lane121s003976_shovill	so3
lane121s003976_shovill	so4
lane121s003976_shovill	spmd
lane121s003976_shovill	succ
lane121s003976_shovill	sucr
lane121s003976_shovill	taur
lane121s003976_shovill	tcynt
lane121s003976_shovill	tgt
lane121s003976_shovill	thm
lane121s003976_shovill	thymd
lane121s003976_shovill	tol
lane121s003976_shovill	tre
lane121s003976_shovill	tsul
lane121s003976_shovill	urate
lane121s003976_shovill	urea
lane121s003976_shovill	uri
lane121s003976_shovill	val__L
lane121s003976_shovill	xan
lane121s003976_shovill	xyl__D
lane121s003976_shovill	zn2
lane121s003977_shovill	14glucan
lane121s003977_shovill	23camp
lane121s003977_shovill	23ccmp
lane121s003977_shovill	23cgmp
lane121s003977_shovill	23cump
lane121s003977_shovill	3amp
lane121s003977_shovill	acald
lane121s003977_shovill	acgam
lane121s003977_shovill	acmana
lane121s003977_shovill	akg
lane121s003977_shovill	arab__L
lane121s003977_shovill	arbt
lane121s003977_shovill	arg__L
lane121s003977_shovill	asn__L
lane121s003977_shovill	ca2
lane121s003977_shovill	cellb
lane121s003977_shovill	cgly
lane121s003977_shovill	chol
lane121s003977_shovill	chols
lane121s003977_shovill	chtbs
lane121s003977_shovill	cit
lane121s003977_shovill	cl
lane121s003977_shovill	cobalt2
lane121s003977_shovill	cu2
lane121s003977_shovill	cyan
lane121s003977_shovill	cytd
lane121s003977_shovill	dcyt
lane121s003977_shovill	dextrin
lane121s003977_shovill	diact
lane121s003977_shovill	drib
lane121s003977_shovill	enter
lane121s003977_shovill	etha
lane121s003977_shovill	fe2
lane121s003977_shovill	fe3dcit
lane121s003977_shovill	fe3pyovd_kt
lane121s003977_shovill	feenter
lane121s003977_shovill	fol
lane121s003977_shovill	frmd
lane121s003977_shovill	fru
lane121s003977_shovill	fum
lane121s003977_shovill	g3pc
lane121s003977_shovill	g3pi
lane121s003977_shovill	g3ps
lane121s003977_shovill	gam
lane121s003977_shovill	gcald
lane121s003977_shovill	glc__D
lane121s003977_shovill	glcn__D
lane121s003977_shovill	glcur
lane121s003977_shovill	gln__L
lane121s003977_shovill	gly_asn__L
lane121s003977_shovill	gly
lane121s003977_shovill	gly_pro__L
lane121s003977_shovill	glyb
lane121s003977_shovill	glyc3p
lane121s003977_shovill	glyc
lane121s003977_shovill	glyclt
lane121s003977_shovill	gsn
lane121s003977_shovill	gthox
lane121s003977_shovill	gthrd
lane121s003977_shovill	gua
lane121s003977_shovill	h2o2
lane121s003977_shovill	h2o
lane121s003977_shovill	h2s
lane121s003977_shovill	h
lane121s003977_shovill	ham
lane121s003977_shovill	hco3
lane121s003977_shovill	his__L
lane121s003977_shovill	hxa
lane121s003977_shovill	hxan
lane121s003977_shovill	ibt
lane121s003977_shovill	ile__L
lane121s003977_shovill	isobuta
lane121s003977_shovill	k
lane121s003977_shovill	lcts
lane121s003977_shovill	leu__L
lane121s003977_shovill	lys__L
lane121s003977_shovill	madg
lane121s003977_shovill	mal__L
lane121s003977_shovill	malt
lane121s003977_shovill	malthx
lane121s003977_shovill	malttr
lane121s003977_shovill	maltttr
lane121s003977_shovill	man
lane121s003977_shovill	mbdg
lane121s003977_shovill	melib
lane121s003977_shovill	mg2
lane121s003977_shovill	mn2
lane121s003977_shovill	no2
lane121s003977_shovill	no3
lane121s003977_shovill	no
lane121s003977_shovill	o2
lane121s003977_shovill	oaa
lane121s003977_shovill	raffin
lane121s003977_shovill	rbt
lane121s003977_shovill	rib__D
lane121s003977_shovill	s
lane121s003977_shovill	salcn
lane121s003977_shovill	sbt__D
lane121s003977_shovill	so4
lane121s003977_shovill	sucr
lane121s003977_shovill	tgt
lane121s003977_shovill	thm
lane121s003977_shovill	tre
lane121s003977_shovill	tsul
lane121s003977_shovill	xyl__D
lane121s003977_shovill	zn2
lane121s003978_shovill	14glucan
lane121s003978_shovill	23camp
lane121s003978_shovill	arbt
lane121s003978_shovill	arg__L
lane121s003978_shovill	asn__L
lane121s003978_shovill	ca2
lane121s003978_shovill	cellb
lane121s003978_shovill	cl
lane121s003978_shovill	cobalt2
lane121s003978_shovill	cu2
lane121s003978_shovill	dextrin
lane121s003978_shovill	drib
lane121s003978_shovill	fe2
lane121s003978_shovill	fol
lane121s003978_shovill	fru
lane121s003978_shovill	fuc
lane121s003978_shovill	g3pg
lane121s003978_shovill	gam
lane121s003978_shovill	glc__D
lane121s003978_shovill	glcn__D
lane121s003978_shovill	glcur
lane121s003978_shovill	glucan4
lane121s003978_shovill	glucan6
lane121s003978_shovill	gly
lane121s003978_shovill	glyc3p
lane121s003978_shovill	glyc
lane121s003978_shovill	gthrd
lane121s003978_shovill	gua
lane121s003978_shovill	h2o2
lane121s003978_shovill	h2o
lane121s003978_shovill	h2s
lane121s003978_shovill	h
lane121s003978_shovill	ham
lane121s003978_shovill	his__L
lane121s003978_shovill	inost
lane121s003978_shovill	k
lane121s003978_shovill	lmn2
lane121s003978_shovill	lys__L
lane121s003978_shovill	madg
lane121s003978_shovill	malt
lane121s003978_shovill	man
lane121s003978_shovill	mbdg
lane121s003978_shovill	melib
lane121s003978_shovill	mg2
lane121s003978_shovill	mn2
lane121s003978_shovill	mnl
lane121s003978_shovill	n2o
lane121s003978_shovill	ncam
lane121s003978_shovill	nh4
lane121s003978_shovill	no2
lane121s003978_shovill	no3
lane121s003978_shovill	no
lane121s003978_shovill	o2
lane121s003978_shovill	rib__D
lane121s003978_shovill	ribflv
lane121s003978_shovill	s
lane121s003978_shovill	salcn
lane121s003978_shovill	ser__D
lane121s003978_shovill	ser__L
lane121s003978_shovill	skm
lane121s003978_shovill	so4
lane121s003978_shovill	sucr
lane121s003978_shovill	tgt
lane121s003978_shovill	thm
lane121s003978_shovill	thr__L
lane121s003978_shovill	thymd
lane121s003978_shovill	tre
lane121s003978_shovill	udcpdp
lane121s003978_shovill	uri
lane121s003978_shovill	xyl3
lane121s003978_shovill	xyl__D
lane121s003978_shovill	xylan4
lane121s003978_shovill	xylb
lane121s003978_shovill	zn2
lane121s003979_bin.1.s	14glucan
lane121s003979_bin.1.s	23camp
lane121s003979_bin.1.s	23cgmp
lane121s003979_bin.1.s	25dkglcn
lane121s003979_bin.1.s	2dhglcn
lane121s003979_bin.1.s	acgam
lane121s003979_bin.1.s	arbt
lane121s003979_bin.1.s	arg__L
lane121s003979_bin.1.s	asn__L
lane121s003979_bin.1.s	ca2
lane121s003979_bin.1.s	cellb
lane121s003979_bin.1.s	cl
lane121s003979_bin.1.s	cobalt2
lane121s003979_bin.1.s	cu2
lane121s003979_bin.1.s	cyan
lane121s003979_bin.1.s	cytd
lane121s003979_bin.1.s	dextrin
lane121s003979_bin.1.s	drib
lane121s003979_bin.1.s	fol
lane121s003979_bin.1.s	fru
lane121s003979_bin.1.s	fuc
lane121s003979_bin.1.s	fum
lane121s003979_bin.1.s	g3pc
lane121s003979_bin.1.s	g3pg
lane121s003979_bin.1.s	gam
lane121s003979_bin.1.s	glc__D
lane121s003979_bin.1.s	glcn__D
lane121s003979_bin.1.s	glcr
lane121s003979_bin.1.s	glcur
lane121s003979_bin.1.s	glucan4
lane121s003979_bin.1.s	glucan6
lane121s003979_bin.1.s	gly
lane121s003979_bin.1.s	glyc3p
lane121s003979_bin.1.s	glyc
lane121s003979_bin.1.s	gthrd
lane121s003979_bin.1.s	h2o2
lane121s003979_bin.1.s	h2o
lane121s003979_bin.1.s	h2s
lane121s003979_bin.1.s	h
lane121s003979_bin.1.s	ham
lane121s003979_bin.1.s	his__L
lane121s003979_bin.1.s	hom__L
lane121s003979_bin.1.s	k
lane121s003979_bin.1.s	lmn2
lane121s003979_bin.1.s	lys__L
lane121s003979_bin.1.s	madg
lane121s003979_bin.1.s	mal__L
lane121s003979_bin.1.s	malt
lane121s003979_bin.1.s	man
lane121s003979_bin.1.s	mbdg
lane121s003979_bin.1.s	melib
lane121s003979_bin.1.s	mg2
lane121s003979_bin.1.s	mn2
lane121s003979_bin.1.s	mnl
lane121s003979_bin.1.s	ncam
lane121s003979_bin.1.s	nh4
lane121s003979_bin.1.s	no3
lane121s003979_bin.1.s	no
lane121s003979_bin.1.s	o2
lane121s003979_bin.1.s	orn__L
lane121s003979_bin.1.s	rib__D
lane121s003979_bin.1.s	ribflv
lane121s003979_bin.1.s	s
lane121s003979_bin.1.s	salchs4fe
lane121s003979_bin.1.s	salcn
lane121s003979_bin.1.s	ser__D
lane121s003979_bin.1.s	ser__L
lane121s003979_bin.1.s	skm
lane121s003979_bin.1.s	so4
lane121s003979_bin.1.s	sucr
lane121s003979_bin.1.s	taur
lane121s003979_bin.1.s	tgt
lane121s003979_bin.1.s	thm
lane121s003979_bin.1.s	thr__L
lane121s003979_bin.1.s	tre
lane121s003979_bin.1.s	tsul
lane121s003979_bin.1.s	udcpdp
lane121s003979_bin.1.s	uri
lane121s003979_bin.1.s	xyl3
lane121s003979_bin.1.s	xyl__D
lane121s003979_bin.1.s	xylan4
lane121s003979_bin.1.s	xylb
lane121s003979_bin.1.s	zn2
lane121s003980_megahit	14glucan
lane121s003980_megahit	23camp
lane121s003980_megahit	23ccmp
lane121s003980_megahit	25dkglcn
lane121s003980_megahit	2dhglcn
lane121s003980_megahit	4abut
lane121s003980_megahit	LalaDgluMdap
lane121s003980_megahit	LalaLglu
lane121s003980_megahit	acgam
lane121s003980_megahit	arbt
lane121s003980_megahit	arg__L
lane121s003980_megahit	asn__L
lane121s003980_megahit	aso3
lane121s003980_megahit	aso4
lane121s003980_megahit	asp__L
lane121s003980_megahit	btn
lane121s003980_megahit	but
lane121s003980_megahit	bz
lane121s003980_megahit	ca2
lane121s003980_megahit	cell4
lane121s003980_megahit	cell6
lane121s003980_megahit	cellb
lane121s003980_megahit	cit
lane121s003980_megahit	cl
lane121s003980_megahit	co2
lane121s003980_megahit	co
lane121s003980_megahit	cobalt2
lane121s003980_megahit	cu2
lane121s003980_megahit	cu
lane121s003980_megahit	cyan
lane121s003980_megahit	cytd
lane121s003980_megahit	dad_2
lane121s003980_megahit	dextrin
lane121s003980_megahit	drib
lane121s003980_megahit	duri
lane121s003980_megahit	fe2
lane121s003980_megahit	fe3
lane121s003980_megahit	fe3dcit
lane121s003980_megahit	fe3pyovd_kt
lane121s003980_megahit	fol
lane121s003980_megahit	for
lane121s003980_megahit	fru
lane121s003980_megahit	fuc
lane121s003980_megahit	fum
lane121s003980_megahit	g3pg
lane121s003980_megahit	gam
lane121s003980_megahit	glc__D
lane121s003980_megahit	glcn__D
lane121s003980_megahit	glcr
lane121s003980_megahit	glcur
lane121s003980_megahit	gln__L
lane121s003980_megahit	glu__L
lane121s003980_megahit	glucan4
lane121s003980_megahit	glucan6
lane121s003980_megahit	gly
lane121s003980_megahit	gly_glu__L
lane121s003980_megahit	gly_pro__L
lane121s003980_megahit	glyb
lane121s003980_megahit	glyc3p
lane121s003980_megahit	glyc
lane121s003980_megahit	glyclt
lane121s003980_megahit	gsn
lane121s003980_megahit	gthox
lane121s003980_megahit	gthrd
lane121s003980_megahit	gua
lane121s003980_megahit	h2
lane121s003980_megahit	h2o2
lane121s003980_megahit	h2o
lane121s003980_megahit	h2s
lane121s003980_megahit	h
lane121s003980_megahit	ham
lane121s003980_megahit	hco3
lane121s003980_megahit	his__L
lane121s003980_megahit	hqn
lane121s003980_megahit	hxa
lane121s003980_megahit	hxan
lane121s003980_megahit	ile__L
lane121s003980_megahit	inost
lane121s003980_megahit	ival
lane121s003980_megahit	k
lane121s003980_megahit	lac__L
lane121s003980_megahit	lcts
lane121s003980_megahit	leu__L
lane121s003980_megahit	lipoate
lane121s003980_megahit	lmn2
lane121s003980_megahit	lys__L
lane121s003980_megahit	madg
lane121s003980_megahit	mal__L
lane121s003980_megahit	malt
lane121s003980_megahit	man
lane121s003980_megahit	mbdg
lane121s003980_megahit	melib
lane121s003980_megahit	meoh
lane121s003980_megahit	met_L_ala__L
lane121s003980_megahit	met__D
lane121s003980_megahit	met__L
lane121s003980_megahit	metox__R
lane121s003980_megahit	metox
lane121s003980_megahit	mg2
lane121s003980_megahit	mn2
lane121s003980_megahit	mnl
lane121s003980_megahit	mobd
lane121s003980_megahit	ncam
lane121s003980_megahit	no2
lane121s003980_megahit	no3
lane121s003980_megahit	no
lane121s003980_megahit	o2
lane121s003980_megahit	pnto__R
lane121s003980_megahit	rib__D
lane121s003980_megahit	ribflv
lane121s003980_megahit	s
lane121s003980_megahit	salchs4
lane121s003980_megahit	salchs4fe
lane121s003980_megahit	salcn
lane121s003980_megahit	sel
lane121s003980_megahit	ser__D
lane121s003980_megahit	ser__L
lane121s003980_megahit	skm
lane121s003980_megahit	slnt
lane121s003980_megahit	so3
lane121s003980_megahit	so4
lane121s003980_megahit	spmd
lane121s003980_megahit	stfrnA
lane121s003980_megahit	succ
lane121s003980_megahit	sucr
lane121s003980_megahit	tartr__D
lane121s003980_megahit	tcynt
lane121s003980_megahit	tgt
lane121s003980_megahit	thm
lane121s003980_megahit	thr__L
lane121s003980_megahit	thymd
lane121s003980_megahit	tol
lane121s003980_megahit	tre
lane121s003980_megahit	tsul
lane121s003980_megahit	udcpdp
lane121s003980_megahit	udcpp
lane121s003980_megahit	ura
lane121s003980_megahit	uri
lane121s003980_megahit	val__L
lane121s003980_megahit	xyl3
lane121s003980_megahit	xyl__D
lane121s003980_megahit	xylan4
lane121s003980_megahit	xylb
lane121s003980_megahit	zn2
lane121s003984_bin.1.p	25dkglcn
lane121s003984_bin.1.p	3amp
lane121s003984_bin.1.p	4hpro_LT
lane121s003984_bin.1.p	ala__L
lane121s003984_bin.1.p	arbt
lane121s003984_bin.1.p	arg__L
lane121s003984_bin.1.p	asn__L
lane121s003984_bin.1.p	aso4
lane121s003984_bin.1.p	bz
lane121s003984_bin.1.p	ca2
lane121s003984_bin.1.p	cellb
lane121s003984_bin.1.p	chor
lane121s003984_bin.1.p	cl
lane121s003984_bin.1.p	co2
lane121s003984_bin.1.p	coa
lane121s003984_bin.1.p	cobalt2
lane121s003984_bin.1.p	cu2
lane121s003984_bin.1.p	cu
lane121s003984_bin.1.p	cytd
lane121s003984_bin.1.p	dca
lane121s003984_bin.1.p	dcyt
lane121s003984_bin.1.p	ddca
lane121s003984_bin.1.p	dextrin
lane121s003984_bin.1.p	dha
lane121s003984_bin.1.p	diact
lane121s003984_bin.1.p	drib
lane121s003984_bin.1.p	dxyl
lane121s003984_bin.1.p	enter
lane121s003984_bin.1.p	etha
lane121s003984_bin.1.p	ethso3
lane121s003984_bin.1.p	etoh
lane121s003984_bin.1.p	fe2
lane121s003984_bin.1.p	fe3
lane121s003984_bin.1.p	fe3dcit
lane121s003984_bin.1.p	fe3pyovd_kt
lane121s003984_bin.1.p	feenter
lane121s003984_bin.1.p	fol
lane121s003984_bin.1.p	for
lane121s003984_bin.1.p	fru
lane121s003984_bin.1.p	fuc
lane121s003984_bin.1.p	fum
lane121s003984_bin.1.p	gal_bD
lane121s003984_bin.1.p	gal
lane121s003984_bin.1.p	galctn__D
lane121s003984_bin.1.p	galur
lane121s003984_bin.1.p	gam
lane121s003984_bin.1.p	glc__D
lane121s003984_bin.1.p	glcur
lane121s003984_bin.1.p	gln__L
lane121s003984_bin.1.p	glucan4
lane121s003984_bin.1.p	glucan6
lane121s003984_bin.1.p	gly
lane121s003984_bin.1.p	glyb
lane121s003984_bin.1.p	glyc2p
lane121s003984_bin.1.p	glyc3p
lane121s003984_bin.1.p	glyc
lane121s003984_bin.1.p	gthrd
lane121s003984_bin.1.p	h2o2
lane121s003984_bin.1.p	h2o
lane121s003984_bin.1.p	h2s
lane121s003984_bin.1.p	h
lane121s003984_bin.1.p	ile__L
lane121s003984_bin.1.p	indole
lane121s003984_bin.1.p	k
lane121s003984_bin.1.p	lcts
lane121s003984_bin.1.p	lmn2
lane121s003984_bin.1.p	lys__L
lane121s003984_bin.1.p	malt
lane121s003984_bin.1.p	malthx
lane121s003984_bin.1.p	maltpt
lane121s003984_bin.1.p	malttr
lane121s003984_bin.1.p	man
lane121s003984_bin.1.p	manttr
lane121s003984_bin.1.p	melib
lane121s003984_bin.1.p	mg2
lane121s003984_bin.1.p	mn2
lane121s003984_bin.1.p	mnl
lane121s003984_bin.1.p	mobd
lane121s003984_bin.1.p	mso3
lane121s003984_bin.1.p	nh4
lane121s003984_bin.1.p	no3
lane121s003984_bin.1.p	o2
lane121s003984_bin.1.p	oaa
lane121s003984_bin.1.p	phe__L
lane121s003984_bin.1.p	pro__L
lane121s003984_bin.1.p	progly
lane121s003984_bin.1.p	pyr
lane121s003984_bin.1.p	raffin
lane121s003984_bin.1.p	rib__D
lane121s003984_bin.1.p	ribflv
lane121s003984_bin.1.p	salcn
lane121s003984_bin.1.p	ser__D
lane121s003984_bin.1.p	so4
lane121s003984_bin.1.p	sucr
lane121s003984_bin.1.p	tre
lane121s003984_bin.1.p	uaccg
lane121s003984_bin.1.p	xyl3
lane121s003984_bin.1.p	xyl__D
lane121s003984_bin.1.p	xylb
lane121s003984_bin.1.p	zn2
lane121s003986_megahit	23camp
lane121s003986_megahit	23ccmp
lane121s003986_megahit	23cgmp
lane121s003986_megahit	23cump
lane121s003986_megahit	25dkglcn
lane121s003986_megahit	3amp
lane121s003986_megahit	3cmp
lane121s003986_megahit	4ahmmp
lane121s003986_megahit	acald
lane121s003986_megahit	ala_B
lane121s003986_megahit	ala__L
lane121s003986_megahit	arbt
lane121s003986_megahit	arg__L
lane121s003986_megahit	asn__L
lane121s003986_megahit	aso4
lane121s003986_megahit	bz
lane121s003986_megahit	ca2
lane121s003986_megahit	cellb
lane121s003986_megahit	cit
lane121s003986_megahit	cl
lane121s003986_megahit	coa
lane121s003986_megahit	cobalt2
lane121s003986_megahit	cu2
lane121s003986_megahit	dcyt
lane121s003986_megahit	dextrin
lane121s003986_megahit	drib
lane121s003986_megahit	dxyl
lane121s003986_megahit	fe2
lane121s003986_megahit	fe3dcit
lane121s003986_megahit	for
lane121s003986_megahit	fru
lane121s003986_megahit	fuc
lane121s003986_megahit	gal_bD
lane121s003986_megahit	gal
lane121s003986_megahit	galctn__D
lane121s003986_megahit	gam
lane121s003986_megahit	glc__D
lane121s003986_megahit	glcur
lane121s003986_megahit	gln__L
lane121s003986_megahit	glu__L
lane121s003986_megahit	glucan4
lane121s003986_megahit	glucan6
lane121s003986_megahit	gly
lane121s003986_megahit	glyc3p
lane121s003986_megahit	glyc
lane121s003986_megahit	gthrd
lane121s003986_megahit	h2o2
lane121s003986_megahit	h2o
lane121s003986_megahit	h
lane121s003986_megahit	ile__L
lane121s003986_megahit	indole
lane121s003986_megahit	k
lane121s003986_megahit	lcts
lane121s003986_megahit	lmn2
lane121s003986_megahit	lys__L
lane121s003986_megahit	malt
lane121s003986_megahit	malthx
lane121s003986_megahit	malttr
lane121s003986_megahit	man
lane121s003986_megahit	manttr
lane121s003986_megahit	melib
lane121s003986_megahit	mg2
lane121s003986_megahit	mn2
lane121s003986_megahit	mnl
lane121s003986_megahit	nh4
lane121s003986_megahit	nmn
lane121s003986_megahit	no3
lane121s003986_megahit	o2
lane121s003986_megahit	oaa
lane121s003986_megahit	phe__L
lane121s003986_megahit	pro__L
lane121s003986_megahit	progly
lane121s003986_megahit	pyr
lane121s003986_megahit	raffin
lane121s003986_megahit	rib__D
lane121s003986_megahit	ribflv
lane121s003986_megahit	salcn
lane121s003986_megahit	ser__D
lane121s003986_megahit	skm
lane121s003986_megahit	so4
lane121s003986_megahit	sucr
lane121s003986_megahit	tre
lane121s003986_megahit	tyr__L
lane121s003986_megahit	uaccg
lane121s003986_megahit	xyl3
lane121s003986_megahit	xyl__D
lane121s003986_megahit	xylb
lane121s003986_megahit	zn2
lane121s003995_shovill	R_sink_2ohph_c
lane121s003995_shovill	R_sink_mobd_c
lane121s003995_shovill	R_sink_sheme_c
lane121s003995_shovill	23dappa
lane121s003995_shovill	25dkglcn
lane121s003995_shovill	3amp
lane121s003995_shovill	3cmp
lane121s003995_shovill	3hoxpac
lane121s003995_shovill	3mb
lane121s003995_shovill	3ump
lane121s003995_shovill	4hbald
lane121s003995_shovill	4hphac
lane121s003995_shovill	4hpro_LT
lane121s003995_shovill	Lcyst
lane121s003995_shovill	ac
lane121s003995_shovill	acac
lane121s003995_shovill	acald
lane121s003995_shovill	acgam
lane121s003995_shovill	acglu
lane121s003995_shovill	acser
lane121s003995_shovill	actn__R
lane121s003995_shovill	agm
lane121s003995_shovill	ala__D
lane121s003995_shovill	ala__L
lane121s003995_shovill	anhgm
lane121s003995_shovill	arab__L
lane121s003995_shovill	arbt6p
lane121s003995_shovill	arbt
lane121s003995_shovill	arg__L
lane121s003995_shovill	aso3
lane121s003995_shovill	aso4
lane121s003995_shovill	asp__L
lane121s003995_shovill	btn
lane121s003995_shovill	but
lane121s003995_shovill	buts
lane121s003995_shovill	butso3
lane121s003995_shovill	bz
lane121s003995_shovill	ca2
lane121s003995_shovill	cellb
lane121s003995_shovill	cgly
lane121s003995_shovill	ch4s
lane121s003995_shovill	chol
lane121s003995_shovill	cit
lane121s003995_shovill	cl
lane121s003995_shovill	co2
lane121s003995_shovill	co
lane121s003995_shovill	cobalt2
lane121s003995_shovill	cu2
lane121s003995_shovill	cu
lane121s003995_shovill	cyan
lane121s003995_shovill	cys__L
lane121s003995_shovill	d23hb
lane121s003995_shovill	dca
lane121s003995_shovill	dextrin
lane121s003995_shovill	dha
lane121s003995_shovill	diact
lane121s003995_shovill	drib
lane121s003995_shovill	dxyl
lane121s003995_shovill	enter
lane121s003995_shovill	eths
lane121s003995_shovill	ethso3
lane121s003995_shovill	etoh
lane121s003995_shovill	fe2
lane121s003995_shovill	fe3
lane121s003995_shovill	fe3dcit
lane121s003995_shovill	fe3dhbzs
lane121s003995_shovill	fe3pyovd_kt
lane121s003995_shovill	feenter
lane121s003995_shovill	fol
lane121s003995_shovill	for
lane121s003995_shovill	fru
lane121s003995_shovill	fuc
lane121s003995_shovill	g3pc
lane121s003995_shovill	gal_bD
lane121s003995_shovill	gal
lane121s003995_shovill	galctn__D
lane121s003995_shovill	galctn__L
lane121s003995_shovill	galctr__D
lane121s003995_shovill	galman4
lane121s003995_shovill	galman6
lane121s003995_shovill	galur
lane121s003995_shovill	gam
lane121s003995_shovill	glc__D
lane121s003995_shovill	glcman4
lane121s003995_shovill	glcman6
lane121s003995_shovill	glcur
lane121s003995_shovill	gln__L
lane121s003995_shovill	gly_asn__L
lane121s003995_shovill	glyb
lane121s003995_shovill	glyc2p
lane121s003995_shovill	glyc3p
lane121s003995_shovill	glyc
lane121s003995_shovill	glyclt
lane121s003995_shovill	gua
lane121s003995_shovill	h2
lane121s003995_shovill	h2o
lane121s003995_shovill	h2s
lane121s003995_shovill	h
lane121s003995_shovill	hexs
lane121s003995_shovill	hom__L
lane121s003995_shovill	hxa
lane121s003995_shovill	hxan
lane121s003995_shovill	ile__L
lane121s003995_shovill	indole
lane121s003995_shovill	inost
lane121s003995_shovill	isetac
lane121s003995_shovill	istnt
lane121s003995_shovill	k
lane121s003995_shovill	lcts
lane121s003995_shovill	leu__L
lane121s003995_shovill	lys__L
lane121s003995_shovill	lyx__L
lane121s003995_shovill	mal__D
lane121s003995_shovill	mal__L
lane121s003995_shovill	malt
lane121s003995_shovill	malthp
lane121s003995_shovill	malthx
lane121s003995_shovill	malttr
lane121s003995_shovill	maltttr
lane121s003995_shovill	man
lane121s003995_shovill	manb
lane121s003995_shovill	manttr
lane121s003995_shovill	melib
lane121s003995_shovill	meoh
lane121s003995_shovill	met__D
lane121s003995_shovill	met__L
lane121s003995_shovill	mg2
lane121s003995_shovill	mn2
lane121s003995_shovill	mnl
lane121s003995_shovill	mobd
lane121s003995_shovill	mso3
lane121s003995_shovill	ncam
lane121s003995_shovill	nh4
lane121s003995_shovill	no3
lane121s003995_shovill	o2
lane121s003995_shovill	oaa
lane121s003995_shovill	ocdcea
lane121s003995_shovill	octa
lane121s003995_shovill	orn
lane121s003995_shovill	orot
lane121s003995_shovill	oxa
lane121s003995_shovill	pac
lane121s003995_shovill	phe__L
lane121s003995_shovill	pheme
lane121s003995_shovill	pi
lane121s003995_shovill	ppa
lane121s003995_shovill	ppap
lane121s003995_shovill	ppoh
lane121s003995_shovill	pro__L
lane121s003995_shovill	progly
lane121s003995_shovill	pta
lane121s003995_shovill	ptrc
lane121s003995_shovill	pyovd_kt
lane121s003995_shovill	pyr
lane121s003995_shovill	raffin
lane121s003995_shovill	rbt
lane121s003995_shovill	rib__D
lane121s003995_shovill	rmn
lane121s003995_shovill	salchs4
lane121s003995_shovill	salchs4fe
lane121s003995_shovill	sbt__D
lane121s003995_shovill	sel
lane121s003995_shovill	ser__L
lane121s003995_shovill	so3
lane121s003995_shovill	so4
lane121s003995_shovill	spmd
lane121s003995_shovill	sucr
lane121s003995_shovill	sula
lane121s003995_shovill	sulfac
lane121s003995_shovill	taur
lane121s003995_shovill	tcynt
lane121s003995_shovill	thm
lane121s003995_shovill	thr__L
lane121s003995_shovill	tre
lane121s003995_shovill	trp__L
lane121s003995_shovill	tsul
lane121s003995_shovill	tyr__L
lane121s003995_shovill	val__L
lane121s003995_shovill	xyl__D
lane121s003995_shovill	zn2
lane121s003996_shovill	R_sink_4crsol_c
lane121s003996_shovill	R_sink_hemeO_c
lane121s003996_shovill	R_sink_lipopb_c
lane121s003996_shovill	R_sink_mobd_c
lane121s003996_shovill	R_sink_mththf_c
lane121s003996_shovill	R_sink_sheme_c
lane121s003996_shovill	15dap
lane121s003996_shovill	25dkglcn
lane121s003996_shovill	2dhglcn
lane121s003996_shovill	3amp
lane121s003996_shovill	Larab
lane121s003996_shovill	acald
lane121s003996_shovill	acgam
lane121s003996_shovill	acnam
lane121s003996_shovill	arab__L
lane121s003996_shovill	arbt
lane121s003996_shovill	arg__L
lane121s003996_shovill	asn__L
lane121s003996_shovill	aso3
lane121s003996_shovill	aso4
lane121s003996_shovill	btn
lane121s003996_shovill	but
lane121s003996_shovill	buts
lane121s003996_shovill	butso3
lane121s003996_shovill	bz
lane121s003996_shovill	ca2
lane121s003996_shovill	cell6
lane121s003996_shovill	cellb
lane121s003996_shovill	cgly
lane121s003996_shovill	ch4s
lane121s003996_shovill	chol
lane121s003996_shovill	chols
lane121s003996_shovill	cit
lane121s003996_shovill	cl
lane121s003996_shovill	co2
lane121s003996_shovill	cobalt2
lane121s003996_shovill	cu2
lane121s003996_shovill	cyan
lane121s003996_shovill	cytd
lane121s003996_shovill	drib
lane121s003996_shovill	fe2
lane121s003996_shovill	fol
lane121s003996_shovill	fru
lane121s003996_shovill	gam
lane121s003996_shovill	glc__D
lane121s003996_shovill	glcn__D
lane121s003996_shovill	glcn
lane121s003996_shovill	gln__L
lane121s003996_shovill	glu__L
lane121s003996_shovill	gly_pro__L
lane121s003996_shovill	glyc3p
lane121s003996_shovill	glyc
lane121s003996_shovill	glyphe
lane121s003996_shovill	gthrd
lane121s003996_shovill	gua
lane121s003996_shovill	h2o2
lane121s003996_shovill	h2o
lane121s003996_shovill	h
lane121s003996_shovill	his__L
lane121s003996_shovill	k
lane121s003996_shovill	lcts
lane121s003996_shovill	lys__L
lane121s003996_shovill	madg
lane121s003996_shovill	mal__L
lane121s003996_shovill	malt
lane121s003996_shovill	man
lane121s003996_shovill	manglyc
lane121s003996_shovill	mbdg
lane121s003996_shovill	mg2
lane121s003996_shovill	mmet
lane121s003996_shovill	mn2
lane121s003996_shovill	mnl
lane121s003996_shovill	nh4
lane121s003996_shovill	no3
lane121s003996_shovill	o2
lane121s003996_shovill	pnto__R
lane121s003996_shovill	raffin
lane121s003996_shovill	rib__D
lane121s003996_shovill	ribflv
lane121s003996_shovill	s
lane121s003996_shovill	salcn
lane121s003996_shovill	sbt__D
lane121s003996_shovill	so4
lane121s003996_shovill	sucr
lane121s003996_shovill	tgt
lane121s003996_shovill	thm
lane121s003996_shovill	thr__L
lane121s003996_shovill	tre
lane121s003996_shovill	trp__L
lane121s003996_shovill	tsul
lane121s003996_shovill	tyr__L
lane121s003996_shovill	uri
lane121s003996_shovill	xyl__D
lane121s003996_shovill	zn2
lane122s000515_shovill	R_sink_hemeO_c
lane122s000515_shovill	R_sink_lipopb_c
lane122s000515_shovill	R_sink_sheme_c
lane122s000515_shovill	25dkglcn
lane122s000515_shovill	2hxmp
lane122s000515_shovill	2pglyc
lane122s000515_shovill	3amp
lane122s000515_shovill	3cmp
lane122s000515_shovill	3mb
lane122s000515_shovill	3ump
lane122s000515_shovill	4abut
lane122s000515_shovill	4hba
lane122s000515_shovill	5dglcn
lane122s000515_shovill	5mcsn
lane122s000515_shovill	5oxpro
lane122s000515_shovill	LalaLglu
lane122s000515_shovill	Larab
lane122s000515_shovill	abt__L
lane122s000515_shovill	acald
lane122s000515_shovill	acgam
lane122s000515_shovill	acglu
lane122s000515_shovill	actn__R
lane122s000515_shovill	ala_B
lane122s000515_shovill	ala_L_asp__L
lane122s000515_shovill	ala_L_glu__L
lane122s000515_shovill	ala__D
lane122s000515_shovill	ala__L
lane122s000515_shovill	alaala
lane122s000515_shovill	anhgm
lane122s000515_shovill	arab__L
lane122s000515_shovill	arbt
lane122s000515_shovill	arg__L
lane122s000515_shovill	asn__L
lane122s000515_shovill	btn
lane122s000515_shovill	but
lane122s000515_shovill	butso3
lane122s000515_shovill	bz
lane122s000515_shovill	ca2
lane122s000515_shovill	cell6
lane122s000515_shovill	cellb
lane122s000515_shovill	cgly
lane122s000515_shovill	chol
lane122s000515_shovill	chols
lane122s000515_shovill	cit
lane122s000515_shovill	cl
lane122s000515_shovill	co2
lane122s000515_shovill	cobalt2
lane122s000515_shovill	cu2
lane122s000515_shovill	cys__L
lane122s000515_shovill	cytd
lane122s000515_shovill	dcyt
lane122s000515_shovill	dhptd
lane122s000515_shovill	drib
lane122s000515_shovill	enter
lane122s000515_shovill	etha
lane122s000515_shovill	ethso3
lane122s000515_shovill	etoh
lane122s000515_shovill	fe2
lane122s000515_shovill	fe3pyovd_kt
lane122s000515_shovill	for
lane122s000515_shovill	fru
lane122s000515_shovill	galct__D
lane122s000515_shovill	galctr__D
lane122s000515_shovill	galur
lane122s000515_shovill	gam
lane122s000515_shovill	glc__D
lane122s000515_shovill	glcn
lane122s000515_shovill	glcr
lane122s000515_shovill	glcur
lane122s000515_shovill	gln__L
lane122s000515_shovill	glu__L
lane122s000515_shovill	gly_asn__L
lane122s000515_shovill	gly_asp__L
lane122s000515_shovill	gly
lane122s000515_shovill	gly_glu__L
lane122s000515_shovill	gly_pro__L
lane122s000515_shovill	glyb
lane122s000515_shovill	glyc3p
lane122s000515_shovill	glyc__R
lane122s000515_shovill	glyc
lane122s000515_shovill	glyclt
lane122s000515_shovill	gthox
lane122s000515_shovill	gthrd
lane122s000515_shovill	gua
lane122s000515_shovill	h2
lane122s000515_shovill	h2o2
lane122s000515_shovill	h2o
lane122s000515_shovill	h2s
lane122s000515_shovill	h
lane122s000515_shovill	hexs
lane122s000515_shovill	his__L
lane122s000515_shovill	hqn
lane122s000515_shovill	hxan
lane122s000515_shovill	icit
lane122s000515_shovill	idon__L
lane122s000515_shovill	ile__L
lane122s000515_shovill	inost
lane122s000515_shovill	isetac
lane122s000515_shovill	k
lane122s000515_shovill	lac__L
lane122s000515_shovill	lcts
lane122s000515_shovill	leu__L
lane122s000515_shovill	lipoate
lane122s000515_shovill	lys__L
lane122s000515_shovill	madg
lane122s000515_shovill	mal__D
lane122s000515_shovill	mal__L
lane122s000515_shovill	malt
lane122s000515_shovill	man
lane122s000515_shovill	manglyc
lane122s000515_shovill	mbdg
lane122s000515_shovill	meoh
lane122s000515_shovill	met_L_ala__L
lane122s000515_shovill	met__D
lane122s000515_shovill	met__L
lane122s000515_shovill	metox__R
lane122s000515_shovill	metox
lane122s000515_shovill	mg2
lane122s000515_shovill	mn2
lane122s000515_shovill	mnl
lane122s000515_shovill	mso3
lane122s000515_shovill	nh4
lane122s000515_shovill	no2
lane122s000515_shovill	no3
lane122s000515_shovill	no
lane122s000515_shovill	o2
lane122s000515_shovill	orn__L
lane122s000515_shovill	oxa
lane122s000515_shovill	phe__L
lane122s000515_shovill	pi
lane122s000515_shovill	pnto__R
lane122s000515_shovill	ppa
lane122s000515_shovill	ppoh
lane122s000515_shovill	pro__L
lane122s000515_shovill	progly
lane122s000515_shovill	ptrc
lane122s000515_shovill	pyovd_kt
lane122s000515_shovill	pyr
lane122s000515_shovill	raffin
lane122s000515_shovill	rib__D
lane122s000515_shovill	ribflv
lane122s000515_shovill	s
lane122s000515_shovill	salcn
lane122s000515_shovill	sbt__D
lane122s000515_shovill	ser__D
lane122s000515_shovill	ser__L
lane122s000515_shovill	so3
lane122s000515_shovill	so4
lane122s000515_shovill	spmd
lane122s000515_shovill	succ
lane122s000515_shovill	sucr
lane122s000515_shovill	sulfac
lane122s000515_shovill	tartr__L
lane122s000515_shovill	taur
lane122s000515_shovill	thm
lane122s000515_shovill	thr__L
lane122s000515_shovill	thymd
lane122s000515_shovill	tre
lane122s000515_shovill	trp__L
lane122s000515_shovill	tsul
lane122s000515_shovill	tyr__L
lane122s000515_shovill	udcpp
lane122s000515_shovill	ura
lane122s000515_shovill	urate
lane122s000515_shovill	uri
lane122s000515_shovill	xan
lane122s000515_shovill	xyl__D
lane122s000515_shovill	xylan4
lane122s000515_shovill	xylan8
lane122s000515_shovill	zn2
lane122s000516_shovill	R_sink_4crsol_c
lane122s000516_shovill	R_sink_hemeO_c
lane122s000516_shovill	R_sink_lipopb_c
lane122s000516_shovill	R_sink_mththf_c
lane122s000516_shovill	23camp
lane122s000516_shovill	23ccmp
lane122s000516_shovill	23cgmp
lane122s000516_shovill	23cump
lane122s000516_shovill	3amp
lane122s000516_shovill	3cmp
lane122s000516_shovill	3mb
lane122s000516_shovill	3ump
lane122s000516_shovill	4abut
lane122s000516_shovill	4hba
lane122s000516_shovill	4hphac
lane122s000516_shovill	5drib
lane122s000516_shovill	5mdru1p
lane122s000516_shovill	LalaLglu
lane122s000516_shovill	abt__L
lane122s000516_shovill	ac
lane122s000516_shovill	acald
lane122s000516_shovill	acgam
lane122s000516_shovill	actn__R
lane122s000516_shovill	ade
lane122s000516_shovill	ala_B
lane122s000516_shovill	ala_L_asp__L
lane122s000516_shovill	ala_L_glu__L
lane122s000516_shovill	ala__D
lane122s000516_shovill	ala__L
lane122s000516_shovill	alaala
lane122s000516_shovill	anhgm
lane122s000516_shovill	arab__L
lane122s000516_shovill	arbt6p
lane122s000516_shovill	arbt
lane122s000516_shovill	arg__L
lane122s000516_shovill	asp__D
lane122s000516_shovill	asp__L
lane122s000516_shovill	btn
lane122s000516_shovill	but
lane122s000516_shovill	bz
lane122s000516_shovill	ca2
lane122s000516_shovill	cgly
lane122s000516_shovill	chol
lane122s000516_shovill	cit
lane122s000516_shovill	cl
lane122s000516_shovill	co2
lane122s000516_shovill	cobalt2
lane122s000516_shovill	cu2
lane122s000516_shovill	cu
lane122s000516_shovill	cys__L
lane122s000516_shovill	cytd
lane122s000516_shovill	dad_2
lane122s000516_shovill	dca
lane122s000516_shovill	dcyt
lane122s000516_shovill	dextrin
lane122s000516_shovill	drib
lane122s000516_shovill	duri
lane122s000516_shovill	etha
lane122s000516_shovill	etoh
lane122s000516_shovill	fe2
lane122s000516_shovill	fe3
lane122s000516_shovill	fe3pyovd_kt
lane122s000516_shovill	fol
lane122s000516_shovill	for
lane122s000516_shovill	forglu
lane122s000516_shovill	frmd
lane122s000516_shovill	fru
lane122s000516_shovill	fuc
lane122s000516_shovill	gal
lane122s000516_shovill	gam
lane122s000516_shovill	glc__D
lane122s000516_shovill	glcn__D
lane122s000516_shovill	glcn
lane122s000516_shovill	gln__L
lane122s000516_shovill	glu__L
lane122s000516_shovill	gly_asn__L
lane122s000516_shovill	gly_asp__L
lane122s000516_shovill	gly
lane122s000516_shovill	gly_glu__L
lane122s000516_shovill	gly_pro__L
lane122s000516_shovill	glyb
lane122s000516_shovill	glyc3p
lane122s000516_shovill	glyc
lane122s000516_shovill	gsn
lane122s000516_shovill	gthox
lane122s000516_shovill	gthrd
lane122s000516_shovill	gua
lane122s000516_shovill	h2
lane122s000516_shovill	h2o2
lane122s000516_shovill	h2o
lane122s000516_shovill	h2s
lane122s000516_shovill	h
lane122s000516_shovill	hco3
lane122s000516_shovill	hdcea
lane122s000516_shovill	hexs
lane122s000516_shovill	hxa
lane122s000516_shovill	hxan
lane122s000516_shovill	ile__L
lane122s000516_shovill	inost
lane122s000516_shovill	k
lane122s000516_shovill	lcts
lane122s000516_shovill	leu__L
lane122s000516_shovill	lipoate
lane122s000516_shovill	lys__L
lane122s000516_shovill	malt
lane122s000516_shovill	malthp
lane122s000516_shovill	malttr
lane122s000516_shovill	maltttr
lane122s000516_shovill	man1p
lane122s000516_shovill	man
lane122s000516_shovill	melib
lane122s000516_shovill	meoh
lane122s000516_shovill	met_L_ala__L
lane122s000516_shovill	met__D
lane122s000516_shovill	met__L
lane122s000516_shovill	metox__R
lane122s000516_shovill	metox
lane122s000516_shovill	mg2
lane122s000516_shovill	mn2
lane122s000516_shovill	mnl1p
lane122s000516_shovill	mnl
lane122s000516_shovill	ncam
lane122s000516_shovill	nh4
lane122s000516_shovill	no2
lane122s000516_shovill	no3
lane122s000516_shovill	no
lane122s000516_shovill	o2
lane122s000516_shovill	octa
lane122s000516_shovill	orn__L
lane122s000516_shovill	orn
lane122s000516_shovill	oxa
lane122s000516_shovill	pac
lane122s000516_shovill	pi
lane122s000516_shovill	pnto__R
lane122s000516_shovill	ppa
lane122s000516_shovill	ppap
lane122s000516_shovill	ppoh
lane122s000516_shovill	pro__L
lane122s000516_shovill	progly
lane122s000516_shovill	pser__L
lane122s000516_shovill	pta
lane122s000516_shovill	ptrc
lane122s000516_shovill	pyovd_kt
lane122s000516_shovill	pyr
lane122s000516_shovill	raffin
lane122s000516_shovill	rib__D
lane122s000516_shovill	ribflv
lane122s000516_shovill	rmn
lane122s000516_shovill	s
lane122s000516_shovill	ser__D
lane122s000516_shovill	ser__L
lane122s000516_shovill	skm
lane122s000516_shovill	so3
lane122s000516_shovill	so4
lane122s000516_shovill	spmd
lane122s000516_shovill	sucr
lane122s000516_shovill	taur
lane122s000516_shovill	tgt
lane122s000516_shovill	thm
lane122s000516_shovill	thr__L
lane122s000516_shovill	thymd
lane122s000516_shovill	tre
lane122s000516_shovill	trp__L
lane122s000516_shovill	tsul
lane122s000516_shovill	ttdcea
lane122s000516_shovill	udcpp
lane122s000516_shovill	ura
lane122s000516_shovill	uri
lane122s000516_shovill	val__L
lane122s000516_shovill	xyl__D
lane122s000516_shovill	zn2
lane122s000517_bin.1.p	3amp
lane122s000517_bin.1.p	Larab
lane122s000517_bin.1.p	abt__L
lane122s000517_bin.1.p	acald
lane122s000517_bin.1.p	acgam
lane122s000517_bin.1.p	acmum
lane122s000517_bin.1.p	arab__L
lane122s000517_bin.1.p	arbt
lane122s000517_bin.1.p	arg__L
lane122s000517_bin.1.p	ca2
lane122s000517_bin.1.p	cell6
lane122s000517_bin.1.p	cellb
lane122s000517_bin.1.p	cgly
lane122s000517_bin.1.p	chol
lane122s000517_bin.1.p	cit
lane122s000517_bin.1.p	cl
lane122s000517_bin.1.p	co2
lane122s000517_bin.1.p	cobalt2
lane122s000517_bin.1.p	cu2
lane122s000517_bin.1.p	cytd
lane122s000517_bin.1.p	drib
lane122s000517_bin.1.p	fe2
lane122s000517_bin.1.p	fru
lane122s000517_bin.1.p	g3pg
lane122s000517_bin.1.p	galur
lane122s000517_bin.1.p	gam
lane122s000517_bin.1.p	glc__D
lane122s000517_bin.1.p	glcn__D
lane122s000517_bin.1.p	glcn
lane122s000517_bin.1.p	glcr
lane122s000517_bin.1.p	glcur
lane122s000517_bin.1.p	gln__L
lane122s000517_bin.1.p	glu__L
lane122s000517_bin.1.p	gly_asn__L
lane122s000517_bin.1.p	gly
lane122s000517_bin.1.p	gly_glu__L
lane122s000517_bin.1.p	gly_pro__L
lane122s000517_bin.1.p	glyc
lane122s000517_bin.1.p	glyclt
lane122s000517_bin.1.p	gthox
lane122s000517_bin.1.p	gthrd
lane122s000517_bin.1.p	gua
lane122s000517_bin.1.p	h2
lane122s000517_bin.1.p	h2o2
lane122s000517_bin.1.p	h2o
lane122s000517_bin.1.p	h2s
lane122s000517_bin.1.p	h
lane122s000517_bin.1.p	hexs
lane122s000517_bin.1.p	his__L
lane122s000517_bin.1.p	hqn
lane122s000517_bin.1.p	hxan
lane122s000517_bin.1.p	icit
lane122s000517_bin.1.p	idon__L
lane122s000517_bin.1.p	ile__L
lane122s000517_bin.1.p	inost
lane122s000517_bin.1.p	isetac
lane122s000517_bin.1.p	k
lane122s000517_bin.1.p	lac__L
lane122s000517_bin.1.p	lcts
lane122s000517_bin.1.p	leu__L
lane122s000517_bin.1.p	lys__L
lane122s000517_bin.1.p	madg
lane122s000517_bin.1.p	mal__L
lane122s000517_bin.1.p	malt
lane122s000517_bin.1.p	man
lane122s000517_bin.1.p	manglyc
lane122s000517_bin.1.p	mbdg
lane122s000517_bin.1.p	meoh
lane122s000517_bin.1.p	met_L_ala__L
lane122s000517_bin.1.p	met__D
lane122s000517_bin.1.p	met__L
lane122s000517_bin.1.p	metox__R
lane122s000517_bin.1.p	metox
lane122s000517_bin.1.p	mg2
lane122s000517_bin.1.p	mn2
lane122s000517_bin.1.p	mnl
lane122s000517_bin.1.p	nh4
lane122s000517_bin.1.p	no2
lane122s000517_bin.1.p	no3
lane122s000517_bin.1.p	o2
lane122s000517_bin.1.p	orn__L
lane122s000517_bin.1.p	phe__L
lane122s000517_bin.1.p	pnto__R
lane122s000517_bin.1.p	ppoh
lane122s000517_bin.1.p	pro__L
lane122s000517_bin.1.p	raffin
lane122s000517_bin.1.p	rib__D
lane122s000517_bin.1.p	ribflv
lane122s000517_bin.1.p	s
lane122s000517_bin.1.p	salcn
lane122s000517_bin.1.p	sbt__D
lane122s000517_bin.1.p	sucr
lane122s000517_bin.1.p	thm
lane122s000517_bin.1.p	thr__L
lane122s000517_bin.1.p	tre
lane122s000517_bin.1.p	trp__L
lane122s000517_bin.1.p	tyr__L
lane122s000517_bin.1.p	uri
lane122s000517_bin.1.p	xyl__D
lane122s000517_bin.1.p	zn2
lane122s000517_bin.2.s	R_sink_2ohph_c
lane122s000517_bin.2.s	R_sink_4crsol_c
lane122s000517_bin.2.s	R_sink_mobd_c
lane122s000517_bin.2.s	R_sink_sheme_c
lane122s000517_bin.2.s	23dappa
lane122s000517_bin.2.s	3amp
lane122s000517_bin.2.s	3mb
lane122s000517_bin.2.s	3ump
lane122s000517_bin.2.s	4hbald
lane122s000517_bin.2.s	4hphac
lane122s000517_bin.2.s	4hpro_LT
lane122s000517_bin.2.s	5aptn
lane122s000517_bin.2.s	5dglcn
lane122s000517_bin.2.s	5drib
lane122s000517_bin.2.s	Lcyst
lane122s000517_bin.2.s	abt
lane122s000517_bin.2.s	ac
lane122s000517_bin.2.s	acald
lane122s000517_bin.2.s	acgam
lane122s000517_bin.2.s	acglu
lane122s000517_bin.2.s	actn__R
lane122s000517_bin.2.s	ade
lane122s000517_bin.2.s	ala__D
lane122s000517_bin.2.s	ala__L
lane122s000517_bin.2.s	anhgm
lane122s000517_bin.2.s	arab__L
lane122s000517_bin.2.s	arbt6p
lane122s000517_bin.2.s	arbt
lane122s000517_bin.2.s	arg__L
lane122s000517_bin.2.s	asp__L
lane122s000517_bin.2.s	btn
lane122s000517_bin.2.s	btoh
lane122s000517_bin.2.s	but
lane122s000517_bin.2.s	buts
lane122s000517_bin.2.s	butso3
lane122s000517_bin.2.s	bz
lane122s000517_bin.2.s	ca2
lane122s000517_bin.2.s	cellb
lane122s000517_bin.2.s	cgly
lane122s000517_bin.2.s	cit
lane122s000517_bin.2.s	cl
lane122s000517_bin.2.s	co2
lane122s000517_bin.2.s	coa
lane122s000517_bin.2.s	cobalt2
lane122s000517_bin.2.s	cpgn_un
lane122s000517_bin.2.s	cu2
lane122s000517_bin.2.s	cys__L
lane122s000517_bin.2.s	d23hb
lane122s000517_bin.2.s	dca
lane122s000517_bin.2.s	ddca
lane122s000517_bin.2.s	drib
lane122s000517_bin.2.s	dxyl
lane122s000517_bin.2.s	etha
lane122s000517_bin.2.s	ethso3
lane122s000517_bin.2.s	etoh
lane122s000517_bin.2.s	fe2
lane122s000517_bin.2.s	fe3dcit
lane122s000517_bin.2.s	fe3hox
lane122s000517_bin.2.s	fe3hox_un
lane122s000517_bin.2.s	fe3pyovd_kt
lane122s000517_bin.2.s	feenter
lane122s000517_bin.2.s	feoxam
lane122s000517_bin.2.s	feoxam_un
lane122s000517_bin.2.s	fol
lane122s000517_bin.2.s	for
lane122s000517_bin.2.s	fru
lane122s000517_bin.2.s	g3pc
lane122s000517_bin.2.s	gal
lane122s000517_bin.2.s	galct__D
lane122s000517_bin.2.s	galctn__D
lane122s000517_bin.2.s	galman4
lane122s000517_bin.2.s	galman6
lane122s000517_bin.2.s	galt
lane122s000517_bin.2.s	galur
lane122s000517_bin.2.s	gam
lane122s000517_bin.2.s	glc__D
lane122s000517_bin.2.s	glcman4
lane122s000517_bin.2.s	glcman6
lane122s000517_bin.2.s	glcur
lane122s000517_bin.2.s	gln__L
lane122s000517_bin.2.s	glyb
lane122s000517_bin.2.s	glyc2p
lane122s000517_bin.2.s	glyc3p
lane122s000517_bin.2.s	glyc
lane122s000517_bin.2.s	h2
lane122s000517_bin.2.s	h2o
lane122s000517_bin.2.s	h
lane122s000517_bin.2.s	hdca
lane122s000517_bin.2.s	hdcea
lane122s000517_bin.2.s	hexs
lane122s000517_bin.2.s	hom__L
lane122s000517_bin.2.s	hxa
lane122s000517_bin.2.s	hxan
lane122s000517_bin.2.s	ibt
lane122s000517_bin.2.s	ile__L
lane122s000517_bin.2.s	indole
lane122s000517_bin.2.s	inost
lane122s000517_bin.2.s	isetac
lane122s000517_bin.2.s	istnt
lane122s000517_bin.2.s	k
lane122s000517_bin.2.s	leu__L
lane122s000517_bin.2.s	lys__L
lane122s000517_bin.2.s	mal__L
lane122s000517_bin.2.s	malt
lane122s000517_bin.2.s	malthx
lane122s000517_bin.2.s	malttr
lane122s000517_bin.2.s	maltttr
lane122s000517_bin.2.s	man
lane122s000517_bin.2.s	melib
lane122s000517_bin.2.s	meoh
lane122s000517_bin.2.s	met__L
lane122s000517_bin.2.s	metox__R
lane122s000517_bin.2.s	mg2
lane122s000517_bin.2.s	mn2
lane122s000517_bin.2.s	mnl
lane122s000517_bin.2.s	mobd
lane122s000517_bin.2.s	mso3
lane122s000517_bin.2.s	nh4
lane122s000517_bin.2.s	nmn
lane122s000517_bin.2.s	no2
lane122s000517_bin.2.s	no3
lane122s000517_bin.2.s	o2
lane122s000517_bin.2.s	ocdca
lane122s000517_bin.2.s	ocdcea
lane122s000517_bin.2.s	octa
lane122s000517_bin.2.s	orn
lane122s000517_bin.2.s	orot
lane122s000517_bin.2.s	oxa
lane122s000517_bin.2.s	pac
lane122s000517_bin.2.s	phe__L
lane122s000517_bin.2.s	pi
lane122s000517_bin.2.s	ppa
lane122s000517_bin.2.s	ppap
lane122s000517_bin.2.s	ppoh
lane122s000517_bin.2.s	pro__L
lane122s000517_bin.2.s	pta
lane122s000517_bin.2.s	ptrc
lane122s000517_bin.2.s	pyovd_kt
lane122s000517_bin.2.s	pyr
lane122s000517_bin.2.s	raffin
lane122s000517_bin.2.s	rbt
lane122s000517_bin.2.s	rib__D
lane122s000517_bin.2.s	rmn
lane122s000517_bin.2.s	rnam
lane122s000517_bin.2.s	s
lane122s000517_bin.2.s	salchs4
lane122s000517_bin.2.s	salchs4fe
lane122s000517_bin.2.s	sbt__D
lane122s000517_bin.2.s	sel
lane122s000517_bin.2.s	skm
lane122s000517_bin.2.s	slnt
lane122s000517_bin.2.s	so3
lane122s000517_bin.2.s	so4
lane122s000517_bin.2.s	spmd
lane122s000517_bin.2.s	sucr
lane122s000517_bin.2.s	sula
lane122s000517_bin.2.s	sulfac
lane122s000517_bin.2.s	taur
lane122s000517_bin.2.s	tcynt
lane122s000517_bin.2.s	thm
lane122s000517_bin.2.s	thr__L
lane122s000517_bin.2.s	tre
lane122s000517_bin.2.s	trp__L
lane122s000517_bin.2.s	ttdca
lane122s000517_bin.2.s	ttdcea
lane122s000517_bin.2.s	tyr__L
lane122s000517_bin.2.s	val__L
lane122s000517_bin.2.s	xan
lane122s000517_bin.2.s	xyl__D
lane122s000517_bin.2.s	xylu__L
lane122s000517_bin.2.s	zn2
lane122s000518_bin.1.p	25dkglcn
lane122s000518_bin.1.p	5dglcn
lane122s000518_bin.1.p	LalaDgluMdap
lane122s000518_bin.1.p	acgam
lane122s000518_bin.1.p	adn
lane122s000518_bin.1.p	arg__L
lane122s000518_bin.1.p	ca2
lane122s000518_bin.1.p	cellb
lane122s000518_bin.1.p	cgly
lane122s000518_bin.1.p	chor
lane122s000518_bin.1.p	cl
lane122s000518_bin.1.p	coa
lane122s000518_bin.1.p	cobalt2
lane122s000518_bin.1.p	cu2
lane122s000518_bin.1.p	dad_2
lane122s000518_bin.1.p	dextrin
lane122s000518_bin.1.p	dha
lane122s000518_bin.1.p	fald
lane122s000518_bin.1.p	feenter
lane122s000518_bin.1.p	fol
lane122s000518_bin.1.p	g3ps
lane122s000518_bin.1.p	glcman4
lane122s000518_bin.1.p	glcman6
lane122s000518_bin.1.p	gln__L
lane122s000518_bin.1.p	glucan4
lane122s000518_bin.1.p	glucan6
lane122s000518_bin.1.p	gly_asn__L
lane122s000518_bin.1.p	glyald
lane122s000518_bin.1.p	gua
lane122s000518_bin.1.p	h
lane122s000518_bin.1.p	his__L
lane122s000518_bin.1.p	k
lane122s000518_bin.1.p	lmn2
lane122s000518_bin.1.p	mal__L
lane122s000518_bin.1.p	malt
lane122s000518_bin.1.p	malthx
lane122s000518_bin.1.p	malttr
lane122s000518_bin.1.p	maltttr
lane122s000518_bin.1.p	manb
lane122s000518_bin.1.p	mantr
lane122s000518_bin.1.p	manttr
lane122s000518_bin.1.p	metox__R
lane122s000518_bin.1.p	mg2
lane122s000518_bin.1.p	mn2
lane122s000518_bin.1.p	nh4
lane122s000518_bin.1.p	nmn
lane122s000518_bin.1.p	no
lane122s000518_bin.1.p	o2
lane122s000518_bin.1.p	phpyr
lane122s000518_bin.1.p	rib__D
lane122s000518_bin.1.p	ribflv
lane122s000518_bin.1.p	so3
lane122s000518_bin.1.p	so4
lane122s000518_bin.1.p	thm
lane122s000518_bin.1.p	tre
lane122s000518_bin.1.p	trp__L
lane122s000518_bin.1.p	tyr__L
lane122s000518_bin.1.p	xylan4
lane122s000518_bin.1.p	xylan8
lane122s000518_bin.1.p	zn2
lane122s000519_bin.1.s	R_sink_hemeO_c
lane122s000519_bin.1.s	R_sink_lipopb_c
lane122s000519_bin.1.s	R_sink_mobd_c
lane122s000519_bin.1.s	R_sink_sheme_c
lane122s000519_bin.1.s	12ppd__S
lane122s000519_bin.1.s	14glucan
lane122s000519_bin.1.s	25dkglcn
lane122s000519_bin.1.s	2mbald
lane122s000519_bin.1.s	3amp
lane122s000519_bin.1.s	3mb
lane122s000519_bin.1.s	3ump
lane122s000519_bin.1.s	4abut
lane122s000519_bin.1.s	4hba
lane122s000519_bin.1.s	4hphac
lane122s000519_bin.1.s	abt__L
lane122s000519_bin.1.s	acald
lane122s000519_bin.1.s	acgam
lane122s000519_bin.1.s	ala_B
lane122s000519_bin.1.s	ala_L_asp__L
lane122s000519_bin.1.s	ala_L_glu__L
lane122s000519_bin.1.s	ala__D
lane122s000519_bin.1.s	ala__L
lane122s000519_bin.1.s	alltn
lane122s000519_bin.1.s	anhgm
lane122s000519_bin.1.s	arab__L
lane122s000519_bin.1.s	arbt
lane122s000519_bin.1.s	arg__L
lane122s000519_bin.1.s	but
lane122s000519_bin.1.s	buts
lane122s000519_bin.1.s	butso3
lane122s000519_bin.1.s	bz
lane122s000519_bin.1.s	ca2
lane122s000519_bin.1.s	cellb
lane122s000519_bin.1.s	cgly
lane122s000519_bin.1.s	chol
lane122s000519_bin.1.s	cinnm
lane122s000519_bin.1.s	cit
lane122s000519_bin.1.s	cl
lane122s000519_bin.1.s	cobalt2
lane122s000519_bin.1.s	cu2
lane122s000519_bin.1.s	cys__L
lane122s000519_bin.1.s	cytd
lane122s000519_bin.1.s	dca
lane122s000519_bin.1.s	dcyt
lane122s000519_bin.1.s	dextrin
lane122s000519_bin.1.s	drib
lane122s000519_bin.1.s	etha
lane122s000519_bin.1.s	eths
lane122s000519_bin.1.s	ethso3
lane122s000519_bin.1.s	etoh
lane122s000519_bin.1.s	fe2
lane122s000519_bin.1.s	fe3pyovd_kt
lane122s000519_bin.1.s	fol
lane122s000519_bin.1.s	forglu
lane122s000519_bin.1.s	fru
lane122s000519_bin.1.s	gal
lane122s000519_bin.1.s	galctn__D
lane122s000519_bin.1.s	galctn__L
lane122s000519_bin.1.s	galt
lane122s000519_bin.1.s	gam
lane122s000519_bin.1.s	glc__D
lane122s000519_bin.1.s	glcn__D
lane122s000519_bin.1.s	glcn
lane122s000519_bin.1.s	glcur
lane122s000519_bin.1.s	glu__L
lane122s000519_bin.1.s	gly_asn__L
lane122s000519_bin.1.s	gly
lane122s000519_bin.1.s	gly_pro__L
lane122s000519_bin.1.s	glyb
lane122s000519_bin.1.s	glyc3p
lane122s000519_bin.1.s	glyc
lane122s000519_bin.1.s	gthox
lane122s000519_bin.1.s	gthrd
lane122s000519_bin.1.s	gua
lane122s000519_bin.1.s	h2o2
lane122s000519_bin.1.s	h2o
lane122s000519_bin.1.s	h2s
lane122s000519_bin.1.s	h
lane122s000519_bin.1.s	hdcea
lane122s000519_bin.1.s	hexs
lane122s000519_bin.1.s	his__L
lane122s000519_bin.1.s	hxa
lane122s000519_bin.1.s	hxan
lane122s000519_bin.1.s	ile__L
lane122s000519_bin.1.s	inost
lane122s000519_bin.1.s	istnt
lane122s000519_bin.1.s	k
lane122s000519_bin.1.s	lcts
lane122s000519_bin.1.s	leu__L
lane122s000519_bin.1.s	lipoate
lane122s000519_bin.1.s	lys__L
lane122s000519_bin.1.s	mal__L
lane122s000519_bin.1.s	malt
lane122s000519_bin.1.s	malthx
lane122s000519_bin.1.s	man
lane122s000519_bin.1.s	melib
lane122s000519_bin.1.s	meoh
lane122s000519_bin.1.s	met_L_ala__L
lane122s000519_bin.1.s	met__D
lane122s000519_bin.1.s	met__L
lane122s000519_bin.1.s	metox__R
lane122s000519_bin.1.s	metox
lane122s000519_bin.1.s	mg2
lane122s000519_bin.1.s	mmet
lane122s000519_bin.1.s	mn2
lane122s000519_bin.1.s	mnl
lane122s000519_bin.1.s	mobd
lane122s000519_bin.1.s	mso3
lane122s000519_bin.1.s	nh4
lane122s000519_bin.1.s	no3
lane122s000519_bin.1.s	no
lane122s000519_bin.1.s	o2
lane122s000519_bin.1.s	octa
lane122s000519_bin.1.s	orn__L
lane122s000519_bin.1.s	orot
lane122s000519_bin.1.s	oxa
lane122s000519_bin.1.s	phe__L
lane122s000519_bin.1.s	pi
lane122s000519_bin.1.s	pnto__R
lane122s000519_bin.1.s	ppa
lane122s000519_bin.1.s	ppap
lane122s000519_bin.1.s	ppoh
lane122s000519_bin.1.s	pro__L
lane122s000519_bin.1.s	pta
lane122s000519_bin.1.s	ptrc
lane122s000519_bin.1.s	pyovd_kt
lane122s000519_bin.1.s	pyr
lane122s000519_bin.1.s	rib__D
lane122s000519_bin.1.s	ribflv
lane122s000519_bin.1.s	s
lane122s000519_bin.1.s	salcn
lane122s000519_bin.1.s	ser__D
lane122s000519_bin.1.s	ser__L
lane122s000519_bin.1.s	skm
lane122s000519_bin.1.s	so3
lane122s000519_bin.1.s	so4
lane122s000519_bin.1.s	spmd
lane122s000519_bin.1.s	succ
lane122s000519_bin.1.s	sucr
lane122s000519_bin.1.s	sula
lane122s000519_bin.1.s	sulfac
lane122s000519_bin.1.s	tartr__L
lane122s000519_bin.1.s	taur
lane122s000519_bin.1.s	thr__L
lane122s000519_bin.1.s	thymd
lane122s000519_bin.1.s	tol
lane122s000519_bin.1.s	tre
lane122s000519_bin.1.s	trp__L
lane122s000519_bin.1.s	tsul
lane122s000519_bin.1.s	ttdcea
lane122s000519_bin.1.s	tyr__L
lane122s000519_bin.1.s	udcpdp
lane122s000519_bin.1.s	udcpp
lane122s000519_bin.1.s	ura
lane122s000519_bin.1.s	urate
lane122s000519_bin.1.s	uri
lane122s000519_bin.1.s	val__L
lane122s000519_bin.1.s	xan
lane122s000519_bin.1.s	xyl__D
lane122s000519_bin.1.s	zn2
lane122s000519_bin.2.s	2hxmp
lane122s000519_bin.2.s	3amp
lane122s000519_bin.2.s	Larab
lane122s000519_bin.2.s	acgam
lane122s000519_bin.2.s	arab__L
lane122s000519_bin.2.s	arbt
lane122s000519_bin.2.s	arg__L
lane122s000519_bin.2.s	ca2
lane122s000519_bin.2.s	cell6
lane122s000519_bin.2.s	cellb
lane122s000519_bin.2.s	cgly
lane122s000519_bin.2.s	cl
lane122s000519_bin.2.s	cobalt2
lane122s000519_bin.2.s	cu2
lane122s000519_bin.2.s	cyan
lane122s000519_bin.2.s	cytd
lane122s000519_bin.2.s	drib
lane122s000519_bin.2.s	fe2
lane122s000519_bin.2.s	fol
lane122s000519_bin.2.s	fru
lane122s000519_bin.2.s	gam
lane122s000519_bin.2.s	glc__D
lane122s000519_bin.2.s	gln__L
lane122s000519_bin.2.s	glu__L
lane122s000519_bin.2.s	gly_asn__L
lane122s000519_bin.2.s	gly
lane122s000519_bin.2.s	gly_pro__L
lane122s000519_bin.2.s	glyc
lane122s000519_bin.2.s	gthrd
lane122s000519_bin.2.s	gua
lane122s000519_bin.2.s	h2o2
lane122s000519_bin.2.s	h2o
lane122s000519_bin.2.s	h
lane122s000519_bin.2.s	his__L
lane122s000519_bin.2.s	indole
lane122s000519_bin.2.s	inost
lane122s000519_bin.2.s	k
lane122s000519_bin.2.s	lcts
lane122s000519_bin.2.s	lys__L
lane122s000519_bin.2.s	madg
lane122s000519_bin.2.s	malt
lane122s000519_bin.2.s	man
lane122s000519_bin.2.s	manglyc
lane122s000519_bin.2.s	mbdg
lane122s000519_bin.2.s	mg2
lane122s000519_bin.2.s	mn2
lane122s000519_bin.2.s	mnl
lane122s000519_bin.2.s	nh4
lane122s000519_bin.2.s	no3
lane122s000519_bin.2.s	o2
lane122s000519_bin.2.s	phe__L
lane122s000519_bin.2.s	raffin
lane122s000519_bin.2.s	rib__D
lane122s000519_bin.2.s	ribflv
lane122s000519_bin.2.s	s
lane122s000519_bin.2.s	salcn
lane122s000519_bin.2.s	sbt__D
lane122s000519_bin.2.s	ser__L
lane122s000519_bin.2.s	sucr
lane122s000519_bin.2.s	tgt
lane122s000519_bin.2.s	thm
lane122s000519_bin.2.s	thr__L
lane122s000519_bin.2.s	tre
lane122s000519_bin.2.s	tsul
lane122s000519_bin.2.s	tyr__L
lane122s000519_bin.2.s	udcpp
lane122s000519_bin.2.s	uri
lane122s000519_bin.2.s	xyl__D
lane122s000519_bin.2.s	zn2
lane122s000519_bin.3.s	R_sink_2ohph_c
lane122s000519_bin.3.s	R_sink_4crsol_c
lane122s000519_bin.3.s	R_sink_mobd_c
lane122s000519_bin.3.s	R_sink_sheme_c
lane122s000519_bin.3.s	23dappa
lane122s000519_bin.3.s	3amp
lane122s000519_bin.3.s	3mb
lane122s000519_bin.3.s	3ump
lane122s000519_bin.3.s	4hbald
lane122s000519_bin.3.s	4hphac
lane122s000519_bin.3.s	4hpro_LT
lane122s000519_bin.3.s	5aptn
lane122s000519_bin.3.s	5dglcn
lane122s000519_bin.3.s	5drib
lane122s000519_bin.3.s	Lcyst
lane122s000519_bin.3.s	abt
lane122s000519_bin.3.s	ac
lane122s000519_bin.3.s	acald
lane122s000519_bin.3.s	acgam
lane122s000519_bin.3.s	acglu
lane122s000519_bin.3.s	actn__R
lane122s000519_bin.3.s	ade
lane122s000519_bin.3.s	ala__D
lane122s000519_bin.3.s	ala__L
lane122s000519_bin.3.s	anhgm
lane122s000519_bin.3.s	arab__L
lane122s000519_bin.3.s	arbt6p
lane122s000519_bin.3.s	arbt
lane122s000519_bin.3.s	arg__L
lane122s000519_bin.3.s	asp__D
lane122s000519_bin.3.s	asp__L
lane122s000519_bin.3.s	btn
lane122s000519_bin.3.s	btoh
lane122s000519_bin.3.s	but
lane122s000519_bin.3.s	buts
lane122s000519_bin.3.s	butso3
lane122s000519_bin.3.s	bz
lane122s000519_bin.3.s	ca2
lane122s000519_bin.3.s	cellb
lane122s000519_bin.3.s	cgly
lane122s000519_bin.3.s	chol
lane122s000519_bin.3.s	cit
lane122s000519_bin.3.s	cl
lane122s000519_bin.3.s	co2
lane122s000519_bin.3.s	coa
lane122s000519_bin.3.s	cobalt2
lane122s000519_bin.3.s	cpgn
lane122s000519_bin.3.s	cpgn_un
lane122s000519_bin.3.s	cu2
lane122s000519_bin.3.s	cyan
lane122s000519_bin.3.s	cys__L
lane122s000519_bin.3.s	d23hb
lane122s000519_bin.3.s	dca
lane122s000519_bin.3.s	ddca
lane122s000519_bin.3.s	drib
lane122s000519_bin.3.s	dxyl
lane122s000519_bin.3.s	enter
lane122s000519_bin.3.s	etha
lane122s000519_bin.3.s	eths
lane122s000519_bin.3.s	ethso3
lane122s000519_bin.3.s	etoh
lane122s000519_bin.3.s	fe2
lane122s000519_bin.3.s	fe3
lane122s000519_bin.3.s	fe3dcit
lane122s000519_bin.3.s	fe3hox
lane122s000519_bin.3.s	fe3hox_un
lane122s000519_bin.3.s	fe3pyovd_kt
lane122s000519_bin.3.s	feenter
lane122s000519_bin.3.s	feoxam
lane122s000519_bin.3.s	feoxam_un
lane122s000519_bin.3.s	fol
lane122s000519_bin.3.s	for
lane122s000519_bin.3.s	fru
lane122s000519_bin.3.s	fum
lane122s000519_bin.3.s	g3pc
lane122s000519_bin.3.s	gal_bD
lane122s000519_bin.3.s	gal
lane122s000519_bin.3.s	galct__D
lane122s000519_bin.3.s	galctn__D
lane122s000519_bin.3.s	galctr__D
lane122s000519_bin.3.s	galman4
lane122s000519_bin.3.s	galman6
lane122s000519_bin.3.s	galt
lane122s000519_bin.3.s	galur
lane122s000519_bin.3.s	gam
lane122s000519_bin.3.s	glc__D
lane122s000519_bin.3.s	glcman4
lane122s000519_bin.3.s	glcman6
lane122s000519_bin.3.s	glcur
lane122s000519_bin.3.s	gln__L
lane122s000519_bin.3.s	glu__L
lane122s000519_bin.3.s	glyb
lane122s000519_bin.3.s	glyc2p
lane122s000519_bin.3.s	glyc3p
lane122s000519_bin.3.s	glyc
lane122s000519_bin.3.s	gua
lane122s000519_bin.3.s	h2
lane122s000519_bin.3.s	h2o
lane122s000519_bin.3.s	h2s
lane122s000519_bin.3.s	h
lane122s000519_bin.3.s	hco3
lane122s000519_bin.3.s	hdca
lane122s000519_bin.3.s	hdcea
lane122s000519_bin.3.s	hexs
lane122s000519_bin.3.s	hom__L
lane122s000519_bin.3.s	hxa
lane122s000519_bin.3.s	hxan
lane122s000519_bin.3.s	ibt
lane122s000519_bin.3.s	ile__L
lane122s000519_bin.3.s	indole
lane122s000519_bin.3.s	inost
lane122s000519_bin.3.s	isetac
lane122s000519_bin.3.s	istnt
lane122s000519_bin.3.s	k
lane122s000519_bin.3.s	lcts
lane122s000519_bin.3.s	leu__L
lane122s000519_bin.3.s	lys__L
lane122s000519_bin.3.s	mal__D
lane122s000519_bin.3.s	mal__L
lane122s000519_bin.3.s	malt
lane122s000519_bin.3.s	malthx
lane122s000519_bin.3.s	malttr
lane122s000519_bin.3.s	maltttr
lane122s000519_bin.3.s	man
lane122s000519_bin.3.s	meoh
lane122s000519_bin.3.s	met__L
lane122s000519_bin.3.s	metox__R
lane122s000519_bin.3.s	mg2
lane122s000519_bin.3.s	mn2
lane122s000519_bin.3.s	mnl
lane122s000519_bin.3.s	mso3
lane122s000519_bin.3.s	nh4
lane122s000519_bin.3.s	no2
lane122s000519_bin.3.s	no3
lane122s000519_bin.3.s	o2
lane122s000519_bin.3.s	ocdca
lane122s000519_bin.3.s	ocdcea
lane122s000519_bin.3.s	octa
lane122s000519_bin.3.s	orn
lane122s000519_bin.3.s	orot
lane122s000519_bin.3.s	oxa
lane122s000519_bin.3.s	pac
lane122s000519_bin.3.s	phe__L
lane122s000519_bin.3.s	pi
lane122s000519_bin.3.s	ppa
lane122s000519_bin.3.s	ppap
lane122s000519_bin.3.s	ppoh
lane122s000519_bin.3.s	pro__L
lane122s000519_bin.3.s	pta
lane122s000519_bin.3.s	ptrc
lane122s000519_bin.3.s	pyovd_kt
lane122s000519_bin.3.s	pyr
lane122s000519_bin.3.s	raffin
lane122s000519_bin.3.s	rbt
lane122s000519_bin.3.s	rib__D
lane122s000519_bin.3.s	rnam
lane122s000519_bin.3.s	s
lane122s000519_bin.3.s	salchs4
lane122s000519_bin.3.s	salchs4fe
lane122s000519_bin.3.s	sbt__D
lane122s000519_bin.3.s	sel
lane122s000519_bin.3.s	skm
lane122s000519_bin.3.s	so3
lane122s000519_bin.3.s	so4
lane122s000519_bin.3.s	sucr
lane122s000519_bin.3.s	sula
lane122s000519_bin.3.s	sulfac
lane122s000519_bin.3.s	taur
lane122s000519_bin.3.s	tcynt
lane122s000519_bin.3.s	thm
lane122s000519_bin.3.s	thr__L
lane122s000519_bin.3.s	tre
lane122s000519_bin.3.s	trp__L
lane122s000519_bin.3.s	ttdca
lane122s000519_bin.3.s	ttdcea
lane122s000519_bin.3.s	tyr__L
lane122s000519_bin.3.s	val__L
lane122s000519_bin.3.s	xan
lane122s000519_bin.3.s	xyl__D
lane122s000519_bin.3.s	xylu__L
lane122s000519_bin.3.s	zn2
lane122s000520_bin.1.p	25dkglcn
lane122s000520_bin.1.p	2dhglcn
lane122s000520_bin.1.p	4hphac
lane122s000520_bin.1.p	arbt
lane122s000520_bin.1.p	arg__L
lane122s000520_bin.1.p	bz
lane122s000520_bin.1.p	ca2
lane122s000520_bin.1.p	cgly
lane122s000520_bin.1.p	chol
lane122s000520_bin.1.p	chols
lane122s000520_bin.1.p	chtbs
lane122s000520_bin.1.p	cl
lane122s000520_bin.1.p	coa
lane122s000520_bin.1.p	cobalt2
lane122s000520_bin.1.p	crn
lane122s000520_bin.1.p	crtn
lane122s000520_bin.1.p	ctbt
lane122s000520_bin.1.p	cu2
lane122s000520_bin.1.p	dextrin
lane122s000520_bin.1.p	dxyl
lane122s000520_bin.1.p	fol
lane122s000520_bin.1.p	fru
lane122s000520_bin.1.p	fuc
lane122s000520_bin.1.p	g3pi
lane122s000520_bin.1.p	g3ps
lane122s000520_bin.1.p	gal_bD
lane122s000520_bin.1.p	gal
lane122s000520_bin.1.p	galct__D
lane122s000520_bin.1.p	galctn__D
lane122s000520_bin.1.p	galctr__D
lane122s000520_bin.1.p	galman4
lane122s000520_bin.1.p	galman6
lane122s000520_bin.1.p	gam
lane122s000520_bin.1.p	glc__D
lane122s000520_bin.1.p	glcman4
lane122s000520_bin.1.p	glcman6
lane122s000520_bin.1.p	glcur
lane122s000520_bin.1.p	gln__L
lane122s000520_bin.1.p	gly_asn__L
lane122s000520_bin.1.p	glyald
lane122s000520_bin.1.p	glyc
lane122s000520_bin.1.p	h2o
lane122s000520_bin.1.p	h2s
lane122s000520_bin.1.p	h
lane122s000520_bin.1.p	his__L
lane122s000520_bin.1.p	indole
lane122s000520_bin.1.p	k
lane122s000520_bin.1.p	lac__L
lane122s000520_bin.1.p	lys__L
lane122s000520_bin.1.p	lyx__L
lane122s000520_bin.1.p	malt
lane122s000520_bin.1.p	malthx
lane122s000520_bin.1.p	malttr
lane122s000520_bin.1.p	maltttr
lane122s000520_bin.1.p	meoh
lane122s000520_bin.1.p	mg2
lane122s000520_bin.1.p	mn2
lane122s000520_bin.1.p	mnl
lane122s000520_bin.1.p	mobd
lane122s000520_bin.1.p	mso3
lane122s000520_bin.1.p	n2o
lane122s000520_bin.1.p	nh4
lane122s000520_bin.1.p	no3
lane122s000520_bin.1.p	no
lane122s000520_bin.1.p	o2
lane122s000520_bin.1.p	rbt
lane122s000520_bin.1.p	salchs4fe
lane122s000520_bin.1.p	sbt__D
lane122s000520_bin.1.p	skm
lane122s000520_bin.1.p	so4
lane122s000520_bin.1.p	sucr
lane122s000520_bin.1.p	thm
lane122s000520_bin.1.p	thr__L
lane122s000520_bin.1.p	tre
lane122s000520_bin.1.p	zn2
lane122s000521_bin.1.s	R_sink_4crsol_c
lane122s000521_bin.1.s	R_sink_amob_c
lane122s000521_bin.1.s	R_sink_hemeO_c
lane122s000521_bin.1.s	R_sink_lipopb_c
lane122s000521_bin.1.s	R_sink_mobd_c
lane122s000521_bin.1.s	R_sink_mththf_c
lane122s000521_bin.1.s	R_sink_sheme_c
lane122s000521_bin.1.s	14glucan
lane122s000521_bin.1.s	23camp
lane122s000521_bin.1.s	23ccmp
lane122s000521_bin.1.s	23cgmp
lane122s000521_bin.1.s	23cump
lane122s000521_bin.1.s	2ddglcn
lane122s000521_bin.1.s	2dhglcn
lane122s000521_bin.1.s	2hxmp
lane122s000521_bin.1.s	2pglyc
lane122s000521_bin.1.s	3amp
lane122s000521_bin.1.s	3cmp
lane122s000521_bin.1.s	3mb
lane122s000521_bin.1.s	3ump
lane122s000521_bin.1.s	4abut
lane122s000521_bin.1.s	4hba
lane122s000521_bin.1.s	4hbald
lane122s000521_bin.1.s	4hbz
lane122s000521_bin.1.s	4hphac
lane122s000521_bin.1.s	5dglcn
lane122s000521_bin.1.s	5drib
lane122s000521_bin.1.s	LalaLglu
lane122s000521_bin.1.s	Lcyst
lane122s000521_bin.1.s	abt
lane122s000521_bin.1.s	ac
lane122s000521_bin.1.s	acac
lane122s000521_bin.1.s	acald
lane122s000521_bin.1.s	acgam
lane122s000521_bin.1.s	actn__R
lane122s000521_bin.1.s	akg
lane122s000521_bin.1.s	ala_B
lane122s000521_bin.1.s	ala_L_asp__L
lane122s000521_bin.1.s	ala_L_glu__L
lane122s000521_bin.1.s	ala__D
lane122s000521_bin.1.s	ala__L
lane122s000521_bin.1.s	alaala
lane122s000521_bin.1.s	anhgm
lane122s000521_bin.1.s	arab__L
lane122s000521_bin.1.s	arbt
lane122s000521_bin.1.s	arg__L
lane122s000521_bin.1.s	asn__L
lane122s000521_bin.1.s	aso3
lane122s000521_bin.1.s	aso4
lane122s000521_bin.1.s	asp__L
lane122s000521_bin.1.s	btn
lane122s000521_bin.1.s	but
lane122s000521_bin.1.s	buts
lane122s000521_bin.1.s	butso3
lane122s000521_bin.1.s	bz
lane122s000521_bin.1.s	ca2
lane122s000521_bin.1.s	cellb
lane122s000521_bin.1.s	cl
lane122s000521_bin.1.s	co2
lane122s000521_bin.1.s	cobalt2
lane122s000521_bin.1.s	crn
lane122s000521_bin.1.s	cu2
lane122s000521_bin.1.s	cu
lane122s000521_bin.1.s	cyan
lane122s000521_bin.1.s	cys__L
lane122s000521_bin.1.s	cytd
lane122s000521_bin.1.s	dad_2
lane122s000521_bin.1.s	dca
lane122s000521_bin.1.s	dcyt
lane122s000521_bin.1.s	dextrin
lane122s000521_bin.1.s	drib
lane122s000521_bin.1.s	duri
lane122s000521_bin.1.s	dxyl
lane122s000521_bin.1.s	enter
lane122s000521_bin.1.s	etha
lane122s000521_bin.1.s	eths
lane122s000521_bin.1.s	ethso3
lane122s000521_bin.1.s	etoh
lane122s000521_bin.1.s	fe2
lane122s000521_bin.1.s	fe3
lane122s000521_bin.1.s	fe3dcit
lane122s000521_bin.1.s	fe3pyovd_kt
lane122s000521_bin.1.s	feenter
lane122s000521_bin.1.s	fol
lane122s000521_bin.1.s	for
lane122s000521_bin.1.s	fru
lane122s000521_bin.1.s	fuc
lane122s000521_bin.1.s	fum
lane122s000521_bin.1.s	g3pc
lane122s000521_bin.1.s	g3pe
lane122s000521_bin.1.s	galman4
lane122s000521_bin.1.s	galman6
lane122s000521_bin.1.s	galur
lane122s000521_bin.1.s	gam
lane122s000521_bin.1.s	glc__D
lane122s000521_bin.1.s	glcman4
lane122s000521_bin.1.s	glcman6
lane122s000521_bin.1.s	glcn__D
lane122s000521_bin.1.s	glcr
lane122s000521_bin.1.s	glcur
lane122s000521_bin.1.s	gln__L
lane122s000521_bin.1.s	glu__L
lane122s000521_bin.1.s	gly_asn__L
lane122s000521_bin.1.s	gly_asp__L
lane122s000521_bin.1.s	gly_glu__L
lane122s000521_bin.1.s	gly_pro__L
lane122s000521_bin.1.s	glyb
lane122s000521_bin.1.s	glyc3p
lane122s000521_bin.1.s	glyc
lane122s000521_bin.1.s	glyclt
lane122s000521_bin.1.s	gthox
lane122s000521_bin.1.s	gthrd
lane122s000521_bin.1.s	gua
lane122s000521_bin.1.s	h2
lane122s000521_bin.1.s	h2o2
lane122s000521_bin.1.s	h2o
lane122s000521_bin.1.s	h2s
lane122s000521_bin.1.s	h
lane122s000521_bin.1.s	ham
lane122s000521_bin.1.s	hco3
lane122s000521_bin.1.s	hexs
lane122s000521_bin.1.s	his__L
lane122s000521_bin.1.s	hqn
lane122s000521_bin.1.s	hxa
lane122s000521_bin.1.s	hxan
lane122s000521_bin.1.s	ile__L
lane122s000521_bin.1.s	inost
lane122s000521_bin.1.s	isetac
lane122s000521_bin.1.s	istnt
lane122s000521_bin.1.s	k
lane122s000521_bin.1.s	lac__D
lane122s000521_bin.1.s	lac__L
lane122s000521_bin.1.s	lcts
lane122s000521_bin.1.s	leu__L
lane122s000521_bin.1.s	lipoate
lane122s000521_bin.1.s	lys__L
lane122s000521_bin.1.s	madg
lane122s000521_bin.1.s	mal__L
lane122s000521_bin.1.s	malt
lane122s000521_bin.1.s	man
lane122s000521_bin.1.s	mbdg
lane122s000521_bin.1.s	melib
lane122s000521_bin.1.s	meoh
lane122s000521_bin.1.s	met_L_ala__L
lane122s000521_bin.1.s	met__D
lane122s000521_bin.1.s	met__L
lane122s000521_bin.1.s	metox__R
lane122s000521_bin.1.s	metox
lane122s000521_bin.1.s	mg2
lane122s000521_bin.1.s	mn2
lane122s000521_bin.1.s	mnl
lane122s000521_bin.1.s	nh4
lane122s000521_bin.1.s	nmn
lane122s000521_bin.1.s	no2
lane122s000521_bin.1.s	no3
lane122s000521_bin.1.s	no
lane122s000521_bin.1.s	o2
lane122s000521_bin.1.s	octa
lane122s000521_bin.1.s	orn__L
lane122s000521_bin.1.s	orn
lane122s000521_bin.1.s	oxa
lane122s000521_bin.1.s	pi
lane122s000521_bin.1.s	pime
lane122s000521_bin.1.s	pnto__R
lane122s000521_bin.1.s	ppa
lane122s000521_bin.1.s	ppt
lane122s000521_bin.1.s	pro__L
lane122s000521_bin.1.s	progly
lane122s000521_bin.1.s	pta
lane122s000521_bin.1.s	ptrc
lane122s000521_bin.1.s	pyovd_kt
lane122s000521_bin.1.s	pyr
lane122s000521_bin.1.s	raffin
lane122s000521_bin.1.s	rib__D
lane122s000521_bin.1.s	ribflv
lane122s000521_bin.1.s	rmn
lane122s000521_bin.1.s	rnam
lane122s000521_bin.1.s	s
lane122s000521_bin.1.s	salchs4
lane122s000521_bin.1.s	salchs4fe
lane122s000521_bin.1.s	salcn
lane122s000521_bin.1.s	sel
lane122s000521_bin.1.s	ser__D
lane122s000521_bin.1.s	ser__L
lane122s000521_bin.1.s	slnt
lane122s000521_bin.1.s	so3
lane122s000521_bin.1.s	so4
lane122s000521_bin.1.s	spmd
lane122s000521_bin.1.s	succ
lane122s000521_bin.1.s	sucr
lane122s000521_bin.1.s	sula
lane122s000521_bin.1.s	sulfac
lane122s000521_bin.1.s	taur
lane122s000521_bin.1.s	tcynt
lane122s000521_bin.1.s	tgt
lane122s000521_bin.1.s	thm
lane122s000521_bin.1.s	thr__L
lane122s000521_bin.1.s	thymd
lane122s000521_bin.1.s	tol
lane122s000521_bin.1.s	tre
lane122s000521_bin.1.s	tsul
lane122s000521_bin.1.s	zn2
lane122s000521_bin.2.p	14glucan
lane122s000521_bin.2.p	23camp
lane122s000521_bin.2.p	23ccmp
lane122s000521_bin.2.p	23cgmp
lane122s000521_bin.2.p	23cump
lane122s000521_bin.2.p	25dkglcn
lane122s000521_bin.2.p	3amp
lane122s000521_bin.2.p	3cmp
lane122s000521_bin.2.p	arg__L
lane122s000521_bin.2.p	bz
lane122s000521_bin.2.p	ca2
lane122s000521_bin.2.p	cellb
lane122s000521_bin.2.p	cgly
lane122s000521_bin.2.p	cl
lane122s000521_bin.2.p	cobalt2
lane122s000521_bin.2.p	cu2
lane122s000521_bin.2.p	dextrin
lane122s000521_bin.2.p	dxyl
lane122s000521_bin.2.p	fe2
lane122s000521_bin.2.p	fol
lane122s000521_bin.2.p	fuc
lane122s000521_bin.2.p	galctn__D
lane122s000521_bin.2.p	galman4
lane122s000521_bin.2.p	galman6
lane122s000521_bin.2.p	galt
lane122s000521_bin.2.p	galur
lane122s000521_bin.2.p	gam
lane122s000521_bin.2.p	glc__D
lane122s000521_bin.2.p	glcman4
lane122s000521_bin.2.p	glcman6
lane122s000521_bin.2.p	glcur
lane122s000521_bin.2.p	gln__L
lane122s000521_bin.2.p	glu__L
lane122s000521_bin.2.p	glucan4
lane122s000521_bin.2.p	glucan6
lane122s000521_bin.2.p	gly_asn__L
lane122s000521_bin.2.p	glyc3p
lane122s000521_bin.2.p	glyc
lane122s000521_bin.2.p	h2o
lane122s000521_bin.2.p	h
lane122s000521_bin.2.p	indole
lane122s000521_bin.2.p	k
lane122s000521_bin.2.p	lcts
lane122s000521_bin.2.p	lmn2
lane122s000521_bin.2.p	lys__L
lane122s000521_bin.2.p	mal__D
lane122s000521_bin.2.p	malt
lane122s000521_bin.2.p	malthx
lane122s000521_bin.2.p	malttr
lane122s000521_bin.2.p	maltttr
lane122s000521_bin.2.p	man
lane122s000521_bin.2.p	manb
lane122s000521_bin.2.p	manttr
lane122s000521_bin.2.p	melib
lane122s000521_bin.2.p	meoh
lane122s000521_bin.2.p	met__D
lane122s000521_bin.2.p	met__L
lane122s000521_bin.2.p	mg2
lane122s000521_bin.2.p	mn2
lane122s000521_bin.2.p	mnl
lane122s000521_bin.2.p	nmn
lane122s000521_bin.2.p	no2
lane122s000521_bin.2.p	no3
lane122s000521_bin.2.p	no
lane122s000521_bin.2.p	o2
lane122s000521_bin.2.p	oaa
lane122s000521_bin.2.p	phe__L
lane122s000521_bin.2.p	pheme
lane122s000521_bin.2.p	pro__L
lane122s000521_bin.2.p	progly
lane122s000521_bin.2.p	raffin
lane122s000521_bin.2.p	rbt
lane122s000521_bin.2.p	sbt__D
lane122s000521_bin.2.p	so4
lane122s000521_bin.2.p	spmd
lane122s000521_bin.2.p	sucr
lane122s000521_bin.2.p	thm
lane122s000521_bin.2.p	thr__L
lane122s000521_bin.2.p	tre
lane122s000521_bin.2.p	tyr__L
lane122s000521_bin.2.p	uri
lane122s000521_bin.2.p	xyl__D
lane122s000521_bin.2.p	zn2
lane122s000522_shovill	R_sink_amob_c
lane122s000522_shovill	R_sink_hemeO_c
lane122s000522_shovill	R_sink_lipopb_c
lane122s000522_shovill	R_sink_mobd_c
lane122s000522_shovill	R_sink_mththf_c
lane122s000522_shovill	R_sink_sheme_c
lane122s000522_shovill	14glucan
lane122s000522_shovill	23camp
lane122s000522_shovill	23ccmp
lane122s000522_shovill	23cgmp
lane122s000522_shovill	23cump
lane122s000522_shovill	25dkglcn
lane122s000522_shovill	2hxmp
lane122s000522_shovill	2mbald
lane122s000522_shovill	3amp
lane122s000522_shovill	3cmp
lane122s000522_shovill	3mb
lane122s000522_shovill	3ump
lane122s000522_shovill	4abut
lane122s000522_shovill	4hba
lane122s000522_shovill	5dglcn
lane122s000522_shovill	abt__L
lane122s000522_shovill	ac
lane122s000522_shovill	acac
lane122s000522_shovill	acald
lane122s000522_shovill	acgam
lane122s000522_shovill	actn__R
lane122s000522_shovill	ala_B
lane122s000522_shovill	ala_L_asp__L
lane122s000522_shovill	ala_L_glu__L
lane122s000522_shovill	ala__D
lane122s000522_shovill	ala__L
lane122s000522_shovill	anhgm
lane122s000522_shovill	arab__L
lane122s000522_shovill	arbt
lane122s000522_shovill	arg__L
lane122s000522_shovill	asn__L
lane122s000522_shovill	asp__L
lane122s000522_shovill	btn
lane122s000522_shovill	but
lane122s000522_shovill	butso3
lane122s000522_shovill	bz
lane122s000522_shovill	ca2
lane122s000522_shovill	cell6
lane122s000522_shovill	cellb
lane122s000522_shovill	cgly
lane122s000522_shovill	cit
lane122s000522_shovill	cl
lane122s000522_shovill	co2
lane122s000522_shovill	cobalt2
lane122s000522_shovill	cu2
lane122s000522_shovill	cu
lane122s000522_shovill	cys__L
lane122s000522_shovill	cytd
lane122s000522_shovill	dad_2
lane122s000522_shovill	dca
lane122s000522_shovill	dcyt
lane122s000522_shovill	dextrin
lane122s000522_shovill	drib
lane122s000522_shovill	duri
lane122s000522_shovill	etha
lane122s000522_shovill	ethso3
lane122s000522_shovill	etoh
lane122s000522_shovill	fe2
lane122s000522_shovill	fe3
lane122s000522_shovill	fe3pyovd_kt
lane122s000522_shovill	fol
lane122s000522_shovill	for
lane122s000522_shovill	fru
lane122s000522_shovill	fuc
lane122s000522_shovill	fum
lane122s000522_shovill	g3pg
lane122s000522_shovill	gam
lane122s000522_shovill	glc__D
lane122s000522_shovill	glcn__D
lane122s000522_shovill	glcr
lane122s000522_shovill	glu__L
lane122s000522_shovill	gly
lane122s000522_shovill	gly_pro__L
lane122s000522_shovill	glyb
lane122s000522_shovill	glyc3p
lane122s000522_shovill	glyc
lane122s000522_shovill	gthrd
lane122s000522_shovill	gua
lane122s000522_shovill	h2
lane122s000522_shovill	h2o2
lane122s000522_shovill	h2o
lane122s000522_shovill	h2s
lane122s000522_shovill	h
lane122s000522_shovill	ham
lane122s000522_shovill	hexs
lane122s000522_shovill	his__L
lane122s000522_shovill	hxa
lane122s000522_shovill	hxan
lane122s000522_shovill	ile__L
lane122s000522_shovill	inost
lane122s000522_shovill	isetac
lane122s000522_shovill	k
lane122s000522_shovill	lac__L
lane122s000522_shovill	lcts
lane122s000522_shovill	leu__L
lane122s000522_shovill	lys__L
lane122s000522_shovill	madg
lane122s000522_shovill	mal__L
lane122s000522_shovill	malt
lane122s000522_shovill	malthx
lane122s000522_shovill	man
lane122s000522_shovill	mbdg
lane122s000522_shovill	met_L_ala__L
lane122s000522_shovill	met__D
lane122s000522_shovill	met__L
lane122s000522_shovill	metox__R
lane122s000522_shovill	metox
lane122s000522_shovill	mg2
lane122s000522_shovill	mn2
lane122s000522_shovill	mnl
lane122s000522_shovill	mobd
lane122s000522_shovill	mso3
lane122s000522_shovill	n2
lane122s000522_shovill	ncam
lane122s000522_shovill	nh4
lane122s000522_shovill	no2
lane122s000522_shovill	no3
lane122s000522_shovill	no
lane122s000522_shovill	o2
lane122s000522_shovill	octa
lane122s000522_shovill	orn__L
lane122s000522_shovill	oxa
lane122s000522_shovill	pi
lane122s000522_shovill	pime
lane122s000522_shovill	pnto__R
lane122s000522_shovill	ppa
lane122s000522_shovill	pro__L
lane122s000522_shovill	progly
lane122s000522_shovill	pta
lane122s000522_shovill	ptrc
lane122s000522_shovill	pyovd_kt
lane122s000522_shovill	pyr
lane122s000522_shovill	raffin
lane122s000522_shovill	rib__D
lane122s000522_shovill	ribflv
lane122s000522_shovill	s
lane122s000522_shovill	salcn
lane122s000522_shovill	ser__D
lane122s000522_shovill	ser__L
lane122s000522_shovill	so3
lane122s000522_shovill	so4
lane122s000522_shovill	spmd
lane122s000522_shovill	succ
lane122s000522_shovill	sucr
lane122s000522_shovill	sulfac
lane122s000522_shovill	taur
lane122s000522_shovill	thm
lane122s000522_shovill	thr__L
lane122s000522_shovill	thymd
lane122s000522_shovill	tre
lane122s000522_shovill	tsul
lane122s000522_shovill	udcpdp
lane122s000522_shovill	udcpp
lane122s000522_shovill	ura
lane122s000522_shovill	urate
lane122s000522_shovill	uri
lane122s000522_shovill	xan
lane122s000522_shovill	xyl__D
lane122s000522_shovill	zn2
lane122s000523_bin.1.p	23camp
lane122s000523_bin.1.p	23ccmp
lane122s000523_bin.1.p	23cgmp
lane122s000523_bin.1.p	23cump
lane122s000523_bin.1.p	25dkglcn
lane122s000523_bin.1.p	3cmp
lane122s000523_bin.1.p	3ump
lane122s000523_bin.1.p	abt__L
lane122s000523_bin.1.p	acnam
lane122s000523_bin.1.p	arg__L
lane122s000523_bin.1.p	bz
lane122s000523_bin.1.p	ca2
lane122s000523_bin.1.p	cl
lane122s000523_bin.1.p	cobalt2
lane122s000523_bin.1.p	cu2
lane122s000523_bin.1.p	dextrin
lane122s000523_bin.1.p	dxyl
lane122s000523_bin.1.p	fe2
lane122s000523_bin.1.p	fol
lane122s000523_bin.1.p	frulys
lane122s000523_bin.1.p	fuc
lane122s000523_bin.1.p	g3pc
lane122s000523_bin.1.p	gal_bD
lane122s000523_bin.1.p	galctn__D
lane122s000523_bin.1.p	galur
lane122s000523_bin.1.p	gam
lane122s000523_bin.1.p	glc__D
lane122s000523_bin.1.p	gly_asn__L
lane122s000523_bin.1.p	glyc3p
lane122s000523_bin.1.p	glyc
lane122s000523_bin.1.p	h
lane122s000523_bin.1.p	ile__L
lane122s000523_bin.1.p	k
lane122s000523_bin.1.p	lcts
lane122s000523_bin.1.p	malt
lane122s000523_bin.1.p	malthx
lane122s000523_bin.1.p	malttr
lane122s000523_bin.1.p	maltttr
lane122s000523_bin.1.p	man
lane122s000523_bin.1.p	melib
lane122s000523_bin.1.p	mg2
lane122s000523_bin.1.p	mn2
lane122s000523_bin.1.p	no3
lane122s000523_bin.1.p	o2
lane122s000523_bin.1.p	phe__L
lane122s000523_bin.1.p	pnto__R
lane122s000523_bin.1.p	pro__L
lane122s000523_bin.1.p	raffin
lane122s000523_bin.1.p	rbt
lane122s000523_bin.1.p	sbt__D
lane122s000523_bin.1.p	so4
lane122s000523_bin.1.p	sucr
lane122s000523_bin.1.p	tartr__L
lane122s000523_bin.1.p	thm
lane122s000523_bin.1.p	thr__L
lane122s000523_bin.1.p	tre
lane122s000523_bin.1.p	tsul
lane122s000523_bin.1.p	tyr__L
lane122s000523_bin.1.p	xyl__D
lane122s000523_bin.1.p	xylan4
lane122s000523_bin.1.p	xylan8
lane122s000523_bin.1.p	zn2
lane122s000524_shovill	23camp
lane122s000524_shovill	23ccmp
lane122s000524_shovill	23cgmp
lane122s000524_shovill	23cump
lane122s000524_shovill	25dkglcn
lane122s000524_shovill	arbt
lane122s000524_shovill	arg__L
lane122s000524_shovill	asn__L
lane122s000524_shovill	ca2
lane122s000524_shovill	cell6
lane122s000524_shovill	cellb
lane122s000524_shovill	cl
lane122s000524_shovill	co2
lane122s000524_shovill	cobalt2
lane122s000524_shovill	cu2
lane122s000524_shovill	cyan
lane122s000524_shovill	dextrin
lane122s000524_shovill	fol
lane122s000524_shovill	fru
lane122s000524_shovill	fum
lane122s000524_shovill	gam
lane122s000524_shovill	glc__D
lane122s000524_shovill	gln__L
lane122s000524_shovill	gly
lane122s000524_shovill	gua
lane122s000524_shovill	h
lane122s000524_shovill	ham
lane122s000524_shovill	his__L
lane122s000524_shovill	k
lane122s000524_shovill	lac__D
lane122s000524_shovill	madg
lane122s000524_shovill	mal__L
lane122s000524_shovill	malt
lane122s000524_shovill	man1p
lane122s000524_shovill	man
lane122s000524_shovill	mbdg
lane122s000524_shovill	mg2
lane122s000524_shovill	mmet
lane122s000524_shovill	mn2
lane122s000524_shovill	mnl
lane122s000524_shovill	nh4
lane122s000524_shovill	no2
lane122s000524_shovill	no3
lane122s000524_shovill	no
lane122s000524_shovill	o2
lane122s000524_shovill	ribflv
lane122s000524_shovill	s
lane122s000524_shovill	salchs4fe
lane122s000524_shovill	salcn
lane122s000524_shovill	so4
lane122s000524_shovill	tgt
lane122s000524_shovill	thm
lane122s000524_shovill	thymd
lane122s000524_shovill	tre
lane122s000524_shovill	tsul
lane122s000524_shovill	udcpdp
lane122s000524_shovill	zn2
lane122s000525_bin.1.p	5mcsn
lane122s000525_bin.1.p	6pgc
lane122s000525_bin.1.p	LalaDgluMdap
lane122s000525_bin.1.p	acgam
lane122s000525_bin.1.p	adn
lane122s000525_bin.1.p	arbt
lane122s000525_bin.1.p	arg__L
lane122s000525_bin.1.p	asn__L
lane122s000525_bin.1.p	asp__L
lane122s000525_bin.1.p	btn
lane122s000525_bin.1.p	butso3
lane122s000525_bin.1.p	bz
lane122s000525_bin.1.p	bzal
lane122s000525_bin.1.p	ca2
lane122s000525_bin.1.p	cell4
lane122s000525_bin.1.p	cellb
lane122s000525_bin.1.p	cgly
lane122s000525_bin.1.p	ch4s
lane122s000525_bin.1.p	chol
lane122s000525_bin.1.p	chor
lane122s000525_bin.1.p	cit
lane122s000525_bin.1.p	cl
lane122s000525_bin.1.p	co2
lane122s000525_bin.1.p	cobalt2
lane122s000525_bin.1.p	creat
lane122s000525_bin.1.p	csn
lane122s000525_bin.1.p	cu2
lane122s000525_bin.1.p	cu
lane122s000525_bin.1.p	cys__L
lane122s000525_bin.1.p	dad_2
lane122s000525_bin.1.p	dca
lane122s000525_bin.1.p	drib
lane122s000525_bin.1.p	dxyl
lane122s000525_bin.1.p	enter
lane122s000525_bin.1.p	etha
lane122s000525_bin.1.p	ethso3
lane122s000525_bin.1.p	etoh
lane122s000525_bin.1.p	fad
lane122s000525_bin.1.p	fe2
lane122s000525_bin.1.p	fe3
lane122s000525_bin.1.p	fe3pyovd_kt
lane122s000525_bin.1.p	feenter
lane122s000525_bin.1.p	for
lane122s000525_bin.1.p	forglu
lane122s000525_bin.1.p	fru
lane122s000525_bin.1.p	fuc
lane122s000525_bin.1.p	fum
lane122s000525_bin.1.p	g3pc
lane122s000525_bin.1.p	g3pe
lane122s000525_bin.1.p	g3pg
lane122s000525_bin.1.p	g3pi
lane122s000525_bin.1.p	g3ps
lane122s000525_bin.1.p	galctn__D
lane122s000525_bin.1.p	galur
lane122s000525_bin.1.p	gam
lane122s000525_bin.1.p	glc__D
lane122s000525_bin.1.p	glcman4
lane122s000525_bin.1.p	glcn__D
lane122s000525_bin.1.p	glcn
lane122s000525_bin.1.p	glcur
lane122s000525_bin.1.p	gln__L
lane122s000525_bin.1.p	glu__L
lane122s000525_bin.1.p	glucan4
lane122s000525_bin.1.p	glucan6
lane122s000525_bin.1.p	glyb
lane122s000525_bin.1.p	glyc3p
lane122s000525_bin.1.p	glyc__R
lane122s000525_bin.1.p	glyc
lane122s000525_bin.1.p	gsn
lane122s000525_bin.1.p	gua
lane122s000525_bin.1.p	h2o
lane122s000525_bin.1.p	h2s
lane122s000525_bin.1.p	h
lane122s000525_bin.1.p	hexs
lane122s000525_bin.1.p	his__L
lane122s000525_bin.1.p	hom__L
lane122s000525_bin.1.p	hqn
lane122s000525_bin.1.p	hxa
lane122s000525_bin.1.p	hxan
lane122s000525_bin.1.p	idon__L
lane122s000525_bin.1.p	ile__L
lane122s000525_bin.1.p	inost
lane122s000525_bin.1.p	ins
lane122s000525_bin.1.p	isetac
lane122s000525_bin.1.p	k
lane122s000525_bin.1.p	lac__L
lane122s000525_bin.1.p	lcts
lane122s000525_bin.1.p	leu__L
lane122s000525_bin.1.p	lmn2
lane122s000525_bin.1.p	lys__L
lane122s000525_bin.1.p	madg
lane122s000525_bin.1.p	mal__L
lane122s000525_bin.1.p	malt
lane122s000525_bin.1.p	malthx
lane122s000525_bin.1.p	malttr
lane122s000525_bin.1.p	maltttr
lane122s000525_bin.1.p	man
lane122s000525_bin.1.p	mbdg
lane122s000525_bin.1.p	melib
lane122s000525_bin.1.p	meoh
lane122s000525_bin.1.p	mg2
lane122s000525_bin.1.p	mn2
lane122s000525_bin.1.p	mso3
lane122s000525_bin.1.p	nh4
lane122s000525_bin.1.p	o2
lane122s000525_bin.1.p	ocdcea
lane122s000525_bin.1.p	octa
lane122s000525_bin.1.p	orn
lane122s000525_bin.1.p	oxa
lane122s000525_bin.1.p	phe__L
lane122s000525_bin.1.p	pi
lane122s000525_bin.1.p	pnto__R
lane122s000525_bin.1.p	ppa
lane122s000525_bin.1.p	ppap
lane122s000525_bin.1.p	pro__L
lane122s000525_bin.1.p	progly
lane122s000525_bin.1.p	pta
lane122s000525_bin.1.p	ptrc
lane122s000525_bin.1.p	pydxn
lane122s000525_bin.1.p	pyovd_kt
lane122s000525_bin.1.p	quin
lane122s000525_bin.1.p	raffin
lane122s000525_bin.1.p	rib__D
lane122s000525_bin.1.p	ribflv
lane122s000525_bin.1.p	rmn
lane122s000525_bin.1.p	s
lane122s000525_bin.1.p	salcn
lane122s000525_bin.1.p	sbt__D
lane122s000525_bin.1.p	skm
lane122s000525_bin.1.p	so3
lane122s000525_bin.1.p	so4
lane122s000525_bin.1.p	spmd
lane122s000525_bin.1.p	succ
lane122s000525_bin.1.p	sucr
lane122s000525_bin.1.p	sulfac
lane122s000525_bin.1.p	taur
lane122s000525_bin.1.p	tgt
lane122s000525_bin.1.p	thm
lane122s000525_bin.1.p	thr__L
lane122s000525_bin.1.p	tol
lane122s000525_bin.1.p	tre6p
lane122s000525_bin.1.p	tre
lane122s000525_bin.1.p	trp__L
lane122s000525_bin.1.p	tyr__L
lane122s000525_bin.1.p	udcpp
lane122s000525_bin.1.p	val__L
lane122s000525_bin.1.p	xtsn
lane122s000525_bin.1.p	xyl3
lane122s000525_bin.1.p	xyl__D
lane122s000525_bin.1.p	xylan4
lane122s000525_bin.1.p	xylb
lane122s000525_bin.1.p	zn2
lane122s000527_megahit	R_sink_2ohph_c
lane122s000527_megahit	R_sink_amob_c
lane122s000527_megahit	R_sink_mobd_c
lane122s000527_megahit	23camp
lane122s000527_megahit	23ccmp
lane122s000527_megahit	23cgmp
lane122s000527_megahit	23cump
lane122s000527_megahit	25dkglcn
lane122s000527_megahit	2ddglcn
lane122s000527_megahit	2dhglcn
lane122s000527_megahit	2hxmp
lane122s000527_megahit	3mb
lane122s000527_megahit	4abutn
lane122s000527_megahit	4ahmmp
lane122s000527_megahit	4hphac
lane122s000527_megahit	4hpro_LT
lane122s000527_megahit	5drib
lane122s000527_megahit	5mcsn
lane122s000527_megahit	LalaDgluMdap
lane122s000527_megahit	Larab
lane122s000527_megahit	R_3hcmrs7e
lane122s000527_megahit	abt__L
lane122s000527_megahit	ac
lane122s000527_megahit	acac
lane122s000527_megahit	acald
lane122s000527_megahit	acgam
lane122s000527_megahit	acglu
lane122s000527_megahit	actn__R
lane122s000527_megahit	akg
lane122s000527_megahit	ala_B
lane122s000527_megahit	ala__L
lane122s000527_megahit	alaala
lane122s000527_megahit	arab__L
lane122s000527_megahit	arbt
lane122s000527_megahit	arg__L
lane122s000527_megahit	asn__L
lane122s000527_megahit	aso3
lane122s000527_megahit	aso4
lane122s000527_megahit	asp__D
lane122s000527_megahit	btn
lane122s000527_megahit	but
lane122s000527_megahit	butso3
lane122s000527_megahit	bz
lane122s000527_megahit	ca2
lane122s000527_megahit	cellb
lane122s000527_megahit	chol
lane122s000527_megahit	chtbs
lane122s000527_megahit	cit
lane122s000527_megahit	cl
lane122s000527_megahit	co2
lane122s000527_megahit	cobalt2
lane122s000527_megahit	cu2
lane122s000527_megahit	cu
lane122s000527_megahit	cytd
lane122s000527_megahit	dca
lane122s000527_megahit	dcyt
lane122s000527_megahit	ddca
lane122s000527_megahit	drib
lane122s000527_megahit	dxyl
lane122s000527_megahit	enter
lane122s000527_megahit	ethso3
lane122s000527_megahit	etoh
lane122s000527_megahit	fe2
lane122s000527_megahit	fe3
lane122s000527_megahit	fe3dcit
lane122s000527_megahit	fe3pyovd_kt
lane122s000527_megahit	for
lane122s000527_megahit	fru
lane122s000527_megahit	fuc__L
lane122s000527_megahit	gal_bD
lane122s000527_megahit	gal
lane122s000527_megahit	galctn__D
lane122s000527_megahit	galur
lane122s000527_megahit	gam
lane122s000527_megahit	gcald
lane122s000527_megahit	glc__D
lane122s000527_megahit	glcur
lane122s000527_megahit	gln__L
lane122s000527_megahit	glu__L
lane122s000527_megahit	glucan4
lane122s000527_megahit	glucan6
lane122s000527_megahit	glyb
lane122s000527_megahit	glyc2p
lane122s000527_megahit	glyc3p
lane122s000527_megahit	glyc
lane122s000527_megahit	gsn
lane122s000527_megahit	gthox
lane122s000527_megahit	gthrd
lane122s000527_megahit	gua
lane122s000527_megahit	h2
lane122s000527_megahit	h2s
lane122s000527_megahit	h
lane122s000527_megahit	hdcea
lane122s000527_megahit	hom__L
lane122s000527_megahit	hqn
lane122s000527_megahit	hxa
lane122s000527_megahit	hxan
lane122s000527_megahit	ile__L
lane122s000527_megahit	inost
lane122s000527_megahit	isetac
lane122s000527_megahit	k
lane122s000527_megahit	leu__L
lane122s000527_megahit	lmn2
lane122s000527_megahit	lys__L
lane122s000527_megahit	mal__L
lane122s000527_megahit	malttr
lane122s000527_megahit	man1p
lane122s000527_megahit	man
lane122s000527_megahit	manttr
lane122s000527_megahit	melib
lane122s000527_megahit	meoh
lane122s000527_megahit	met__D
lane122s000527_megahit	mg2
lane122s000527_megahit	mn2
lane122s000527_megahit	no3
lane122s000527_megahit	o2
lane122s000527_megahit	oaa
lane122s000527_megahit	ocdca
lane122s000527_megahit	ocdcea
lane122s000527_megahit	octa
lane122s000527_megahit	orn__L
lane122s000527_megahit	orot
lane122s000527_megahit	oxa
lane122s000527_megahit	phe__L
lane122s000527_megahit	pheme
lane122s000527_megahit	pi
lane122s000527_megahit	pime
lane122s000527_megahit	pnto__R
lane122s000527_megahit	ppa
lane122s000527_megahit	ppap
lane122s000527_megahit	pro__L
lane122s000527_megahit	progly
lane122s000527_megahit	pta
lane122s000527_megahit	ptrc
lane122s000527_megahit	pyovd_kt
lane122s000527_megahit	pyr
lane122s000527_megahit	raffin
lane122s000527_megahit	rib__D
lane122s000527_megahit	ribflv
lane122s000527_megahit	rnam
lane122s000527_megahit	s
lane122s000527_megahit	salchs4
lane122s000527_megahit	salchs4fe
lane122s000527_megahit	salcn
lane122s000527_megahit	sbt__D
lane122s000527_megahit	ser__D
lane122s000527_megahit	skm
lane122s000527_megahit	so3
lane122s000527_megahit	so4
lane122s000527_megahit	spmd
lane122s000527_megahit	succ
lane122s000527_megahit	sucr
lane122s000527_megahit	sulfac
lane122s000527_megahit	thr__L
lane122s000527_megahit	thymd
lane122s000527_megahit	tol
lane122s000527_megahit	tre
lane122s000527_megahit	tsul
lane122s000527_megahit	ttdca
lane122s000527_megahit	ttdcea
lane122s000527_megahit	tyr__L
lane122s000527_megahit	urea
lane122s000527_megahit	uri
lane122s000527_megahit	val__L
lane122s000527_megahit	xyl3
lane122s000527_megahit	xyl__D
lane122s000527_megahit	xylb
lane122s000527_megahit	zn2
lane122s000528_shovill	5dglcn
lane122s000528_shovill	Larab
lane122s000528_shovill	acgam
lane122s000528_shovill	adn
lane122s000528_shovill	arab__L
lane122s000528_shovill	arbt
lane122s000528_shovill	arg__L
lane122s000528_shovill	asn__L
lane122s000528_shovill	ca2
lane122s000528_shovill	cell4
lane122s000528_shovill	cellb
lane122s000528_shovill	cgly
lane122s000528_shovill	ch4s
lane122s000528_shovill	chol
lane122s000528_shovill	chols
lane122s000528_shovill	cit
lane122s000528_shovill	cl
lane122s000528_shovill	cobalt2
lane122s000528_shovill	cu2
lane122s000528_shovill	cyan
lane122s000528_shovill	cytd
lane122s000528_shovill	dextrin
lane122s000528_shovill	drib
lane122s000528_shovill	fe2
lane122s000528_shovill	fol
lane122s000528_shovill	fru
lane122s000528_shovill	frulys
lane122s000528_shovill	g3pc
lane122s000528_shovill	galt
lane122s000528_shovill	galur
lane122s000528_shovill	gam
lane122s000528_shovill	glc__D
lane122s000528_shovill	glcur
lane122s000528_shovill	gln__L
lane122s000528_shovill	glu__L
lane122s000528_shovill	gly_asn__L
lane122s000528_shovill	gly
lane122s000528_shovill	glyc3p
lane122s000528_shovill	glyc
lane122s000528_shovill	gsn
lane122s000528_shovill	gthox
lane122s000528_shovill	gthrd
lane122s000528_shovill	gua
lane122s000528_shovill	h2o2
lane122s000528_shovill	h2o
lane122s000528_shovill	h2s
lane122s000528_shovill	h
lane122s000528_shovill	hexs
lane122s000528_shovill	his__L
lane122s000528_shovill	hqn
lane122s000528_shovill	inost
lane122s000528_shovill	ins
lane122s000528_shovill	k
lane122s000528_shovill	lac__L
lane122s000528_shovill	lcts
lane122s000528_shovill	leu__L
lane122s000528_shovill	lipoate
lane122s000528_shovill	lys__L
lane122s000528_shovill	madg
lane122s000528_shovill	mal__D
lane122s000528_shovill	mal__L
lane122s000528_shovill	malt
lane122s000528_shovill	malthp
lane122s000528_shovill	malttr
lane122s000528_shovill	maltttr
lane122s000528_shovill	man
lane122s000528_shovill	mbdg
lane122s000528_shovill	melib
lane122s000528_shovill	meoh
lane122s000528_shovill	met_L_ala__L
lane122s000528_shovill	met__D
lane122s000528_shovill	met__L
lane122s000528_shovill	metox__R
lane122s000528_shovill	metox
lane122s000528_shovill	mg2
lane122s000528_shovill	mmet
lane122s000528_shovill	mn2
lane122s000528_shovill	mnl
lane122s000528_shovill	nh4
lane122s000528_shovill	no2
lane122s000528_shovill	no3
lane122s000528_shovill	o2
lane122s000528_shovill	orn__L
lane122s000528_shovill	phe__L
lane122s000528_shovill	pi
lane122s000528_shovill	pnto__R
lane122s000528_shovill	ppa
lane122s000528_shovill	ppap
lane122s000528_shovill	ppoh
lane122s000528_shovill	pro__L
lane122s000528_shovill	ptrc
lane122s000528_shovill	pyovd_kt
lane122s000528_shovill	pyr
lane122s000528_shovill	raffin
lane122s000528_shovill	rib__D
lane122s000528_shovill	ribflv
lane122s000528_shovill	rmn
lane122s000528_shovill	s
lane122s000528_shovill	salchs4fe
lane122s000528_shovill	salcn
lane122s000528_shovill	sbt__D
lane122s000528_shovill	so3
lane122s000528_shovill	so4
lane122s000528_shovill	starch
lane122s000528_shovill	succ
lane122s000528_shovill	sucr
lane122s000528_shovill	sula
lane122s000528_shovill	sulfac
lane122s000528_shovill	tartr__L
lane122s000528_shovill	taur
lane122s000528_shovill	tcynt
lane122s000528_shovill	thm
lane122s000528_shovill	thr__L
lane122s000528_shovill	tmam
lane122s000528_shovill	tol
lane122s000528_shovill	tre
lane122s000528_shovill	trp__L
lane122s000528_shovill	tsul
lane122s000528_shovill	tyr__L
lane122s000528_shovill	udcpp
lane122s000528_shovill	uri
lane122s000528_shovill	xyl__D
lane122s000528_shovill	zn2
lane122s000529_megahit	14glucan
lane122s000529_megahit	25dkglcn
lane122s000529_megahit	2dhglcn
lane122s000529_megahit	5dglcn
lane122s000529_megahit	LalaDgluMdap
lane122s000529_megahit	Lcyst
lane122s000529_megahit	ac
lane122s000529_megahit	acald
lane122s000529_megahit	acgam
lane122s000529_megahit	acmana
lane122s000529_megahit	adn
lane122s000529_megahit	ala_B
lane122s000529_megahit	ala_L_asp__L
lane122s000529_megahit	ala_L_glu__L
lane122s000529_megahit	ala__D
lane122s000529_megahit	ala__L
lane122s000529_megahit	alltn
lane122s000529_megahit	anhgm
lane122s000529_megahit	arab__L
lane122s000529_megahit	arbt
lane122s000529_megahit	arg__L
lane122s000529_megahit	aso3
lane122s000529_megahit	aso4
lane122s000529_megahit	btn
lane122s000529_megahit	but
lane122s000529_megahit	buts
lane122s000529_megahit	butso3
lane122s000529_megahit	bz
lane122s000529_megahit	ca2
lane122s000529_megahit	cellb
lane122s000529_megahit	cgly
lane122s000529_megahit	chol
lane122s000529_megahit	chols
lane122s000529_megahit	cinnm
lane122s000529_megahit	cit
lane122s000529_megahit	cl
lane122s000529_megahit	co2
lane122s000529_megahit	cobalt2
lane122s000529_megahit	csn
lane122s000529_megahit	cu2
lane122s000529_megahit	cyan
lane122s000529_megahit	cytd
lane122s000529_megahit	dextrin
lane122s000529_megahit	drib
lane122s000529_megahit	dxyl
lane122s000529_megahit	ethso3
lane122s000529_megahit	etoh
lane122s000529_megahit	fe2
lane122s000529_megahit	fe3pyovd_kt
lane122s000529_megahit	feenter
lane122s000529_megahit	fol
lane122s000529_megahit	forglu
lane122s000529_megahit	fru
lane122s000529_megahit	fum
lane122s000529_megahit	g3pc
lane122s000529_megahit	gal_bD
lane122s000529_megahit	gal
lane122s000529_megahit	galctn__D
lane122s000529_megahit	galctn__L
lane122s000529_megahit	galt
lane122s000529_megahit	galur
lane122s000529_megahit	gam
lane122s000529_megahit	glc__D
lane122s000529_megahit	glcn__D
lane122s000529_megahit	glcn
lane122s000529_megahit	glcur
lane122s000529_megahit	glu__L
lane122s000529_megahit	gly_asp__L
lane122s000529_megahit	gly
lane122s000529_megahit	gly_glu__L
lane122s000529_megahit	gly_pro__L
lane122s000529_megahit	glyb
lane122s000529_megahit	glyc3p
lane122s000529_megahit	glyc
lane122s000529_megahit	glyclt
lane122s000529_megahit	gsn
lane122s000529_megahit	gthrd
lane122s000529_megahit	h2
lane122s000529_megahit	h2o2
lane122s000529_megahit	h2o
lane122s000529_megahit	h2s
lane122s000529_megahit	h
lane122s000529_megahit	hexs
lane122s000529_megahit	his__L
lane122s000529_megahit	hom__L
lane122s000529_megahit	hxa
lane122s000529_megahit	hxan
lane122s000529_megahit	ile__L
lane122s000529_megahit	inost
lane122s000529_megahit	k
lane122s000529_megahit	lac__L
lane122s000529_megahit	lcts
lane122s000529_megahit	leu__L
lane122s000529_megahit	lipoate
lane122s000529_megahit	lmn2
lane122s000529_megahit	lys__L
lane122s000529_megahit	mal__D
lane122s000529_megahit	mal__L
lane122s000529_megahit	malt
lane122s000529_megahit	malthx
lane122s000529_megahit	man
lane122s000529_megahit	melib
lane122s000529_megahit	met__D
lane122s000529_megahit	met__L
lane122s000529_megahit	metox__R
lane122s000529_megahit	metox
lane122s000529_megahit	mg2
lane122s000529_megahit	mmet
lane122s000529_megahit	mn2
lane122s000529_megahit	mnl
lane122s000529_megahit	no3
lane122s000529_megahit	o2
lane122s000529_megahit	octa
lane122s000529_megahit	orn__L
lane122s000529_megahit	orot
lane122s000529_megahit	oxa
lane122s000529_megahit	phe__L
lane122s000529_megahit	pi
lane122s000529_megahit	pnto__R
lane122s000529_megahit	ppa
lane122s000529_megahit	ppoh
lane122s000529_megahit	pppn
lane122s000529_megahit	psclys
lane122s000529_megahit	raffin
lane122s000529_megahit	rib__D
lane122s000529_megahit	ribflv
lane122s000529_megahit	s
lane122s000529_megahit	salchs4fe
lane122s000529_megahit	salcn
lane122s000529_megahit	sel
lane122s000529_megahit	skm
lane122s000529_megahit	so3
lane122s000529_megahit	so4
lane122s000529_megahit	succ
lane122s000529_megahit	sucr
lane122s000529_megahit	sula
lane122s000529_megahit	sulfac
lane122s000529_megahit	tartr__L
lane122s000529_megahit	taur
lane122s000529_megahit	tcynt
lane122s000529_megahit	thr__L
lane122s000529_megahit	tre
lane122s000529_megahit	trp__L
lane122s000529_megahit	tsul
lane122s000529_megahit	tyr__L
lane122s000529_megahit	uacgam
lane122s000529_megahit	zn2
lane122s000530_shovill	R_sink_4crsol_c
lane122s000530_shovill	R_sink_hemeO_c
lane122s000530_shovill	R_sink_lipopb_c
lane122s000530_shovill	R_sink_mobd_c
lane122s000530_shovill	R_sink_mththf_c
lane122s000530_shovill	2hxmp
lane122s000530_shovill	2obut
lane122s000530_shovill	3amp
lane122s000530_shovill	3mb
lane122s000530_shovill	3ump
lane122s000530_shovill	4abut
lane122s000530_shovill	4ahmmp
lane122s000530_shovill	4hba
lane122s000530_shovill	4hphac
lane122s000530_shovill	5drib
lane122s000530_shovill	LalaLglu
lane122s000530_shovill	abt__L
lane122s000530_shovill	abt
lane122s000530_shovill	ac
lane122s000530_shovill	acald
lane122s000530_shovill	acgam
lane122s000530_shovill	acmum
lane122s000530_shovill	actn__R
lane122s000530_shovill	agm
lane122s000530_shovill	ala_B
lane122s000530_shovill	ala_L_asp__L
lane122s000530_shovill	ala_L_glu__L
lane122s000530_shovill	ala__D
lane122s000530_shovill	ala__L
lane122s000530_shovill	alaala
lane122s000530_shovill	anhgm
lane122s000530_shovill	arbt
lane122s000530_shovill	arg__L
lane122s000530_shovill	ca2
lane122s000530_shovill	cellb
lane122s000530_shovill	cl
lane122s000530_shovill	cobalt2
lane122s000530_shovill	cu2
lane122s000530_shovill	dextrin
lane122s000530_shovill	drib
lane122s000530_shovill	fe2
lane122s000530_shovill	fol
lane122s000530_shovill	fru
lane122s000530_shovill	gam
lane122s000530_shovill	glc__D
lane122s000530_shovill	glcn__D
lane122s000530_shovill	gln__L
lane122s000530_shovill	glu__L
lane122s000530_shovill	gly_asn__L
lane122s000530_shovill	glyc
lane122s000530_shovill	gthrd
lane122s000530_shovill	gua
lane122s000530_shovill	h2o2
lane122s000530_shovill	h2o
lane122s000530_shovill	h
lane122s000530_shovill	his__L
lane122s000530_shovill	k
lane122s000530_shovill	lcts
lane122s000530_shovill	leu__L
lane122s000530_shovill	lys__L
lane122s000530_shovill	madg
lane122s000530_shovill	mal__L
lane122s000530_shovill	malt
lane122s000530_shovill	malthp
lane122s000530_shovill	man
lane122s000530_shovill	mbdg
lane122s000530_shovill	melib
lane122s000530_shovill	mg2
lane122s000530_shovill	mmet
lane122s000530_shovill	mn2
lane122s000530_shovill	mnl
lane122s000530_shovill	nh4
lane122s000530_shovill	no3
lane122s000530_shovill	o2
lane122s000530_shovill	phe__L
lane122s000530_shovill	pi
lane122s000530_shovill	pnto__R
lane122s000530_shovill	pro__L
lane122s000530_shovill	raffin
lane122s000530_shovill	rib__D
lane122s000530_shovill	ribflv
lane122s000530_shovill	s
lane122s000530_shovill	salcn
lane122s000530_shovill	ser__D
lane122s000530_shovill	ser__L
lane122s000530_shovill	so4
lane122s000530_shovill	sucr
lane122s000530_shovill	tgt
lane122s000530_shovill	thm
lane122s000530_shovill	thr__L
lane122s000530_shovill	tre
lane122s000530_shovill	trp__L
lane122s000530_shovill	tyr__L
lane122s000530_shovill	udcpp
lane122s000530_shovill	val__L
lane122s000530_shovill	zn2
lane122s000531_bin.1.o	23cgmp
lane122s000531_bin.1.o	2obut
lane122s000531_bin.1.o	3amp
lane122s000531_bin.1.o	LalaDgluMdapDala
lane122s000531_bin.1.o	arg__L
lane122s000531_bin.1.o	asn__D
lane122s000531_bin.1.o	aso4
lane122s000531_bin.1.o	bz
lane122s000531_bin.1.o	ca2
lane122s000531_bin.1.o	cgly
lane122s000531_bin.1.o	cl
lane122s000531_bin.1.o	coa
lane122s000531_bin.1.o	cobalt2
lane122s000531_bin.1.o	cu2
lane122s000531_bin.1.o	etoh
lane122s000531_bin.1.o	fe2
lane122s000531_bin.1.o	fe3dcit
lane122s000531_bin.1.o	fol
lane122s000531_bin.1.o	g3ps
lane122s000531_bin.1.o	gln__L
lane122s000531_bin.1.o	glyphe
lane122s000531_bin.1.o	h2o
lane122s000531_bin.1.o	h
lane122s000531_bin.1.o	his__L
lane122s000531_bin.1.o	indole
lane122s000531_bin.1.o	k
lane122s000531_bin.1.o	lcts
lane122s000531_bin.1.o	lys__L
lane122s000531_bin.1.o	malt
lane122s000531_bin.1.o	metox
lane122s000531_bin.1.o	mg2
lane122s000531_bin.1.o	mn2
lane122s000531_bin.1.o	no3
lane122s000531_bin.1.o	o2
lane122s000531_bin.1.o	oxa
lane122s000531_bin.1.o	pro__L
lane122s000531_bin.1.o	ribflv
lane122s000531_bin.1.o	so4
lane122s000531_bin.1.o	thm
lane122s000531_bin.1.o	thr__L
lane122s000531_bin.1.o	thym
lane122s000531_bin.1.o	tyr__L
lane122s000531_bin.1.o	zn2
lane122s000532_bin.1.p	R_sink_4hba_c
lane122s000532_bin.1.p	R_sink_amob_c
lane122s000532_bin.1.p	R_sink_hemeO_c
lane122s000532_bin.1.p	R_sink_hmfurn_c
lane122s000532_bin.1.p	R_sink_lipopb_c
lane122s000532_bin.1.p	R_sink_mobd_c
lane122s000532_bin.1.p	R_sink_sheme_c
lane122s000532_bin.1.p	14glucan
lane122s000532_bin.1.p	23camp
lane122s000532_bin.1.p	23ccmp
lane122s000532_bin.1.p	23cgmp
lane122s000532_bin.1.p	23cump
lane122s000532_bin.1.p	25dkglcn
lane122s000532_bin.1.p	2hxmp
lane122s000532_bin.1.p	2mbald
lane122s000532_bin.1.p	3amp
lane122s000532_bin.1.p	3cmp
lane122s000532_bin.1.p	3mb
lane122s000532_bin.1.p	3ump
lane122s000532_bin.1.p	4abut
lane122s000532_bin.1.p	5dglcn
lane122s000532_bin.1.p	abt__L
lane122s000532_bin.1.p	abt
lane122s000532_bin.1.p	ac
lane122s000532_bin.1.p	acac
lane122s000532_bin.1.p	acald
lane122s000532_bin.1.p	acgam
lane122s000532_bin.1.p	actn__R
lane122s000532_bin.1.p	ala_B
lane122s000532_bin.1.p	ala_L_asp__L
lane122s000532_bin.1.p	ala_L_glu__L
lane122s000532_bin.1.p	ala__D
lane122s000532_bin.1.p	ala__L
lane122s000532_bin.1.p	anhgm
lane122s000532_bin.1.p	arab__L
lane122s000532_bin.1.p	arbt
lane122s000532_bin.1.p	arg__L
lane122s000532_bin.1.p	asn__L
lane122s000532_bin.1.p	asp__L
lane122s000532_bin.1.p	btn
lane122s000532_bin.1.p	but
lane122s000532_bin.1.p	butso3
lane122s000532_bin.1.p	bz
lane122s000532_bin.1.p	ca2
lane122s000532_bin.1.p	cell6
lane122s000532_bin.1.p	cellb
lane122s000532_bin.1.p	cgly
lane122s000532_bin.1.p	cit
lane122s000532_bin.1.p	cl
lane122s000532_bin.1.p	co2
lane122s000532_bin.1.p	cobalt2
lane122s000532_bin.1.p	cu2
lane122s000532_bin.1.p	cu
lane122s000532_bin.1.p	cys__L
lane122s000532_bin.1.p	cytd
lane122s000532_bin.1.p	dad_2
lane122s000532_bin.1.p	dca
lane122s000532_bin.1.p	dcyt
lane122s000532_bin.1.p	dextrin
lane122s000532_bin.1.p	drib
lane122s000532_bin.1.p	duri
lane122s000532_bin.1.p	ethso3
lane122s000532_bin.1.p	etoh
lane122s000532_bin.1.p	fe2
lane122s000532_bin.1.p	fe3
lane122s000532_bin.1.p	fe3pyovd_kt
lane122s000532_bin.1.p	fol
lane122s000532_bin.1.p	for
lane122s000532_bin.1.p	forglu
lane122s000532_bin.1.p	fru
lane122s000532_bin.1.p	fuc
lane122s000532_bin.1.p	fum
lane122s000532_bin.1.p	g3pc
lane122s000532_bin.1.p	g3pg
lane122s000532_bin.1.p	galur
lane122s000532_bin.1.p	gam
lane122s000532_bin.1.p	glc__D
lane122s000532_bin.1.p	glcn__D
lane122s000532_bin.1.p	glcur
lane122s000532_bin.1.p	gln__L
lane122s000532_bin.1.p	glu__L
lane122s000532_bin.1.p	gly_asn__L
lane122s000532_bin.1.p	gly_asp__L
lane122s000532_bin.1.p	gly
lane122s000532_bin.1.p	gly_glu__L
lane122s000532_bin.1.p	gly_pro__L
lane122s000532_bin.1.p	glyb
lane122s000532_bin.1.p	glyc3p
lane122s000532_bin.1.p	glyc
lane122s000532_bin.1.p	glyclt
lane122s000532_bin.1.p	gsn
lane122s000532_bin.1.p	gthox
lane122s000532_bin.1.p	gthrd
lane122s000532_bin.1.p	gua
lane122s000532_bin.1.p	h2
lane122s000532_bin.1.p	h2o2
lane122s000532_bin.1.p	h2o
lane122s000532_bin.1.p	h2s
lane122s000532_bin.1.p	h
lane122s000532_bin.1.p	ham
lane122s000532_bin.1.p	hco3
lane122s000532_bin.1.p	hexs
lane122s000532_bin.1.p	his__L
lane122s000532_bin.1.p	hqn
lane122s000532_bin.1.p	hxa
lane122s000532_bin.1.p	hxan
lane122s000532_bin.1.p	ile__L
lane122s000532_bin.1.p	inost
lane122s000532_bin.1.p	isetac
lane122s000532_bin.1.p	k
lane122s000532_bin.1.p	lac__D
lane122s000532_bin.1.p	lac__L
lane122s000532_bin.1.p	lcts
lane122s000532_bin.1.p	leu__L
lane122s000532_bin.1.p	lipoate
lane122s000532_bin.1.p	lys__L
lane122s000532_bin.1.p	madg
lane122s000532_bin.1.p	mal__L
lane122s000532_bin.1.p	malt
lane122s000532_bin.1.p	malthp
lane122s000532_bin.1.p	man
lane122s000532_bin.1.p	mbdg
lane122s000532_bin.1.p	meoh
lane122s000532_bin.1.p	met_L_ala__L
lane122s000532_bin.1.p	met__D
lane122s000532_bin.1.p	met__L
lane122s000532_bin.1.p	metox__R
lane122s000532_bin.1.p	metox
lane122s000532_bin.1.p	mg2
lane122s000532_bin.1.p	mn2
lane122s000532_bin.1.p	mnl1p
lane122s000532_bin.1.p	mnl
lane122s000532_bin.1.p	mobd
lane122s000532_bin.1.p	mso3
lane122s000532_bin.1.p	n2
lane122s000532_bin.1.p	nh4
lane122s000532_bin.1.p	no2
lane122s000532_bin.1.p	no3
lane122s000532_bin.1.p	no
lane122s000532_bin.1.p	o2
lane122s000532_bin.1.p	octa
lane122s000532_bin.1.p	orn__L
lane122s000532_bin.1.p	oxa
lane122s000532_bin.1.p	pi
lane122s000532_bin.1.p	pime
lane122s000532_bin.1.p	pnto__R
lane122s000532_bin.1.p	ppa
lane122s000532_bin.1.p	pro__L
lane122s000532_bin.1.p	progly
lane122s000532_bin.1.p	ptrc
lane122s000532_bin.1.p	pyovd_kt
lane122s000532_bin.1.p	pyr
lane122s000532_bin.1.p	raffin
lane122s000532_bin.1.p	rib__D
lane122s000532_bin.1.p	ribflv
lane122s000532_bin.1.p	rmn
lane122s000532_bin.1.p	s
lane122s000532_bin.1.p	salchs4
lane122s000532_bin.1.p	salcn
lane122s000532_bin.1.p	ser__D
lane122s000532_bin.1.p	ser__L
lane122s000532_bin.1.p	so3
lane122s000532_bin.1.p	so4
lane122s000532_bin.1.p	spmd
lane122s000532_bin.1.p	succ
lane122s000532_bin.1.p	sucr
lane122s000532_bin.1.p	sulfac
lane122s000532_bin.1.p	taur
lane122s000532_bin.1.p	thm
lane122s000532_bin.1.p	thr__L
lane122s000532_bin.1.p	thymd
lane122s000532_bin.1.p	tre
lane122s000532_bin.1.p	tsul
lane122s000532_bin.1.p	udcpdp
lane122s000532_bin.1.p	udcpp
lane122s000532_bin.1.p	ura
lane122s000532_bin.1.p	urate
lane122s000532_bin.1.p	uri
lane122s000532_bin.1.p	val__L
lane122s000532_bin.1.p	xan
lane122s000532_bin.1.p	xyl__D
lane122s000532_bin.1.p	zn2
lane122s000533_bin.10.p	LalaDgluMdap
lane122s000533_bin.10.p	ade
lane122s000533_bin.10.p	arg__L
lane122s000533_bin.10.p	ca2
lane122s000533_bin.10.p	chor
lane122s000533_bin.10.p	cl
lane122s000533_bin.10.p	cobalt2
lane122s000533_bin.10.p	cu2
lane122s000533_bin.10.p	fe2
lane122s000533_bin.10.p	fru
lane122s000533_bin.10.p	gam
lane122s000533_bin.10.p	glc__D
lane122s000533_bin.10.p	gly_asn__L
lane122s000533_bin.10.p	gua
lane122s000533_bin.10.p	h
lane122s000533_bin.10.p	his__L
lane122s000533_bin.10.p	hom__L
lane122s000533_bin.10.p	k
lane122s000533_bin.10.p	lcts
lane122s000533_bin.10.p	lys__L
lane122s000533_bin.10.p	malt
lane122s000533_bin.10.p	met__D
lane122s000533_bin.10.p	met__L
lane122s000533_bin.10.p	mg2
lane122s000533_bin.10.p	mn2
lane122s000533_bin.10.p	mnl
lane122s000533_bin.10.p	nmn
lane122s000533_bin.10.p	no3
lane122s000533_bin.10.p	no
lane122s000533_bin.10.p	o2
lane122s000533_bin.10.p	pi
lane122s000533_bin.10.p	ribflv
lane122s000533_bin.10.p	rmn
lane122s000533_bin.10.p	s
lane122s000533_bin.10.p	salchs4
lane122s000533_bin.10.p	ser__D
lane122s000533_bin.10.p	so4
lane122s000533_bin.10.p	spmd
lane122s000533_bin.10.p	thm
lane122s000533_bin.10.p	thym
lane122s000533_bin.10.p	tre
lane122s000533_bin.10.p	trp__L
lane122s000533_bin.10.p	tsul
lane122s000533_bin.10.p	udcpp
lane122s000533_bin.10.p	ura
lane122s000533_bin.10.p	val__L
lane122s000533_bin.10.p	zn2
lane122s000535_bin.1.p	3amp
lane122s000535_bin.1.p	LalaDgluMdap
lane122s000535_bin.1.p	abt__L
lane122s000535_bin.1.p	acald
lane122s000535_bin.1.p	acmana
lane122s000535_bin.1.p	acser
lane122s000535_bin.1.p	alaala
lane122s000535_bin.1.p	anhgm
lane122s000535_bin.1.p	arg__L
lane122s000535_bin.1.p	btd_RR
lane122s000535_bin.1.p	ca2
lane122s000535_bin.1.p	cgly
lane122s000535_bin.1.p	chor
lane122s000535_bin.1.p	cl
lane122s000535_bin.1.p	cobalt2
lane122s000535_bin.1.p	csn
lane122s000535_bin.1.p	cu2
lane122s000535_bin.1.p	fe2
lane122s000535_bin.1.p	fru
lane122s000535_bin.1.p	gln__L
lane122s000535_bin.1.p	glu__L
lane122s000535_bin.1.p	gly_asn__L
lane122s000535_bin.1.p	gua
lane122s000535_bin.1.p	h2o
lane122s000535_bin.1.p	h
lane122s000535_bin.1.p	his__L
lane122s000535_bin.1.p	hom__L
lane122s000535_bin.1.p	k
lane122s000535_bin.1.p	lcts
lane122s000535_bin.1.p	lys__L
lane122s000535_bin.1.p	mal__L
lane122s000535_bin.1.p	mg2
lane122s000535_bin.1.p	mn2
lane122s000535_bin.1.p	mnl
lane122s000535_bin.1.p	no3
lane122s000535_bin.1.p	o2
lane122s000535_bin.1.p	ocdcea
lane122s000535_bin.1.p	orn
lane122s000535_bin.1.p	pi
lane122s000535_bin.1.p	pnto__R
lane122s000535_bin.1.p	ppa
lane122s000535_bin.1.p	pro__L
lane122s000535_bin.1.p	progly
lane122s000535_bin.1.p	ribflv
lane122s000535_bin.1.p	s
lane122s000535_bin.1.p	ser__D
lane122s000535_bin.1.p	so4
lane122s000535_bin.1.p	thm
lane122s000535_bin.1.p	thr__L
lane122s000535_bin.1.p	tre
lane122s000535_bin.1.p	trp__L
lane122s000535_bin.1.p	udcpp
lane122s000535_bin.1.p	uri
lane122s000535_bin.1.p	zn2
lane122s000536_megahit	R_sink_2ohph_c
lane122s000536_megahit	R_sink_4crsol_c
lane122s000536_megahit	R_sink_amob_c
lane122s000536_megahit	R_sink_mobd_c
lane122s000536_megahit	R_sink_sheme_c
lane122s000536_megahit	12ppd__R
lane122s000536_megahit	25dkglcn
lane122s000536_megahit	2dhglcn
lane122s000536_megahit	3mb
lane122s000536_megahit	4ahmmp
lane122s000536_megahit	4hbald
lane122s000536_megahit	4hbz
lane122s000536_megahit	4hphac
lane122s000536_megahit	5drib
lane122s000536_megahit	5mcsn
lane122s000536_megahit	5mdru1p
lane122s000536_megahit	Lcyst
lane122s000536_megahit	R_3hcmrs7e
lane122s000536_megahit	ac
lane122s000536_megahit	acac
lane122s000536_megahit	acald
lane122s000536_megahit	acgam
lane122s000536_megahit	acser
lane122s000536_megahit	actn__R
lane122s000536_megahit	ade
lane122s000536_megahit	anhgm
lane122s000536_megahit	arab__L
lane122s000536_megahit	arbt6p
lane122s000536_megahit	arbt
lane122s000536_megahit	arg__L
lane122s000536_megahit	aso4
lane122s000536_megahit	asp__L
lane122s000536_megahit	biliverd
lane122s000536_megahit	btn
lane122s000536_megahit	but
lane122s000536_megahit	buts
lane122s000536_megahit	butso3
lane122s000536_megahit	bz
lane122s000536_megahit	ca2
lane122s000536_megahit	carn
lane122s000536_megahit	chol
lane122s000536_megahit	chols
lane122s000536_megahit	chtbs
lane122s000536_megahit	cit
lane122s000536_megahit	cl
lane122s000536_megahit	co2
lane122s000536_megahit	co
lane122s000536_megahit	coa
lane122s000536_megahit	cobalt2
lane122s000536_megahit	crn
lane122s000536_megahit	ctbt
lane122s000536_megahit	cu2
lane122s000536_megahit	cu
lane122s000536_megahit	cyan
lane122s000536_megahit	cys__L
lane122s000536_megahit	dca
lane122s000536_megahit	drib
lane122s000536_megahit	dtmp
lane122s000536_megahit	enter
lane122s000536_megahit	etha
lane122s000536_megahit	eths
lane122s000536_megahit	ethso3
lane122s000536_megahit	etoh
lane122s000536_megahit	fe2
lane122s000536_megahit	fe3
lane122s000536_megahit	fe3dcit
lane122s000536_megahit	fe3pyovd_kt
lane122s000536_megahit	feenter
lane122s000536_megahit	fol
lane122s000536_megahit	for
lane122s000536_megahit	fru
lane122s000536_megahit	fuc
lane122s000536_megahit	fum
lane122s000536_megahit	g3pc
lane122s000536_megahit	g3pi
lane122s000536_megahit	g3ps
lane122s000536_megahit	gal
lane122s000536_megahit	galur
lane122s000536_megahit	gam
lane122s000536_megahit	glc__D
lane122s000536_megahit	glcr
lane122s000536_megahit	glcur
lane122s000536_megahit	gln__L
lane122s000536_megahit	glu__L
lane122s000536_megahit	glyb
lane122s000536_megahit	glyc2p
lane122s000536_megahit	glyc
lane122s000536_megahit	glyclt
lane122s000536_megahit	glyphe
lane122s000536_megahit	gthox
lane122s000536_megahit	gthrd
lane122s000536_megahit	gua
lane122s000536_megahit	h2
lane122s000536_megahit	h2o2
lane122s000536_megahit	h2o
lane122s000536_megahit	h2s
lane122s000536_megahit	h
lane122s000536_megahit	hexs
lane122s000536_megahit	hom__L
lane122s000536_megahit	hxa
lane122s000536_megahit	hxan
lane122s000536_megahit	ile__L
lane122s000536_megahit	imp
lane122s000536_megahit	indole
lane122s000536_megahit	inost
lane122s000536_megahit	isetac
lane122s000536_megahit	istnt
lane122s000536_megahit	k
lane122s000536_megahit	lac__L
lane122s000536_megahit	lcts
lane122s000536_megahit	leu__L
lane122s000536_megahit	lys__L
lane122s000536_megahit	mal__D
lane122s000536_megahit	mal__L
lane122s000536_megahit	malt
lane122s000536_megahit	malthx
lane122s000536_megahit	malttr
lane122s000536_megahit	man
lane122s000536_megahit	meoh
lane122s000536_megahit	met__D
lane122s000536_megahit	met__L
lane122s000536_megahit	metox__R
lane122s000536_megahit	metox
lane122s000536_megahit	mg2
lane122s000536_megahit	mn2
lane122s000536_megahit	mnl
lane122s000536_megahit	mobd
lane122s000536_megahit	mso3
lane122s000536_megahit	n2o
lane122s000536_megahit	nac
lane122s000536_megahit	nh4
lane122s000536_megahit	nmn
lane122s000536_megahit	no2
lane122s000536_megahit	no3
lane122s000536_megahit	no
lane122s000536_megahit	o2
lane122s000536_megahit	oaa
lane122s000536_megahit	octa
lane122s000536_megahit	orn
lane122s000536_megahit	orot
lane122s000536_megahit	oxa
lane122s000536_megahit	pacald
lane122s000536_megahit	pi
lane122s000536_megahit	pime
lane122s000536_megahit	ppa
lane122s000536_megahit	ppap
lane122s000536_megahit	ppoh
lane122s000536_megahit	pro__L
lane122s000536_megahit	progly
lane122s000536_megahit	pta
lane122s000536_megahit	ptrc
lane122s000536_megahit	pyovd_kt
lane122s000536_megahit	pyr
lane122s000536_megahit	rib__D
lane122s000536_megahit	rmn
lane122s000536_megahit	s
lane122s000536_megahit	salchs2fe
lane122s000536_megahit	salchs4
lane122s000536_megahit	salchs4fe
lane122s000536_megahit	salchsx
lane122s000536_megahit	sel
lane122s000536_megahit	skm
lane122s000536_megahit	slnt
lane122s000536_megahit	so3
lane122s000536_megahit	so4
lane122s000536_megahit	spmd
lane122s000536_megahit	succ
lane122s000536_megahit	sucr
lane122s000536_megahit	sula
lane122s000536_megahit	sulfac
lane122s000536_megahit	taur
lane122s000536_megahit	tcynt
lane122s000536_megahit	thr__L
lane122s000536_megahit	thym
lane122s000536_megahit	tmam
lane122s000536_megahit	tol
lane122s000536_megahit	tre
lane122s000536_megahit	tsul
lane122s000536_megahit	tyr__L
lane122s000536_megahit	val__L
lane122s000536_megahit	xan
lane122s000536_megahit	xyl__D
lane122s000536_megahit	zn2
lane122s000537_shovill	14glucan
lane122s000537_shovill	23camp
lane122s000537_shovill	23ccmp
lane122s000537_shovill	23cgmp
lane122s000537_shovill	23cump
lane122s000537_shovill	2hxmp
lane122s000537_shovill	2mba
lane122s000537_shovill	2mbald
lane122s000537_shovill	3amp
lane122s000537_shovill	3cmp
lane122s000537_shovill	Larab
lane122s000537_shovill	Lcyst
lane122s000537_shovill	abt__L
lane122s000537_shovill	abt
lane122s000537_shovill	acgam
lane122s000537_shovill	acglu
lane122s000537_shovill	acmana
lane122s000537_shovill	acnam
lane122s000537_shovill	actn__R
lane122s000537_shovill	arab__L
lane122s000537_shovill	arbt
lane122s000537_shovill	arg__L
lane122s000537_shovill	ascb__L
lane122s000537_shovill	asn__L
lane122s000537_shovill	btn
lane122s000537_shovill	but
lane122s000537_shovill	buts
lane122s000537_shovill	butso3
lane122s000537_shovill	bz
lane122s000537_shovill	ca2
lane122s000537_shovill	cellb
lane122s000537_shovill	cgly
lane122s000537_shovill	chol
lane122s000537_shovill	chtbs
lane122s000537_shovill	cit
lane122s000537_shovill	cl
lane122s000537_shovill	co2
lane122s000537_shovill	cobalt2
lane122s000537_shovill	cu2
lane122s000537_shovill	cys__L
lane122s000537_shovill	dextrin
lane122s000537_shovill	drib
lane122s000537_shovill	eths
lane122s000537_shovill	ethso3
lane122s000537_shovill	etoh
lane122s000537_shovill	fe2
lane122s000537_shovill	fol
lane122s000537_shovill	for
lane122s000537_shovill	fru
lane122s000537_shovill	fuc__L
lane122s000537_shovill	g3pc
lane122s000537_shovill	g3ps
lane122s000537_shovill	gal
lane122s000537_shovill	galman4
lane122s000537_shovill	galman6
lane122s000537_shovill	galt
lane122s000537_shovill	galur
lane122s000537_shovill	gam
lane122s000537_shovill	glc__D
lane122s000537_shovill	glcman4
lane122s000537_shovill	glcman6
lane122s000537_shovill	glcn__D
lane122s000537_shovill	glcn
lane122s000537_shovill	glcur
lane122s000537_shovill	gln__L
lane122s000537_shovill	glu__L
lane122s000537_shovill	glucan4
lane122s000537_shovill	glucan6
lane122s000537_shovill	gly_asn__L
lane122s000537_shovill	gly_asp__L
lane122s000537_shovill	gly
lane122s000537_shovill	gly_glu__L
lane122s000537_shovill	gly_pro__L
lane122s000537_shovill	glyc3p
lane122s000537_shovill	glyc
lane122s000537_shovill	glyclt
lane122s000537_shovill	gthrd
lane122s000537_shovill	gua
lane122s000537_shovill	h2
lane122s000537_shovill	h2o2
lane122s000537_shovill	h2o
lane122s000537_shovill	h2s
lane122s000537_shovill	h
lane122s000537_shovill	ham
lane122s000537_shovill	hqn
lane122s000537_shovill	id3acald
lane122s000537_shovill	ile__L
lane122s000537_shovill	inost
lane122s000537_shovill	k
lane122s000537_shovill	lcts
lane122s000537_shovill	leu__L
lane122s000537_shovill	lmn2
lane122s000537_shovill	lys__L
lane122s000537_shovill	madg
lane122s000537_shovill	mal__L
lane122s000537_shovill	malt
lane122s000537_shovill	malttr
lane122s000537_shovill	maltttr
lane122s000537_shovill	man
lane122s000537_shovill	manglyc
lane122s000537_shovill	manttr
lane122s000537_shovill	mbdg
lane122s000537_shovill	melib
lane122s000537_shovill	meoh
lane122s000537_shovill	metox__R
lane122s000537_shovill	metox
lane122s000537_shovill	mg2
lane122s000537_shovill	mn2
lane122s000537_shovill	mnl
lane122s000537_shovill	mobd
lane122s000537_shovill	nh4
lane122s000537_shovill	nmn
lane122s000537_shovill	no2
lane122s000537_shovill	no3
lane122s000537_shovill	no
lane122s000537_shovill	o2
lane122s000537_shovill	ocdcea
lane122s000537_shovill	orn
lane122s000537_shovill	oxa
lane122s000537_shovill	pacald
lane122s000537_shovill	phe__L
lane122s000537_shovill	pi
lane122s000537_shovill	ppa
lane122s000537_shovill	ppap
lane122s000537_shovill	ppoh
lane122s000537_shovill	pro__L
lane122s000537_shovill	progly
lane122s000537_shovill	ptrc
lane122s000537_shovill	pydxn
lane122s000537_shovill	pyovd_kt
lane122s000537_shovill	pyr
lane122s000537_shovill	raffin
lane122s000537_shovill	rib__D
lane122s000537_shovill	s
lane122s000537_shovill	salcn
lane122s000537_shovill	sbt__D
lane122s000537_shovill	so4
lane122s000537_shovill	sucr
lane122s000537_shovill	sula
lane122s000537_shovill	sulfac
lane122s000537_shovill	taur
lane122s000537_shovill	thm
lane122s000537_shovill	thr__L
lane122s000537_shovill	thymd
lane122s000537_shovill	tre
lane122s000537_shovill	tyr__L
lane122s000537_shovill	xyl3
lane122s000537_shovill	xyl__D
lane122s000537_shovill	xylan4
lane122s000537_shovill	xylan8
lane122s000537_shovill	xylb
lane122s000537_shovill	zn2
lane122s000538_bin.1.p	R_sink_amob_c
lane122s000538_bin.1.p	R_sink_hemeO_c
lane122s000538_bin.1.p	R_sink_hmfurn_c
lane122s000538_bin.1.p	R_sink_lipopb_c
lane122s000538_bin.1.p	R_sink_mobd_c
lane122s000538_bin.1.p	R_sink_sheme_c
lane122s000538_bin.1.p	14glucan
lane122s000538_bin.1.p	23camp
lane122s000538_bin.1.p	23cgmp
lane122s000538_bin.1.p	acgam
lane122s000538_bin.1.p	actn__R
lane122s000538_bin.1.p	ala_B
lane122s000538_bin.1.p	ala_L_asp__L
lane122s000538_bin.1.p	arbt
lane122s000538_bin.1.p	arg__L
lane122s000538_bin.1.p	asn__L
lane122s000538_bin.1.p	ca2
lane122s000538_bin.1.p	cellb
lane122s000538_bin.1.p	cl
lane122s000538_bin.1.p	cobalt2
lane122s000538_bin.1.p	cu2
lane122s000538_bin.1.p	cytd
lane122s000538_bin.1.p	dextrin
lane122s000538_bin.1.p	drib
lane122s000538_bin.1.p	fe2
lane122s000538_bin.1.p	fol
lane122s000538_bin.1.p	fru
lane122s000538_bin.1.p	fuc
lane122s000538_bin.1.p	g3pc
lane122s000538_bin.1.p	gam
lane122s000538_bin.1.p	glc__D
lane122s000538_bin.1.p	glcn__D
lane122s000538_bin.1.p	glcur
lane122s000538_bin.1.p	glucan4
lane122s000538_bin.1.p	glucan6
lane122s000538_bin.1.p	gly
lane122s000538_bin.1.p	glyc3p
lane122s000538_bin.1.p	glyc
lane122s000538_bin.1.p	glyclt
lane122s000538_bin.1.p	gthox
lane122s000538_bin.1.p	gthrd
lane122s000538_bin.1.p	gua
lane122s000538_bin.1.p	h2
lane122s000538_bin.1.p	h2o2
lane122s000538_bin.1.p	h2o
lane122s000538_bin.1.p	h2s
lane122s000538_bin.1.p	h
lane122s000538_bin.1.p	ham
lane122s000538_bin.1.p	his__L
lane122s000538_bin.1.p	inost
lane122s000538_bin.1.p	isetac
lane122s000538_bin.1.p	k
lane122s000538_bin.1.p	lac__D
lane122s000538_bin.1.p	lcts
lane122s000538_bin.1.p	leu__L
lane122s000538_bin.1.p	lmn2
lane122s000538_bin.1.p	lys__L
lane122s000538_bin.1.p	madg
lane122s000538_bin.1.p	mal__L
lane122s000538_bin.1.p	malt
lane122s000538_bin.1.p	man
lane122s000538_bin.1.p	mbdg
lane122s000538_bin.1.p	melib
lane122s000538_bin.1.p	meoh
lane122s000538_bin.1.p	mg2
lane122s000538_bin.1.p	mn2
lane122s000538_bin.1.p	mnl
lane122s000538_bin.1.p	n2o
lane122s000538_bin.1.p	ncam
lane122s000538_bin.1.p	nh4
lane122s000538_bin.1.p	no2
lane122s000538_bin.1.p	no3
lane122s000538_bin.1.p	no
lane122s000538_bin.1.p	o2
lane122s000538_bin.1.p	orn__L
lane122s000538_bin.1.p	rib__D
lane122s000538_bin.1.p	ribflv
lane122s000538_bin.1.p	s
lane122s000538_bin.1.p	salcn
lane122s000538_bin.1.p	ser__D
lane122s000538_bin.1.p	ser__L
lane122s000538_bin.1.p	so4
lane122s000538_bin.1.p	sucr
lane122s000538_bin.1.p	thm
lane122s000538_bin.1.p	thymd
lane122s000538_bin.1.p	tre
lane122s000538_bin.1.p	udcpdp
lane122s000538_bin.1.p	uri
lane122s000538_bin.1.p	xyl3
lane122s000538_bin.1.p	xyl__D
lane122s000538_bin.1.p	xylan4
lane122s000538_bin.1.p	xylb
lane122s000538_bin.1.p	zn2
lane122s000539_shovill	14glucan
lane122s000539_shovill	23camp
lane122s000539_shovill	23ccmp
lane122s000539_shovill	23cgmp
lane122s000539_shovill	23cump
lane122s000539_shovill	25dkglcn
lane122s000539_shovill	2hxmp
lane122s000539_shovill	2mbald
lane122s000539_shovill	3amp
lane122s000539_shovill	3cmp
lane122s000539_shovill	3hoxpac
lane122s000539_shovill	3ump
lane122s000539_shovill	4abut
lane122s000539_shovill	4hphac
lane122s000539_shovill	4hpro_LT
lane122s000539_shovill	5dglcn
lane122s000539_shovill	5oxpro
lane122s000539_shovill	abt__L
lane122s000539_shovill	acald
lane122s000539_shovill	acgam
lane122s000539_shovill	acmana
lane122s000539_shovill	actn__R
lane122s000539_shovill	adn
lane122s000539_shovill	ala_B
lane122s000539_shovill	ala_L_asp__L
lane122s000539_shovill	ala_L_glu__L
lane122s000539_shovill	ala__D
lane122s000539_shovill	ala__L
lane122s000539_shovill	alltn
lane122s000539_shovill	anhgm
lane122s000539_shovill	arab__L
lane122s000539_shovill	arbt
lane122s000539_shovill	arg__L
lane122s000539_shovill	asn__L
lane122s000539_shovill	btn
lane122s000539_shovill	buts
lane122s000539_shovill	butso3
lane122s000539_shovill	bz
lane122s000539_shovill	ca2
lane122s000539_shovill	cell4
lane122s000539_shovill	cellb
lane122s000539_shovill	cgly
lane122s000539_shovill	chol
lane122s000539_shovill	chols
lane122s000539_shovill	cinnm
lane122s000539_shovill	cit
lane122s000539_shovill	cl
lane122s000539_shovill	cobalt2
lane122s000539_shovill	csn
lane122s000539_shovill	cu2
lane122s000539_shovill	cys__L
lane122s000539_shovill	cytd
lane122s000539_shovill	dad_2
lane122s000539_shovill	dca
lane122s000539_shovill	dcyt
lane122s000539_shovill	dextrin
lane122s000539_shovill	fe2
lane122s000539_shovill	fol
lane122s000539_shovill	fru
lane122s000539_shovill	frulys
lane122s000539_shovill	fum
lane122s000539_shovill	gal
lane122s000539_shovill	galct__D
lane122s000539_shovill	galctn__L
lane122s000539_shovill	galctr__D
lane122s000539_shovill	galt
lane122s000539_shovill	gam
lane122s000539_shovill	glc__D
lane122s000539_shovill	glcn__D
lane122s000539_shovill	glcn
lane122s000539_shovill	glcr
lane122s000539_shovill	glcur
lane122s000539_shovill	gln__L
lane122s000539_shovill	glu__L
lane122s000539_shovill	gly_asn__L
lane122s000539_shovill	gly_asp__L
lane122s000539_shovill	gly
lane122s000539_shovill	glyc3p
lane122s000539_shovill	gsn
lane122s000539_shovill	gthrd
lane122s000539_shovill	gua
lane122s000539_shovill	h2
lane122s000539_shovill	h2o2
lane122s000539_shovill	h2o
lane122s000539_shovill	h2s
lane122s000539_shovill	h
lane122s000539_shovill	hco3
lane122s000539_shovill	hexs
lane122s000539_shovill	his__L
lane122s000539_shovill	hqn
lane122s000539_shovill	hxa
lane122s000539_shovill	hxan
lane122s000539_shovill	ile__L
lane122s000539_shovill	inost
lane122s000539_shovill	ins
lane122s000539_shovill	isetac
lane122s000539_shovill	istnt
lane122s000539_shovill	ival
lane122s000539_shovill	k
lane122s000539_shovill	mal__L
lane122s000539_shovill	malt
lane122s000539_shovill	malthx
lane122s000539_shovill	man
lane122s000539_shovill	melib
lane122s000539_shovill	mg2
lane122s000539_shovill	mn2
lane122s000539_shovill	mnl
lane122s000539_shovill	mso3
lane122s000539_shovill	n2o
lane122s000539_shovill	nh4
lane122s000539_shovill	no2
lane122s000539_shovill	no3
lane122s000539_shovill	no
lane122s000539_shovill	o2
lane122s000539_shovill	oaa
lane122s000539_shovill	octa
lane122s000539_shovill	orn__L
lane122s000539_shovill	orot
lane122s000539_shovill	oxa
lane122s000539_shovill	pentso3
lane122s000539_shovill	phe__L
lane122s000539_shovill	pi
lane122s000539_shovill	pnto__R
lane122s000539_shovill	ppoh
lane122s000539_shovill	pro__L
lane122s000539_shovill	progly
lane122s000539_shovill	psclys
lane122s000539_shovill	pyovd_kt
lane122s000539_shovill	raffin
lane122s000539_shovill	ribflv
lane122s000539_shovill	s
lane122s000539_shovill	salcn
lane122s000539_shovill	ser__D
lane122s000539_shovill	skm
lane122s000539_shovill	so3
lane122s000539_shovill	so4
lane122s000539_shovill	spmd
lane122s000539_shovill	succ
lane122s000539_shovill	sucr
lane122s000539_shovill	sula
lane122s000539_shovill	sulfac
lane122s000539_shovill	tartr__L
lane122s000539_shovill	taur
lane122s000539_shovill	tet
lane122s000539_shovill	thm
lane122s000539_shovill	thr__L
lane122s000539_shovill	tre
lane122s000539_shovill	trp__L
lane122s000539_shovill	tyr__L
lane122s000539_shovill	udcpdp
lane122s000539_shovill	udcpp
lane122s000539_shovill	ura
lane122s000539_shovill	urate
lane122s000539_shovill	uri
lane122s000539_shovill	val__L
lane122s000539_shovill	xan
lane122s000539_shovill	xtsn
lane122s000539_shovill	xyl__D
lane122s000539_shovill	zn2
lane122s000540_bin.1.p	R_sink_2ohph_c
lane122s000540_bin.1.p	R_sink_4crsol_c
lane122s000540_bin.1.p	R_sink_4hba_c
lane122s000540_bin.1.p	R_sink_aacald_c
lane122s000540_bin.1.p	R_sink_amob_c
lane122s000540_bin.1.p	R_sink_mobd_c
lane122s000540_bin.1.p	R_sink_sheme_c
lane122s000540_bin.1.p	23camp
lane122s000540_bin.1.p	23ccmp
lane122s000540_bin.1.p	23cgmp
lane122s000540_bin.1.p	23cump
lane122s000540_bin.1.p	25dkglcn
lane122s000540_bin.1.p	2ddglcn
lane122s000540_bin.1.p	3amp
lane122s000540_bin.1.p	3cmp
lane122s000540_bin.1.p	3hoxpac
lane122s000540_bin.1.p	3mb
lane122s000540_bin.1.p	3ump
lane122s000540_bin.1.p	4abut
lane122s000540_bin.1.p	4hba
lane122s000540_bin.1.p	4hbald
lane122s000540_bin.1.p	4hphac
lane122s000540_bin.1.p	4hpro_LT
lane122s000540_bin.1.p	5drib
lane122s000540_bin.1.p	5mcsn
lane122s000540_bin.1.p	LalaDgluMdapDala
lane122s000540_bin.1.p	Lcyst
lane122s000540_bin.1.p	abt__D
lane122s000540_bin.1.p	ac
lane122s000540_bin.1.p	acac
lane122s000540_bin.1.p	acald
lane122s000540_bin.1.p	acgam
lane122s000540_bin.1.p	acglu
lane122s000540_bin.1.p	acser
lane122s000540_bin.1.p	actn__R
lane122s000540_bin.1.p	ad
lane122s000540_bin.1.p	ade
lane122s000540_bin.1.p	adn
lane122s000540_bin.1.p	akg
lane122s000540_bin.1.p	ala_B
lane122s000540_bin.1.p	ala__D
lane122s000540_bin.1.p	ala__L
lane122s000540_bin.1.p	alaala
lane122s000540_bin.1.p	alltn
lane122s000540_bin.1.p	arab__L
lane122s000540_bin.1.p	arbt6p
lane122s000540_bin.1.p	arbt
lane122s000540_bin.1.p	arg__L
lane122s000540_bin.1.p	asn__L
lane122s000540_bin.1.p	aso3
lane122s000540_bin.1.p	aso4
lane122s000540_bin.1.p	btn
lane122s000540_bin.1.p	but
lane122s000540_bin.1.p	buts
lane122s000540_bin.1.p	butso3
lane122s000540_bin.1.p	bz
lane122s000540_bin.1.p	ca2
lane122s000540_bin.1.p	cgly
lane122s000540_bin.1.p	chol
lane122s000540_bin.1.p	cit
lane122s000540_bin.1.p	cl
lane122s000540_bin.1.p	co2
lane122s000540_bin.1.p	coa
lane122s000540_bin.1.p	cobalt2
lane122s000540_bin.1.p	crn
lane122s000540_bin.1.p	csn
lane122s000540_bin.1.p	ctbt
lane122s000540_bin.1.p	cu2
lane122s000540_bin.1.p	cynt
lane122s000540_bin.1.p	cys__L
lane122s000540_bin.1.p	cytd
lane122s000540_bin.1.p	dad_2
lane122s000540_bin.1.p	dca
lane122s000540_bin.1.p	dha
lane122s000540_bin.1.p	diact
lane122s000540_bin.1.p	drib
lane122s000540_bin.1.p	enter
lane122s000540_bin.1.p	etha
lane122s000540_bin.1.p	eths
lane122s000540_bin.1.p	ethso3
lane122s000540_bin.1.p	etoh
lane122s000540_bin.1.p	fe2
lane122s000540_bin.1.p	fe3
lane122s000540_bin.1.p	fe3dcit
lane122s000540_bin.1.p	fe3pyovd_kt
lane122s000540_bin.1.p	feenter
lane122s000540_bin.1.p	fol
lane122s000540_bin.1.p	for
lane122s000540_bin.1.p	fuc
lane122s000540_bin.1.p	fum
lane122s000540_bin.1.p	g3pc
lane122s000540_bin.1.p	g3pi
lane122s000540_bin.1.p	g3ps
lane122s000540_bin.1.p	gal
lane122s000540_bin.1.p	galct__D
lane122s000540_bin.1.p	galctn__D
lane122s000540_bin.1.p	galctn__L
lane122s000540_bin.1.p	galctr__D
lane122s000540_bin.1.p	galt
lane122s000540_bin.1.p	galur
lane122s000540_bin.1.p	gam
lane122s000540_bin.1.p	glc__D
lane122s000540_bin.1.p	glcr
lane122s000540_bin.1.p	glcur
lane122s000540_bin.1.p	gln__L
lane122s000540_bin.1.p	glyb
lane122s000540_bin.1.p	glyc2p
lane122s000540_bin.1.p	glyc3p
lane122s000540_bin.1.p	glyc__R
lane122s000540_bin.1.p	glyc
lane122s000540_bin.1.p	glyclt
lane122s000540_bin.1.p	gsn
lane122s000540_bin.1.p	gthox
lane122s000540_bin.1.p	gthrd
lane122s000540_bin.1.p	gua
lane122s000540_bin.1.p	h2
lane122s000540_bin.1.p	h2o2
lane122s000540_bin.1.p	h2o
lane122s000540_bin.1.p	h
lane122s000540_bin.1.p	his__L
lane122s000540_bin.1.p	ile__L
lane122s000540_bin.1.p	indole
lane122s000540_bin.1.p	k
lane122s000540_bin.1.p	lac__D
lane122s000540_bin.1.p	lac__L
lane122s000540_bin.1.p	lcts
lane122s000540_bin.1.p	leu__L
lane122s000540_bin.1.p	lys__L
lane122s000540_bin.1.p	mal__D
lane122s000540_bin.1.p	mal__L
lane122s000540_bin.1.p	malt
lane122s000540_bin.1.p	malthx
lane122s000540_bin.1.p	malttr
lane122s000540_bin.1.p	maltttr
lane122s000540_bin.1.p	man
lane122s000540_bin.1.p	melib
lane122s000540_bin.1.p	meoh
lane122s000540_bin.1.p	met__D
lane122s000540_bin.1.p	met__L
lane122s000540_bin.1.p	metox__R
lane122s000540_bin.1.p	metox
lane122s000540_bin.1.p	mg2
lane122s000540_bin.1.p	mn2
lane122s000540_bin.1.p	nh4
lane122s000540_bin.1.p	no2
lane122s000540_bin.1.p	no3
lane122s000540_bin.1.p	o2
lane122s000540_bin.1.p	octa
lane122s000540_bin.1.p	orn
lane122s000540_bin.1.p	orot
lane122s000540_bin.1.p	oxa
lane122s000540_bin.1.p	phe__L
lane122s000540_bin.1.p	pi
lane122s000540_bin.1.p	pime
lane122s000540_bin.1.p	ppa
lane122s000540_bin.1.p	ppap
lane122s000540_bin.1.p	ppoh
lane122s000540_bin.1.p	pro__L
lane122s000540_bin.1.p	progly
lane122s000540_bin.1.p	pta
lane122s000540_bin.1.p	ptrc
lane122s000540_bin.1.p	pyovd_kt
lane122s000540_bin.1.p	pyr
lane122s000540_bin.1.p	raffin
lane122s000540_bin.1.p	rib__D
lane122s000540_bin.1.p	rmn
lane122s000540_bin.1.p	s
lane122s000540_bin.1.p	salchs4
lane122s000540_bin.1.p	salchs4fe
lane122s000540_bin.1.p	sbt__D
lane122s000540_bin.1.p	skm
lane122s000540_bin.1.p	so3
lane122s000540_bin.1.p	so4
lane122s000540_bin.1.p	spmd
lane122s000540_bin.1.p	succ
lane122s000540_bin.1.p	sucr
lane122s000540_bin.1.p	sula
lane122s000540_bin.1.p	sulfac
lane122s000540_bin.1.p	tartr__L
lane122s000540_bin.1.p	taur
lane122s000540_bin.1.p	thm
lane122s000540_bin.1.p	thym
lane122s000540_bin.1.p	tol
lane122s000540_bin.1.p	tre
lane122s000540_bin.1.p	trp__L
lane122s000540_bin.1.p	tsul
lane122s000540_bin.1.p	tyr__L
lane122s000540_bin.1.p	udcpdp
lane122s000540_bin.1.p	udcpp
lane122s000540_bin.1.p	ura
lane122s000540_bin.1.p	uri
lane122s000540_bin.1.p	val__L
lane122s000540_bin.1.p	xan
lane122s000540_bin.1.p	xtsn
lane122s000540_bin.1.p	xyl__D
lane122s000540_bin.1.p	zn2
lane122s000540_bin.1.p	fru
lane122s000540_bin.2.p	5dglcn
lane122s000540_bin.2.p	Larab
lane122s000540_bin.2.p	acgam
lane122s000540_bin.2.p	adn
lane122s000540_bin.2.p	arab__L
lane122s000540_bin.2.p	arbt
lane122s000540_bin.2.p	arg__L
lane122s000540_bin.2.p	asn__L
lane122s000540_bin.2.p	ca2
lane122s000540_bin.2.p	cell4
lane122s000540_bin.2.p	cellb
lane122s000540_bin.2.p	cgly
lane122s000540_bin.2.p	ch4s
lane122s000540_bin.2.p	chol
lane122s000540_bin.2.p	chols
lane122s000540_bin.2.p	cit
lane122s000540_bin.2.p	cl
lane122s000540_bin.2.p	cobalt2
lane122s000540_bin.2.p	cu2
lane122s000540_bin.2.p	cyan
lane122s000540_bin.2.p	cytd
lane122s000540_bin.2.p	dextrin
lane122s000540_bin.2.p	drib
lane122s000540_bin.2.p	fe2
lane122s000540_bin.2.p	fol
lane122s000540_bin.2.p	fru
lane122s000540_bin.2.p	frulys
lane122s000540_bin.2.p	g3pc
lane122s000540_bin.2.p	galt
lane122s000540_bin.2.p	galur
lane122s000540_bin.2.p	gam
lane122s000540_bin.2.p	glc__D
lane122s000540_bin.2.p	glcur
lane122s000540_bin.2.p	gln__L
lane122s000540_bin.2.p	glu__L
lane122s000540_bin.2.p	gly_asn__L
lane122s000540_bin.2.p	gly
lane122s000540_bin.2.p	glyc3p
lane122s000540_bin.2.p	glyc
lane122s000540_bin.2.p	gsn
lane122s000540_bin.2.p	gthox
lane122s000540_bin.2.p	gthrd
lane122s000540_bin.2.p	gua
lane122s000540_bin.2.p	h2o2
lane122s000540_bin.2.p	h2o
lane122s000540_bin.2.p	h2s
lane122s000540_bin.2.p	h
lane122s000540_bin.2.p	hexs
lane122s000540_bin.2.p	his__L
lane122s000540_bin.2.p	hqn
lane122s000540_bin.2.p	inost
lane122s000540_bin.2.p	ins
lane122s000540_bin.2.p	k
lane122s000540_bin.2.p	lac__L
lane122s000540_bin.2.p	lcts
lane122s000540_bin.2.p	leu__L
lane122s000540_bin.2.p	lipoate
lane122s000540_bin.2.p	lys__L
lane122s000540_bin.2.p	madg
lane122s000540_bin.2.p	mal__D
lane122s000540_bin.2.p	mal__L
lane122s000540_bin.2.p	malt
lane122s000540_bin.2.p	malthp
lane122s000540_bin.2.p	malttr
lane122s000540_bin.2.p	maltttr
lane122s000540_bin.2.p	man
lane122s000540_bin.2.p	mbdg
lane122s000540_bin.2.p	melib
lane122s000540_bin.2.p	meoh
lane122s000540_bin.2.p	met_L_ala__L
lane122s000540_bin.2.p	met__D
lane122s000540_bin.2.p	met__L
lane122s000540_bin.2.p	metox__R
lane122s000540_bin.2.p	metox
lane122s000540_bin.2.p	mg2
lane122s000540_bin.2.p	mmet
lane122s000540_bin.2.p	mn2
lane122s000540_bin.2.p	mnl
lane122s000540_bin.2.p	nh4
lane122s000540_bin.2.p	no2
lane122s000540_bin.2.p	no3
lane122s000540_bin.2.p	o2
lane122s000540_bin.2.p	orn__L
lane122s000540_bin.2.p	phe__L
lane122s000540_bin.2.p	pi
lane122s000540_bin.2.p	pnto__R
lane122s000540_bin.2.p	ppa
lane122s000540_bin.2.p	ppap
lane122s000540_bin.2.p	ppoh
lane122s000540_bin.2.p	pro__L
lane122s000540_bin.2.p	ptrc
lane122s000540_bin.2.p	pyovd_kt
lane122s000540_bin.2.p	pyr
lane122s000540_bin.2.p	raffin
lane122s000540_bin.2.p	rib__D
lane122s000540_bin.2.p	ribflv
lane122s000540_bin.2.p	rmn
lane122s000540_bin.2.p	s
lane122s000540_bin.2.p	salchs4fe
lane122s000540_bin.2.p	salcn
lane122s000540_bin.2.p	sbt__D
lane122s000540_bin.2.p	so3
lane122s000540_bin.2.p	so4
lane122s000540_bin.2.p	starch
lane122s000540_bin.2.p	succ
lane122s000540_bin.2.p	sucr
lane122s000540_bin.2.p	sula
lane122s000540_bin.2.p	sulfac
lane122s000540_bin.2.p	tartr__L
lane122s000540_bin.2.p	taur
lane122s000540_bin.2.p	tcynt
lane122s000540_bin.2.p	thm
lane122s000540_bin.2.p	thr__L
lane122s000540_bin.2.p	tmam
lane122s000540_bin.2.p	tol
lane122s000540_bin.2.p	tre
lane122s000540_bin.2.p	trp__L
lane122s000540_bin.2.p	tsul
lane122s000540_bin.2.p	tyr__L
lane122s000540_bin.2.p	udcpp
lane122s000540_bin.2.p	uri
lane122s000540_bin.2.p	xyl__D
lane122s000540_bin.2.p	zn2
lane122s000541_shovill	14glucan
lane122s000541_shovill	23camp
lane122s000541_shovill	23ccmp
lane122s000541_shovill	23cgmp
lane122s000541_shovill	23cump
lane122s000541_shovill	25dkglcn
lane122s000541_shovill	2dhglcn
lane122s000541_shovill	LalaDgluMdap
lane122s000541_shovill	acald
lane122s000541_shovill	acgam
lane122s000541_shovill	arbt
lane122s000541_shovill	arg__L
lane122s000541_shovill	asn__L
lane122s000541_shovill	ca2
lane122s000541_shovill	cell6
lane122s000541_shovill	cellb
lane122s000541_shovill	chol
lane122s000541_shovill	chols
lane122s000541_shovill	cit
lane122s000541_shovill	cl
lane122s000541_shovill	co2
lane122s000541_shovill	cobalt2
lane122s000541_shovill	crn
lane122s000541_shovill	cu2
lane122s000541_shovill	cu
lane122s000541_shovill	cyan
lane122s000541_shovill	cys__L
lane122s000541_shovill	cytd
lane122s000541_shovill	dad_2
lane122s000541_shovill	dca
lane122s000541_shovill	dcyt
lane122s000541_shovill	dextrin
lane122s000541_shovill	dhptd
lane122s000541_shovill	drib
lane122s000541_shovill	duri
lane122s000541_shovill	enter
lane122s000541_shovill	etha
lane122s000541_shovill	eths
lane122s000541_shovill	ethso3
lane122s000541_shovill	etoh
lane122s000541_shovill	fe2
lane122s000541_shovill	fe3
lane122s000541_shovill	fol
lane122s000541_shovill	for
lane122s000541_shovill	fru
lane122s000541_shovill	fuc
lane122s000541_shovill	fum
lane122s000541_shovill	g3pc
lane122s000541_shovill	g3pg
lane122s000541_shovill	g3ps
lane122s000541_shovill	gal
lane122s000541_shovill	galur
lane122s000541_shovill	gam
lane122s000541_shovill	glc__D
lane122s000541_shovill	glcn__D
lane122s000541_shovill	glcur
lane122s000541_shovill	gln__L
lane122s000541_shovill	glu__L
lane122s000541_shovill	gly_asn__L
lane122s000541_shovill	gly
lane122s000541_shovill	gly_glu__L
lane122s000541_shovill	glyb
lane122s000541_shovill	glyc3p
lane122s000541_shovill	glyc
lane122s000541_shovill	glyclt
lane122s000541_shovill	gthrd
lane122s000541_shovill	gua
lane122s000541_shovill	h2
lane122s000541_shovill	h2o2
lane122s000541_shovill	h2o
lane122s000541_shovill	h2s
lane122s000541_shovill	h
lane122s000541_shovill	ham
lane122s000541_shovill	hco3
lane122s000541_shovill	his__L
lane122s000541_shovill	hqn
lane122s000541_shovill	ile__L
lane122s000541_shovill	inost
lane122s000541_shovill	k
lane122s000541_shovill	lcts
lane122s000541_shovill	leu__L
lane122s000541_shovill	lys__L
lane122s000541_shovill	mal__L
lane122s000541_shovill	malt
lane122s000541_shovill	man1p
lane122s000541_shovill	man
lane122s000541_shovill	melib
lane122s000541_shovill	mg2
lane122s000541_shovill	mn2
lane122s000541_shovill	mnl
lane122s000541_shovill	nmn
lane122s000541_shovill	no2
lane122s000541_shovill	no3
lane122s000541_shovill	no
lane122s000541_shovill	o2
lane122s000541_shovill	pnto__R
lane122s000541_shovill	rib__D
lane122s000541_shovill	ribflv
lane122s000541_shovill	s
lane122s000541_shovill	salcn
lane122s000541_shovill	ser__D
lane122s000541_shovill	ser__L
lane122s000541_shovill	so4
lane122s000541_shovill	sucr
lane122s000541_shovill	thm
lane122s000541_shovill	thr__L
lane122s000541_shovill	thymd
lane122s000541_shovill	tre
lane122s000541_shovill	tsul
lane122s000541_shovill	udcpdp
lane122s000541_shovill	xyl__D
lane122s000541_shovill	zn2
lane122s000542_bin.1.s	25dkglcn
lane122s000542_bin.1.s	2obut
lane122s000542_bin.1.s	5dglcn
lane122s000542_bin.1.s	5mcsn
lane122s000542_bin.1.s	LalaDgluMdap
lane122s000542_bin.1.s	acgam
lane122s000542_bin.1.s	adn
lane122s000542_bin.1.s	agm
lane122s000542_bin.1.s	akg
lane122s000542_bin.1.s	alatrp
lane122s000542_bin.1.s	arbt
lane122s000542_bin.1.s	arg__L
lane122s000542_bin.1.s	asn__L
lane122s000542_bin.1.s	ca2
lane122s000542_bin.1.s	cellb
lane122s000542_bin.1.s	cgly
lane122s000542_bin.1.s	chor
lane122s000542_bin.1.s	cl
lane122s000542_bin.1.s	coa
lane122s000542_bin.1.s	cobalt2
lane122s000542_bin.1.s	csn
lane122s000542_bin.1.s	cu2
lane122s000542_bin.1.s	dha
lane122s000542_bin.1.s	drib
lane122s000542_bin.1.s	f6p
lane122s000542_bin.1.s	fe2
lane122s000542_bin.1.s	fol
lane122s000542_bin.1.s	for
lane122s000542_bin.1.s	fru
lane122s000542_bin.1.s	fuc
lane122s000542_bin.1.s	fum
lane122s000542_bin.1.s	gam
lane122s000542_bin.1.s	glc__D
lane122s000542_bin.1.s	glcur
lane122s000542_bin.1.s	gua
lane122s000542_bin.1.s	his__L
lane122s000542_bin.1.s	idon__L
lane122s000542_bin.1.s	k
lane122s000542_bin.1.s	madg
lane122s000542_bin.1.s	man
lane122s000542_bin.1.s	mbdg
lane122s000542_bin.1.s	mg2
lane122s000542_bin.1.s	mn2
lane122s000542_bin.1.s	mnl
lane122s000542_bin.1.s	mso3
lane122s000542_bin.1.s	no2
lane122s000542_bin.1.s	o2
lane122s000542_bin.1.s	pydxn
lane122s000542_bin.1.s	raffin
lane122s000542_bin.1.s	ribflv
lane122s000542_bin.1.s	salcn
lane122s000542_bin.1.s	so4
lane122s000542_bin.1.s	sucr
lane122s000542_bin.1.s	tet
lane122s000542_bin.1.s	tgt
lane122s000542_bin.1.s	thm
lane122s000542_bin.1.s	tre
lane122s000542_bin.1.s	udcpp
lane122s000542_bin.1.s	zn2
lane122s000543_bin.1.p	3amp
lane122s000543_bin.1.p	3cmp
lane122s000543_bin.1.p	3gmp
lane122s000543_bin.1.p	3ump
lane122s000543_bin.1.p	4abut
lane122s000543_bin.1.p	4hphac
lane122s000543_bin.1.p	5dglcn
lane122s000543_bin.1.p	LalaDgluMdap
lane122s000543_bin.1.p	R_3httdca
lane122s000543_bin.1.p	abt__L
lane122s000543_bin.1.p	ac
lane122s000543_bin.1.p	acald
lane122s000543_bin.1.p	acgam
lane122s000543_bin.1.p	actn__R
lane122s000543_bin.1.p	adn
lane122s000543_bin.1.p	ala_L_asp__L
lane122s000543_bin.1.p	ala__D
lane122s000543_bin.1.p	anhgm
lane122s000543_bin.1.p	arab__L
lane122s000543_bin.1.p	arg__L
lane122s000543_bin.1.p	but
lane122s000543_bin.1.p	buts
lane122s000543_bin.1.p	butso3
lane122s000543_bin.1.p	bz
lane122s000543_bin.1.p	ca2
lane122s000543_bin.1.p	cellb
lane122s000543_bin.1.p	cgly
lane122s000543_bin.1.p	chol
lane122s000543_bin.1.p	chor
lane122s000543_bin.1.p	cit
lane122s000543_bin.1.p	cl
lane122s000543_bin.1.p	co2
lane122s000543_bin.1.p	cobalt2
lane122s000543_bin.1.p	csn
lane122s000543_bin.1.p	cu2
lane122s000543_bin.1.p	cu
lane122s000543_bin.1.p	cys__L
lane122s000543_bin.1.p	cytd
lane122s000543_bin.1.p	dca
lane122s000543_bin.1.p	drib
lane122s000543_bin.1.p	dxyl
lane122s000543_bin.1.p	enter
lane122s000543_bin.1.p	etha
lane122s000543_bin.1.p	eths
lane122s000543_bin.1.p	ethso3
lane122s000543_bin.1.p	fe2
lane122s000543_bin.1.p	fe3
lane122s000543_bin.1.p	fe3pyovd_kt
lane122s000543_bin.1.p	feenter
lane122s000543_bin.1.p	forglu
lane122s000543_bin.1.p	fru
lane122s000543_bin.1.p	fum
lane122s000543_bin.1.p	g3pc
lane122s000543_bin.1.p	g3pe
lane122s000543_bin.1.p	g3pg
lane122s000543_bin.1.p	g3pi
lane122s000543_bin.1.p	g3ps
lane122s000543_bin.1.p	gal
lane122s000543_bin.1.p	galctn__L
lane122s000543_bin.1.p	galman4
lane122s000543_bin.1.p	galur
lane122s000543_bin.1.p	gam
lane122s000543_bin.1.p	glc__D
lane122s000543_bin.1.p	glcur
lane122s000543_bin.1.p	gln__L
lane122s000543_bin.1.p	glu__L
lane122s000543_bin.1.p	glucan4
lane122s000543_bin.1.p	glucan6
lane122s000543_bin.1.p	gly_asn__L
lane122s000543_bin.1.p	gly_asp__L
lane122s000543_bin.1.p	gly_glu__L
lane122s000543_bin.1.p	glyald
lane122s000543_bin.1.p	glyb
lane122s000543_bin.1.p	glyc3p
lane122s000543_bin.1.p	glyc
lane122s000543_bin.1.p	gsn
lane122s000543_bin.1.p	gthrd
lane122s000543_bin.1.p	h2
lane122s000543_bin.1.p	h2o
lane122s000543_bin.1.p	h2s
lane122s000543_bin.1.p	h
lane122s000543_bin.1.p	hdca
lane122s000543_bin.1.p	hdcea
lane122s000543_bin.1.p	hexs
lane122s000543_bin.1.p	his__L
lane122s000543_bin.1.p	hom__L
lane122s000543_bin.1.p	hxa
lane122s000543_bin.1.p	hxan
lane122s000543_bin.1.p	inost
lane122s000543_bin.1.p	ins
lane122s000543_bin.1.p	isetac
lane122s000543_bin.1.p	istnt
lane122s000543_bin.1.p	k
lane122s000543_bin.1.p	lcts
lane122s000543_bin.1.p	lmn2
lane122s000543_bin.1.p	lys__L
lane122s000543_bin.1.p	mal__D
lane122s000543_bin.1.p	malt
lane122s000543_bin.1.p	malttr
lane122s000543_bin.1.p	maltttr
lane122s000543_bin.1.p	man
lane122s000543_bin.1.p	melib
lane122s000543_bin.1.p	met_L_ala__L
lane122s000543_bin.1.p	met__L
lane122s000543_bin.1.p	metox__R
lane122s000543_bin.1.p	mg2
lane122s000543_bin.1.p	mn2
lane122s000543_bin.1.p	mnl
lane122s000543_bin.1.p	mso3
lane122s000543_bin.1.p	nh4
lane122s000543_bin.1.p	nmn
lane122s000543_bin.1.p	no3
lane122s000543_bin.1.p	no
lane122s000543_bin.1.p	o2
lane122s000543_bin.1.p	ocdcea
lane122s000543_bin.1.p	octa
lane122s000543_bin.1.p	orn
lane122s000543_bin.1.p	pac
lane122s000543_bin.1.p	pacald
lane122s000543_bin.1.p	phe__L
lane122s000543_bin.1.p	pi
lane122s000543_bin.1.p	pnto__R
lane122s000543_bin.1.p	ppa
lane122s000543_bin.1.p	ppap
lane122s000543_bin.1.p	pro__L
lane122s000543_bin.1.p	progly
lane122s000543_bin.1.p	pser__L
lane122s000543_bin.1.p	pta
lane122s000543_bin.1.p	ptrc
lane122s000543_bin.1.p	pyovd_kt
lane122s000543_bin.1.p	pyr
lane122s000543_bin.1.p	raffin
lane122s000543_bin.1.p	rib__D
lane122s000543_bin.1.p	ribflv
lane122s000543_bin.1.p	rmn
lane122s000543_bin.1.p	sbt__D
lane122s000543_bin.1.p	skm
lane122s000543_bin.1.p	so4
lane122s000543_bin.1.p	spmd
lane122s000543_bin.1.p	sula
lane122s000543_bin.1.p	sulfac
lane122s000543_bin.1.p	taur
lane122s000543_bin.1.p	thm
lane122s000543_bin.1.p	tre
lane122s000543_bin.1.p	trp__L
lane122s000543_bin.1.p	ttdca
lane122s000543_bin.1.p	udcpp
lane122s000543_bin.1.p	urea
lane122s000543_bin.1.p	uri
lane122s000543_bin.1.p	xtsn
lane122s000543_bin.1.p	xyl3
lane122s000543_bin.1.p	xyl__D
lane122s000543_bin.1.p	xylan4
lane122s000543_bin.1.p	xylb
lane122s000543_bin.1.p	zn2
lane122s000544_bin.1.s	14glucan
lane122s000544_bin.1.s	23camp
lane122s000544_bin.1.s	23cgmp
lane122s000544_bin.1.s	25dkglcn
lane122s000544_bin.1.s	2ddglcn
lane122s000544_bin.1.s	2dhglcn
lane122s000544_bin.1.s	4abut
lane122s000544_bin.1.s	acgam
lane122s000544_bin.1.s	arbt
lane122s000544_bin.1.s	arg__L
lane122s000544_bin.1.s	asn__L
lane122s000544_bin.1.s	ca2
lane122s000544_bin.1.s	cell6
lane122s000544_bin.1.s	cellb
lane122s000544_bin.1.s	cit
lane122s000544_bin.1.s	cl
lane122s000544_bin.1.s	cobalt2
lane122s000544_bin.1.s	cu2
lane122s000544_bin.1.s	cyan
lane122s000544_bin.1.s	cytd
lane122s000544_bin.1.s	dextrin
lane122s000544_bin.1.s	drib
lane122s000544_bin.1.s	fe2
lane122s000544_bin.1.s	fol
lane122s000544_bin.1.s	fru
lane122s000544_bin.1.s	fuc
lane122s000544_bin.1.s	fum
lane122s000544_bin.1.s	g3pg
lane122s000544_bin.1.s	gal
lane122s000544_bin.1.s	gam
lane122s000544_bin.1.s	glc__D
lane122s000544_bin.1.s	glcn__D
lane122s000544_bin.1.s	gly
lane122s000544_bin.1.s	glyc3p
lane122s000544_bin.1.s	glyc
lane122s000544_bin.1.s	glyclt
lane122s000544_bin.1.s	gthrd
lane122s000544_bin.1.s	h2o2
lane122s000544_bin.1.s	h2o
lane122s000544_bin.1.s	h
lane122s000544_bin.1.s	ham
lane122s000544_bin.1.s	his__L
lane122s000544_bin.1.s	ile__L
lane122s000544_bin.1.s	k
lane122s000544_bin.1.s	lcts
lane122s000544_bin.1.s	lys__L
lane122s000544_bin.1.s	mal__L
lane122s000544_bin.1.s	malt
lane122s000544_bin.1.s	man
lane122s000544_bin.1.s	melib
lane122s000544_bin.1.s	mg2
lane122s000544_bin.1.s	mn2
lane122s000544_bin.1.s	mnl
lane122s000544_bin.1.s	nmn
lane122s000544_bin.1.s	no2
lane122s000544_bin.1.s	no3
lane122s000544_bin.1.s	no
lane122s000544_bin.1.s	o2
lane122s000544_bin.1.s	pnto__R
lane122s000544_bin.1.s	rib__D
lane122s000544_bin.1.s	ribflv
lane122s000544_bin.1.s	s
lane122s000544_bin.1.s	salcn
lane122s000544_bin.1.s	so4
lane122s000544_bin.1.s	sucr
lane122s000544_bin.1.s	thm
lane122s000544_bin.1.s	thr__L
lane122s000544_bin.1.s	tre
lane122s000544_bin.1.s	tsul
lane122s000544_bin.1.s	udcpdp
lane122s000544_bin.1.s	uri
lane122s000544_bin.1.s	xyl__D
lane122s000544_bin.1.s	zn2
lane122s000545_shovill	25dkglcn
lane122s000545_shovill	2dhglcn
lane122s000545_shovill	2pglyc
lane122s000545_shovill	3amp
lane122s000545_shovill	3cmp
lane122s000545_shovill	3mb
lane122s000545_shovill	3ump
lane122s000545_shovill	4abut
lane122s000545_shovill	4hba
lane122s000545_shovill	4hbald
lane122s000545_shovill	4hbz
lane122s000545_shovill	4hphac
lane122s000545_shovill	5dglcn
lane122s000545_shovill	LalaLglu
lane122s000545_shovill	Larab
lane122s000545_shovill	Ncbmpts
lane122s000545_shovill	ac
lane122s000545_shovill	acald
lane122s000545_shovill	acgam
lane122s000545_shovill	arab__L
lane122s000545_shovill	arbt
lane122s000545_shovill	arg__L
lane122s000545_shovill	ca2
lane122s000545_shovill	cell6
lane122s000545_shovill	cellb
lane122s000545_shovill	cgly
lane122s000545_shovill	cl
lane122s000545_shovill	cobalt2
lane122s000545_shovill	cu2
lane122s000545_shovill	cu
lane122s000545_shovill	cyan
lane122s000545_shovill	dextrin
lane122s000545_shovill	dhptd
lane122s000545_shovill	diact
lane122s000545_shovill	din
lane122s000545_shovill	drib
lane122s000545_shovill	etha
lane122s000545_shovill	fe2
lane122s000545_shovill	fol
lane122s000545_shovill	for
lane122s000545_shovill	fru
lane122s000545_shovill	frulys
lane122s000545_shovill	g3pc
lane122s000545_shovill	galt
lane122s000545_shovill	gam
lane122s000545_shovill	glc__D
lane122s000545_shovill	glcn__D
lane122s000545_shovill	glcur
lane122s000545_shovill	gln__L
lane122s000545_shovill	glu__L
lane122s000545_shovill	gly_asn__L
lane122s000545_shovill	gly
lane122s000545_shovill	gly_pro__L
lane122s000545_shovill	glyc3p
lane122s000545_shovill	glyc
lane122s000545_shovill	gsn
lane122s000545_shovill	gthrd
lane122s000545_shovill	h2o2
lane122s000545_shovill	h2o
lane122s000545_shovill	h
lane122s000545_shovill	his__L
lane122s000545_shovill	inost
lane122s000545_shovill	k
lane122s000545_shovill	lcts
lane122s000545_shovill	leu__L
lane122s000545_shovill	madg
lane122s000545_shovill	mal__D
lane122s000545_shovill	malt
lane122s000545_shovill	malthp
lane122s000545_shovill	man
lane122s000545_shovill	mbdg
lane122s000545_shovill	mg2
lane122s000545_shovill	mmet
lane122s000545_shovill	mn2
lane122s000545_shovill	mnl
lane122s000545_shovill	mobd
lane122s000545_shovill	nh4
lane122s000545_shovill	no3
lane122s000545_shovill	o2
lane122s000545_shovill	phe__L
lane122s000545_shovill	pi
lane122s000545_shovill	pnto__R
lane122s000545_shovill	ppa
lane122s000545_shovill	ppoh
lane122s000545_shovill	pro__L
lane122s000545_shovill	ptrc
lane122s000545_shovill	pyovd_kt
lane122s000545_shovill	pyr
lane122s000545_shovill	raffin
lane122s000545_shovill	rib__D
lane122s000545_shovill	ribflv
lane122s000545_shovill	s
lane122s000545_shovill	salcn
lane122s000545_shovill	sbt__D
lane122s000545_shovill	so4
lane122s000545_shovill	starch
lane122s000545_shovill	sucr
lane122s000545_shovill	sula
lane122s000545_shovill	tartr__L
lane122s000545_shovill	taur
lane122s000545_shovill	thm
lane122s000545_shovill	thr__L
lane122s000545_shovill	tol
lane122s000545_shovill	tre
lane122s000545_shovill	trp__L
lane122s000545_shovill	tsul
lane122s000545_shovill	tyr__L
lane122s000545_shovill	urate
lane122s000545_shovill	xyl__D
lane122s000545_shovill	zn2
lane122s000720_shovill	25dkglcn
lane122s000720_shovill	2dhglcn
lane122s000720_shovill	5dglcn
lane122s000720_shovill	5drib
lane122s000720_shovill	LalaLglu
lane122s000720_shovill	Larab
lane122s000720_shovill	Lcyst
lane122s000720_shovill	ac
lane122s000720_shovill	acald
lane122s000720_shovill	acgam
lane122s000720_shovill	adn
lane122s000720_shovill	arab__L
lane122s000720_shovill	arbt
lane122s000720_shovill	arg__L
lane122s000720_shovill	ca2
lane122s000720_shovill	cellb
lane122s000720_shovill	cgly
lane122s000720_shovill	cl
lane122s000720_shovill	co2
lane122s000720_shovill	cobalt2
lane122s000720_shovill	cu2
lane122s000720_shovill	cyan
lane122s000720_shovill	dextrin
lane122s000720_shovill	drib
lane122s000720_shovill	duri
lane122s000720_shovill	enter
lane122s000720_shovill	etha
lane122s000720_shovill	eths
lane122s000720_shovill	ethso3
lane122s000720_shovill	etoh
lane122s000720_shovill	fe2
lane122s000720_shovill	fol
lane122s000720_shovill	for
lane122s000720_shovill	fru
lane122s000720_shovill	frulys
lane122s000720_shovill	g3pc
lane122s000720_shovill	galctr__D
lane122s000720_shovill	galt
lane122s000720_shovill	gam
lane122s000720_shovill	glc__D
lane122s000720_shovill	glcn__D
lane122s000720_shovill	gln__L
lane122s000720_shovill	glu__L
lane122s000720_shovill	gly_asn__L
lane122s000720_shovill	gly_glu__L
lane122s000720_shovill	gly_pro__L
lane122s000720_shovill	glyc3p
lane122s000720_shovill	glyc
lane122s000720_shovill	gsn
lane122s000720_shovill	gthrd
lane122s000720_shovill	h2
lane122s000720_shovill	h2o2
lane122s000720_shovill	h2o
lane122s000720_shovill	h
lane122s000720_shovill	his__L
lane122s000720_shovill	inost
lane122s000720_shovill	k
lane122s000720_shovill	lcts
lane122s000720_shovill	madg
lane122s000720_shovill	malt
lane122s000720_shovill	malthp
lane122s000720_shovill	malttr
lane122s000720_shovill	maltttr
lane122s000720_shovill	man
lane122s000720_shovill	mbdg
lane122s000720_shovill	melib
lane122s000720_shovill	mg2
lane122s000720_shovill	mn2
lane122s000720_shovill	mnl
lane122s000720_shovill	mso3
lane122s000720_shovill	nh4
lane122s000720_shovill	no3
lane122s000720_shovill	o2
lane122s000720_shovill	orn__L
lane122s000720_shovill	phe__L
lane122s000720_shovill	pi
lane122s000720_shovill	raffin
lane122s000720_shovill	rib__D
lane122s000720_shovill	ribflv
lane122s000720_shovill	s
lane122s000720_shovill	salcn
lane122s000720_shovill	sbt__D
lane122s000720_shovill	so4
lane122s000720_shovill	starch
lane122s000720_shovill	sucr
lane122s000720_shovill	tartr__L
lane122s000720_shovill	tcynt
lane122s000720_shovill	thm
lane122s000720_shovill	thr__L
lane122s000720_shovill	tol
lane122s000720_shovill	tre
lane122s000720_shovill	trp__L
lane122s000720_shovill	tsul
lane122s000720_shovill	tyr__L
lane122s000720_shovill	uri
lane122s000720_shovill	xyl__D
lane122s000720_shovill	zn2
lane122s000721_shovill	25dkglcn
lane122s000721_shovill	2dhglcn
lane122s000721_shovill	5dglcn
lane122s000721_shovill	Larab
lane122s000721_shovill	abt__D
lane122s000721_shovill	acgam
lane122s000721_shovill	adn
lane122s000721_shovill	arab__L
lane122s000721_shovill	arbt
lane122s000721_shovill	arg__L
lane122s000721_shovill	ca2
lane122s000721_shovill	cellb
lane122s000721_shovill	cgly
lane122s000721_shovill	cit
lane122s000721_shovill	cl
lane122s000721_shovill	co2
lane122s000721_shovill	cobalt2
lane122s000721_shovill	cu2
lane122s000721_shovill	cyan
lane122s000721_shovill	cytd
lane122s000721_shovill	dextrin
lane122s000721_shovill	drib
lane122s000721_shovill	fe2
lane122s000721_shovill	fol
lane122s000721_shovill	fru
lane122s000721_shovill	frulys
lane122s000721_shovill	g3pe
lane122s000721_shovill	galt
lane122s000721_shovill	gam
lane122s000721_shovill	glc__D
lane122s000721_shovill	glcn__D
lane122s000721_shovill	gln__L
lane122s000721_shovill	glu__L
lane122s000721_shovill	gly_asn__L
lane122s000721_shovill	gly_pro__L
lane122s000721_shovill	glyc3p
lane122s000721_shovill	glyc
lane122s000721_shovill	gsn
lane122s000721_shovill	gthrd
lane122s000721_shovill	h2o2
lane122s000721_shovill	h2o
lane122s000721_shovill	h
lane122s000721_shovill	his__L
lane122s000721_shovill	inost
lane122s000721_shovill	k
lane122s000721_shovill	lac__L
lane122s000721_shovill	lcts
lane122s000721_shovill	leu__L
lane122s000721_shovill	madg
lane122s000721_shovill	mal__D
lane122s000721_shovill	malt
lane122s000721_shovill	malthp
lane122s000721_shovill	man
lane122s000721_shovill	mbdg
lane122s000721_shovill	meoh
lane122s000721_shovill	metox__R
lane122s000721_shovill	metox
lane122s000721_shovill	mg2
lane122s000721_shovill	mmet
lane122s000721_shovill	mn2
lane122s000721_shovill	mnl
lane122s000721_shovill	nh4
lane122s000721_shovill	no2
lane122s000721_shovill	no3
lane122s000721_shovill	no
lane122s000721_shovill	o2
lane122s000721_shovill	phe__L
lane122s000721_shovill	pnto__R
lane122s000721_shovill	raffin
lane122s000721_shovill	rib__D
lane122s000721_shovill	ribflv
lane122s000721_shovill	s
lane122s000721_shovill	salcn
lane122s000721_shovill	sbt__D
lane122s000721_shovill	so4
lane122s000721_shovill	spmd
lane122s000721_shovill	starch
lane122s000721_shovill	sucr
lane122s000721_shovill	tartr__L
lane122s000721_shovill	thm
lane122s000721_shovill	thr__L
lane122s000721_shovill	thymd
lane122s000721_shovill	tre
lane122s000721_shovill	trp__L
lane122s000721_shovill	tsul
lane122s000721_shovill	tyr__L
lane122s000721_shovill	uri
lane122s000721_shovill	xyl__D
lane122s000721_shovill	zn2
lane821s003035_bin.1.p	14glucan
lane821s003035_bin.1.p	23camp
lane821s003035_bin.1.p	25dkglcn
lane821s003035_bin.1.p	2ddglcn
lane821s003035_bin.1.p	2dhglcn
lane821s003035_bin.1.p	4abut
lane821s003035_bin.1.p	acgam
lane821s003035_bin.1.p	arbt
lane821s003035_bin.1.p	arg__L
lane821s003035_bin.1.p	asn__L
lane821s003035_bin.1.p	ca2
lane821s003035_bin.1.p	cell6
lane821s003035_bin.1.p	cellb
lane821s003035_bin.1.p	cit
lane821s003035_bin.1.p	cl
lane821s003035_bin.1.p	cobalt2
lane821s003035_bin.1.p	cu2
lane821s003035_bin.1.p	cyan
lane821s003035_bin.1.p	cytd
lane821s003035_bin.1.p	dextrin
lane821s003035_bin.1.p	drib
lane821s003035_bin.1.p	fe2
lane821s003035_bin.1.p	fol
lane821s003035_bin.1.p	fru
lane821s003035_bin.1.p	fuc
lane821s003035_bin.1.p	fum
lane821s003035_bin.1.p	g3pg
lane821s003035_bin.1.p	gam
lane821s003035_bin.1.p	glc__D
lane821s003035_bin.1.p	glcn__D
lane821s003035_bin.1.p	glu__L
lane821s003035_bin.1.p	gly
lane821s003035_bin.1.p	glyc3p
lane821s003035_bin.1.p	glyc
lane821s003035_bin.1.p	glyclt
lane821s003035_bin.1.p	gthrd
lane821s003035_bin.1.p	gua
lane821s003035_bin.1.p	h2o2
lane821s003035_bin.1.p	h2o
lane821s003035_bin.1.p	h
lane821s003035_bin.1.p	his__L
lane821s003035_bin.1.p	k
lane821s003035_bin.1.p	lcts
lane821s003035_bin.1.p	lys__L
lane821s003035_bin.1.p	mal__L
lane821s003035_bin.1.p	malt
lane821s003035_bin.1.p	malthp
lane821s003035_bin.1.p	man
lane821s003035_bin.1.p	melib
lane821s003035_bin.1.p	mg2
lane821s003035_bin.1.p	mn2
lane821s003035_bin.1.p	mnl
lane821s003035_bin.1.p	nh4
lane821s003035_bin.1.p	nmn
lane821s003035_bin.1.p	no3
lane821s003035_bin.1.p	no
lane821s003035_bin.1.p	o2
lane821s003035_bin.1.p	pnto__R
lane821s003035_bin.1.p	rib__D
lane821s003035_bin.1.p	ribflv
lane821s003035_bin.1.p	s
lane821s003035_bin.1.p	salcn
lane821s003035_bin.1.p	so4
lane821s003035_bin.1.p	sucr
lane821s003035_bin.1.p	thm
lane821s003035_bin.1.p	thr__L
lane821s003035_bin.1.p	thymd
lane821s003035_bin.1.p	tre
lane821s003035_bin.1.p	tsul
lane821s003035_bin.1.p	udcpdp
lane821s003035_bin.1.p	uri
lane821s003035_bin.1.p	xyl__D
lane821s003035_bin.1.p	zn2
lane821s003036_shovill	R_sink_mobd_c
lane821s003036_shovill	R_sink_sheme_c
lane821s003036_shovill	12ppd__S
lane821s003036_shovill	23camp
lane821s003036_shovill	23ccmp
lane821s003036_shovill	23cgmp
lane821s003036_shovill	23cump
lane821s003036_shovill	25dkglcn
lane821s003036_shovill	3amp
lane821s003036_shovill	3cmp
lane821s003036_shovill	3gmp
lane821s003036_shovill	3mb
lane821s003036_shovill	3ump
lane821s003036_shovill	4abz
lane821s003036_shovill	4hphac
lane821s003036_shovill	4hpro_LT
lane821s003036_shovill	5aptn
lane821s003036_shovill	5mcsn
lane821s003036_shovill	LalaDgluMdapDala
lane821s003036_shovill	LalaDgluMdap
lane821s003036_shovill	Larab
lane821s003036_shovill	acgam
lane821s003036_shovill	adn
lane821s003036_shovill	ala__D
lane821s003036_shovill	ala__L
lane821s003036_shovill	alaala
lane821s003036_shovill	anhgm
lane821s003036_shovill	arab__L
lane821s003036_shovill	arg__L
lane821s003036_shovill	btn
lane821s003036_shovill	but
lane821s003036_shovill	buts
lane821s003036_shovill	butso3
lane821s003036_shovill	bz
lane821s003036_shovill	ca2
lane821s003036_shovill	cellb
lane821s003036_shovill	cgly
lane821s003036_shovill	ch4s
lane821s003036_shovill	chol
lane821s003036_shovill	chor
lane821s003036_shovill	cl
lane821s003036_shovill	cmp
lane821s003036_shovill	cobalt2
lane821s003036_shovill	cu2
lane821s003036_shovill	dextrin
lane821s003036_shovill	feenter
lane821s003036_shovill	fol
lane821s003036_shovill	glcman4
lane821s003036_shovill	glcman6
lane821s003036_shovill	gln__L
lane821s003036_shovill	glucan4
lane821s003036_shovill	glucan6
lane821s003036_shovill	gly_asn__L
lane821s003036_shovill	glyald
lane821s003036_shovill	gua
lane821s003036_shovill	h
lane821s003036_shovill	his__L
lane821s003036_shovill	k
lane821s003036_shovill	leu__L
lane821s003036_shovill	lmn2
lane821s003036_shovill	lys__L
lane821s003036_shovill	mal__L
lane821s003036_shovill	malt
lane821s003036_shovill	malthx
lane821s003036_shovill	malttr
lane821s003036_shovill	maltttr
lane821s003036_shovill	manb
lane821s003036_shovill	mantr
lane821s003036_shovill	manttr
lane821s003036_shovill	mbdg
lane821s003036_shovill	melib
lane821s003036_shovill	met__L
lane821s003036_shovill	metox__R
lane821s003036_shovill	mg2
lane821s003036_shovill	mn2
lane821s003036_shovill	mobd
lane821s003036_shovill	mso3
lane821s003036_shovill	nac
lane821s003036_shovill	nh4
lane821s003036_shovill	nmn
lane821s003036_shovill	no3
lane821s003036_shovill	no
lane821s003036_shovill	o2
lane821s003036_shovill	orn
lane821s003036_shovill	oxa
lane821s003036_shovill	pacald
lane821s003036_shovill	pentso3
lane821s003036_shovill	phe__L
lane821s003036_shovill	pnto__R
lane821s003036_shovill	ppap
lane821s003036_shovill	pro__L
lane821s003036_shovill	progly
lane821s003036_shovill	ptrc
lane821s003036_shovill	pyovd_kt
lane821s003036_shovill	pyr
lane821s003036_shovill	raffin
lane821s003036_shovill	rib__D
lane821s003036_shovill	ribflv
lane821s003036_shovill	s
lane821s003036_shovill	sbt__D
lane821s003036_shovill	ser__D
lane821s003036_shovill	so3
lane821s003036_shovill	so4
lane821s003036_shovill	succ
lane821s003036_shovill	sula
lane821s003036_shovill	sulfac
lane821s003036_shovill	taur
lane821s003036_shovill	tet
lane821s003036_shovill	thm
lane821s003036_shovill	tre
lane821s003036_shovill	trp__L
lane821s003036_shovill	tyr__L
lane821s003036_shovill	udcpp
lane821s003036_shovill	uri
lane821s003036_shovill	val__L
lane821s003036_shovill	xtsn
lane821s003036_shovill	xyl3
lane821s003036_shovill	xyl__D
lane821s003036_shovill	xylan4
lane821s003036_shovill	xylan8
lane821s003036_shovill	zn2
lane821s003038_bin.1.o	R_sink_hemeO_c
lane821s003038_bin.1.o	R_sink_lipopb_c
lane821s003038_bin.1.o	R_sink_sheme_c
lane821s003038_bin.1.o	12ppd__S
lane821s003038_bin.1.o	14glucan
lane821s003038_bin.1.o	23camp
lane821s003038_bin.1.o	23ccmp
lane821s003038_bin.1.o	23cgmp
lane821s003038_bin.1.o	23cump
lane821s003038_bin.1.o	25dkglcn
lane821s003038_bin.1.o	2hxmp
lane821s003038_bin.1.o	2mbald
lane821s003038_bin.1.o	3amp
lane821s003038_bin.1.o	3cmp
lane821s003038_bin.1.o	3hoxpac
lane821s003038_bin.1.o	3ump
lane821s003038_bin.1.o	4abut
lane821s003038_bin.1.o	4hba
lane821s003038_bin.1.o	4hphac
lane821s003038_bin.1.o	4hpro_LT
lane821s003038_bin.1.o	5oxpro
lane821s003038_bin.1.o	abt__L
lane821s003038_bin.1.o	acald
lane821s003038_bin.1.o	acgam
lane821s003038_bin.1.o	actn__R
lane821s003038_bin.1.o	adn
lane821s003038_bin.1.o	agm
lane821s003038_bin.1.o	ala_B
lane821s003038_bin.1.o	ala_L_asp__L
lane821s003038_bin.1.o	ala_L_glu__L
lane821s003038_bin.1.o	ala__D
lane821s003038_bin.1.o	ala__L
lane821s003038_bin.1.o	alltn
lane821s003038_bin.1.o	anhgm
lane821s003038_bin.1.o	arab__L
lane821s003038_bin.1.o	arbt
lane821s003038_bin.1.o	arg__L
lane821s003038_bin.1.o	asn__L
lane821s003038_bin.1.o	btn
lane821s003038_bin.1.o	buts
lane821s003038_bin.1.o	ca2
lane821s003038_bin.1.o	cellb
lane821s003038_bin.1.o	cgly
lane821s003038_bin.1.o	chol
lane821s003038_bin.1.o	chols
lane821s003038_bin.1.o	cinnm
lane821s003038_bin.1.o	cit
lane821s003038_bin.1.o	cl
lane821s003038_bin.1.o	co2
lane821s003038_bin.1.o	cobalt2
lane821s003038_bin.1.o	csn
lane821s003038_bin.1.o	cu2
lane821s003038_bin.1.o	cys__L
lane821s003038_bin.1.o	cytd
lane821s003038_bin.1.o	dad_2
lane821s003038_bin.1.o	dca
lane821s003038_bin.1.o	dcyt
lane821s003038_bin.1.o	dextrin
lane821s003038_bin.1.o	dhptd
lane821s003038_bin.1.o	drib
lane821s003038_bin.1.o	etha
lane821s003038_bin.1.o	fe2
lane821s003038_bin.1.o	fe3
lane821s003038_bin.1.o	fe3pyovd_kt
lane821s003038_bin.1.o	feenter
lane821s003038_bin.1.o	fol
lane821s003038_bin.1.o	for
lane821s003038_bin.1.o	fru
lane821s003038_bin.1.o	frulys
lane821s003038_bin.1.o	fum
lane821s003038_bin.1.o	gal
lane821s003038_bin.1.o	galct__D
lane821s003038_bin.1.o	galctn__L
lane821s003038_bin.1.o	galctr__D
lane821s003038_bin.1.o	galt
lane821s003038_bin.1.o	galur
lane821s003038_bin.1.o	gam
lane821s003038_bin.1.o	glc__D
lane821s003038_bin.1.o	glcn__D
lane821s003038_bin.1.o	glcn
lane821s003038_bin.1.o	glcr
lane821s003038_bin.1.o	glcur
lane821s003038_bin.1.o	gln__L
lane821s003038_bin.1.o	gly_asn__L
lane821s003038_bin.1.o	gly_asp__L
lane821s003038_bin.1.o	gly
lane821s003038_bin.1.o	gly_glu__L
lane821s003038_bin.1.o	gly_pro__L
lane821s003038_bin.1.o	glyb
lane821s003038_bin.1.o	glyc3p
lane821s003038_bin.1.o	glyc__R
lane821s003038_bin.1.o	glyc
lane821s003038_bin.1.o	glyclt
lane821s003038_bin.1.o	gsn
lane821s003038_bin.1.o	gthox
lane821s003038_bin.1.o	gthrd
lane821s003038_bin.1.o	gua
lane821s003038_bin.1.o	h2o2
lane821s003038_bin.1.o	h2o
lane821s003038_bin.1.o	h2s
lane821s003038_bin.1.o	h
lane821s003038_bin.1.o	hco3
lane821s003038_bin.1.o	hexs
lane821s003038_bin.1.o	his__L
lane821s003038_bin.1.o	hqn
lane821s003038_bin.1.o	hxa
lane821s003038_bin.1.o	hxan
lane821s003038_bin.1.o	ile__L
lane821s003038_bin.1.o	inost
lane821s003038_bin.1.o	ins
lane821s003038_bin.1.o	k
lane821s003038_bin.1.o	lcts
lane821s003038_bin.1.o	leu__L
lane821s003038_bin.1.o	lipoate
lane821s003038_bin.1.o	lys__L
lane821s003038_bin.1.o	mal__D
lane821s003038_bin.1.o	mal__L
lane821s003038_bin.1.o	malt
lane821s003038_bin.1.o	malthx
lane821s003038_bin.1.o	man
lane821s003038_bin.1.o	melib
lane821s003038_bin.1.o	meoh
lane821s003038_bin.1.o	met_L_ala__L
lane821s003038_bin.1.o	met__D
lane821s003038_bin.1.o	met__L
lane821s003038_bin.1.o	mg2
lane821s003038_bin.1.o	mmet
lane821s003038_bin.1.o	mn2
lane821s003038_bin.1.o	mnl
lane821s003038_bin.1.o	mso3
lane821s003038_bin.1.o	n2o
lane821s003038_bin.1.o	nh4
lane821s003038_bin.1.o	no2
lane821s003038_bin.1.o	no3
lane821s003038_bin.1.o	no
lane821s003038_bin.1.o	o2
lane821s003038_bin.1.o	oaa
lane821s003038_bin.1.o	octa
lane821s003038_bin.1.o	orn__L
lane821s003038_bin.1.o	orot
lane821s003038_bin.1.o	oxa
lane821s003038_bin.1.o	pentso3
lane821s003038_bin.1.o	phe__L
lane821s003038_bin.1.o	pi
lane821s003038_bin.1.o	pnto__R
lane821s003038_bin.1.o	ppap
lane821s003038_bin.1.o	ppoh
lane821s003038_bin.1.o	pro__L
lane821s003038_bin.1.o	progly
lane821s003038_bin.1.o	psclys
lane821s003038_bin.1.o	ptrc
lane821s003038_bin.1.o	pydxn
lane821s003038_bin.1.o	pyovd_kt
lane821s003038_bin.1.o	raffin
lane821s003038_bin.1.o	rib__D
lane821s003038_bin.1.o	ribflv
lane821s003038_bin.1.o	rmn
lane821s003038_bin.1.o	s
lane821s003038_bin.1.o	salchs4
lane821s003038_bin.1.o	salcn
lane821s003038_bin.1.o	ser__D
lane821s003038_bin.1.o	ser__L
lane821s003038_bin.1.o	skm
lane821s003038_bin.1.o	so3
lane821s003038_bin.1.o	so4
lane821s003038_bin.1.o	spmd
lane821s003038_bin.1.o	succ
lane821s003038_bin.1.o	sucr
lane821s003038_bin.1.o	tartr__L
lane821s003038_bin.1.o	taur
lane821s003038_bin.1.o	tet
lane821s003038_bin.1.o	thm
lane821s003038_bin.1.o	thr__L
lane821s003038_bin.1.o	thymd
lane821s003038_bin.1.o	tol
lane821s003038_bin.1.o	tre
lane821s003038_bin.1.o	trp__L
lane821s003038_bin.1.o	tyr__L
lane821s003038_bin.1.o	udcpdp
lane821s003038_bin.1.o	udcpp
lane821s003038_bin.1.o	ura
lane821s003038_bin.1.o	urate
lane821s003038_bin.1.o	uri
lane821s003038_bin.1.o	val__L
lane821s003038_bin.1.o	xan
lane821s003038_bin.1.o	xtsn
lane821s003038_bin.1.o	xyl__D
lane821s003038_bin.1.o	zn2
lane821s003040_bin.1.o	R_sink_hemeO_c
lane821s003040_bin.1.o	R_sink_lipopb_c
lane821s003040_bin.1.o	R_sink_mobd_c
lane821s003040_bin.1.o	14glucan
lane821s003040_bin.1.o	25dkglcn
lane821s003040_bin.1.o	2ddglcn
lane821s003040_bin.1.o	3amp
lane821s003040_bin.1.o	3cmp
lane821s003040_bin.1.o	3mb
lane821s003040_bin.1.o	3ump
lane821s003040_bin.1.o	4ahmmp
lane821s003040_bin.1.o	4hba
lane821s003040_bin.1.o	5dglcn
lane821s003040_bin.1.o	5mdru1p
lane821s003040_bin.1.o	LalaLglu
lane821s003040_bin.1.o	R_3hcmrs7e
lane821s003040_bin.1.o	abt__L
lane821s003040_bin.1.o	ac
lane821s003040_bin.1.o	acald
lane821s003040_bin.1.o	acgam
lane821s003040_bin.1.o	acmum
lane821s003040_bin.1.o	actn__R
lane821s003040_bin.1.o	ala_L_asp__L
lane821s003040_bin.1.o	ala_L_glu__L
lane821s003040_bin.1.o	ala__L
lane821s003040_bin.1.o	alltn
lane821s003040_bin.1.o	anhgm
lane821s003040_bin.1.o	arab__L
lane821s003040_bin.1.o	arbt6p
lane821s003040_bin.1.o	arbt
lane821s003040_bin.1.o	arg__L
lane821s003040_bin.1.o	but
lane821s003040_bin.1.o	buts
lane821s003040_bin.1.o	bz
lane821s003040_bin.1.o	ca2
lane821s003040_bin.1.o	cellb
lane821s003040_bin.1.o	cgly
lane821s003040_bin.1.o	chol
lane821s003040_bin.1.o	chols
lane821s003040_bin.1.o	chor
lane821s003040_bin.1.o	cit
lane821s003040_bin.1.o	cl
lane821s003040_bin.1.o	co2
lane821s003040_bin.1.o	cobalt2
lane821s003040_bin.1.o	csn
lane821s003040_bin.1.o	cu2
lane821s003040_bin.1.o	cys__L
lane821s003040_bin.1.o	cytd
lane821s003040_bin.1.o	dcyt
lane821s003040_bin.1.o	drib
lane821s003040_bin.1.o	etoh
lane821s003040_bin.1.o	fe2
lane821s003040_bin.1.o	fe3
lane821s003040_bin.1.o	fe3pyovd_kt
lane821s003040_bin.1.o	for
lane821s003040_bin.1.o	fru
lane821s003040_bin.1.o	fruur
lane821s003040_bin.1.o	fuc__L
lane821s003040_bin.1.o	g3pc
lane821s003040_bin.1.o	g3pg
lane821s003040_bin.1.o	gal
lane821s003040_bin.1.o	galctn__D
lane821s003040_bin.1.o	galt
lane821s003040_bin.1.o	galur
lane821s003040_bin.1.o	gam
lane821s003040_bin.1.o	glc__D
lane821s003040_bin.1.o	glcn__D
lane821s003040_bin.1.o	glcn
lane821s003040_bin.1.o	glcur
lane821s003040_bin.1.o	gln__L
lane821s003040_bin.1.o	glu__L
lane821s003040_bin.1.o	glucan4
lane821s003040_bin.1.o	glucan6
lane821s003040_bin.1.o	gly_asn__L
lane821s003040_bin.1.o	gly_asp__L
lane821s003040_bin.1.o	gly_glu__L
lane821s003040_bin.1.o	gly_pro__L
lane821s003040_bin.1.o	glyb
lane821s003040_bin.1.o	glyc3p
lane821s003040_bin.1.o	glyc
lane821s003040_bin.1.o	glyclt
lane821s003040_bin.1.o	gthox
lane821s003040_bin.1.o	gthrd
lane821s003040_bin.1.o	gua
lane821s003040_bin.1.o	h2
lane821s003040_bin.1.o	h2o2
lane821s003040_bin.1.o	h2o
lane821s003040_bin.1.o	h2s
lane821s003040_bin.1.o	h
lane821s003040_bin.1.o	hexs
lane821s003040_bin.1.o	hxan
lane821s003040_bin.1.o	ile__L
lane821s003040_bin.1.o	inost
lane821s003040_bin.1.o	k
lane821s003040_bin.1.o	lcts
lane821s003040_bin.1.o	leu__L
lane821s003040_bin.1.o	lipoate
lane821s003040_bin.1.o	lmn2
lane821s003040_bin.1.o	lys__L
lane821s003040_bin.1.o	malt
lane821s003040_bin.1.o	malthx
lane821s003040_bin.1.o	malttr
lane821s003040_bin.1.o	maltttr
lane821s003040_bin.1.o	man6pglyc
lane821s003040_bin.1.o	man
lane821s003040_bin.1.o	melib
lane821s003040_bin.1.o	meoh
lane821s003040_bin.1.o	met_L_ala__L
lane821s003040_bin.1.o	met__D
lane821s003040_bin.1.o	met__L
lane821s003040_bin.1.o	metox__R
lane821s003040_bin.1.o	metox
lane821s003040_bin.1.o	mg2
lane821s003040_bin.1.o	mn2
lane821s003040_bin.1.o	mnl
lane821s003040_bin.1.o	mobd
lane821s003040_bin.1.o	mso3
lane821s003040_bin.1.o	nh4
lane821s003040_bin.1.o	nmn
lane821s003040_bin.1.o	no2
lane821s003040_bin.1.o	no3
lane821s003040_bin.1.o	no
lane821s003040_bin.1.o	o2
lane821s003040_bin.1.o	orn__L
lane821s003040_bin.1.o	oxa
lane821s003040_bin.1.o	pac
lane821s003040_bin.1.o	pentso3
lane821s003040_bin.1.o	pi
lane821s003040_bin.1.o	ppa
lane821s003040_bin.1.o	ppap
lane821s003040_bin.1.o	ppoh
lane821s003040_bin.1.o	progly
lane821s003040_bin.1.o	ptrc
lane821s003040_bin.1.o	pydxn
lane821s003040_bin.1.o	pyovd_kt
lane821s003040_bin.1.o	pyr
lane821s003040_bin.1.o	raffin
lane821s003040_bin.1.o	rib__D
lane821s003040_bin.1.o	ribflv
lane821s003040_bin.1.o	rmn
lane821s003040_bin.1.o	s
lane821s003040_bin.1.o	sbt__D
lane821s003040_bin.1.o	so3
lane821s003040_bin.1.o	so4
lane821s003040_bin.1.o	spmd
lane821s003040_bin.1.o	stfrnA
lane821s003040_bin.1.o	sucr
lane821s003040_bin.1.o	taur
lane821s003040_bin.1.o	thm
lane821s003040_bin.1.o	thr__L
lane821s003040_bin.1.o	thymd
lane821s003040_bin.1.o	tre
lane821s003040_bin.1.o	trp__L
lane821s003040_bin.1.o	tsul
lane821s003040_bin.1.o	udcpdp
lane821s003040_bin.1.o	udcpp
lane821s003040_bin.1.o	ura
lane821s003040_bin.1.o	urate
lane821s003040_bin.1.o	uri
lane821s003040_bin.1.o	val__L
lane821s003040_bin.1.o	xan
lane821s003040_bin.1.o	xyl3
lane821s003040_bin.1.o	xyl__D
lane821s003040_bin.1.o	xylan4
lane821s003040_bin.1.o	xylb
lane821s003040_bin.1.o	zn2
lane821s003040_bin.1.o	ade
lane821s003041_shovill	3amp
lane821s003041_shovill	LalaDgluMdap
lane821s003041_shovill	acgam
lane821s003041_shovill	akg
lane821s003041_shovill	arg__L
lane821s003041_shovill	ca2
lane821s003041_shovill	cellb
lane821s003041_shovill	cl
lane821s003041_shovill	cobalt2
lane821s003041_shovill	cu2
lane821s003041_shovill	cytd
lane821s003041_shovill	drib
lane821s003041_shovill	feenter
lane821s003041_shovill	fol
lane821s003041_shovill	fru
lane821s003041_shovill	gam
lane821s003041_shovill	glc__D
lane821s003041_shovill	glcur
lane821s003041_shovill	glu__L
lane821s003041_shovill	gly_asn__L
lane821s003041_shovill	gly
lane821s003041_shovill	glyc3p
lane821s003041_shovill	glyc
lane821s003041_shovill	gthrd
lane821s003041_shovill	gua
lane821s003041_shovill	h2o2
lane821s003041_shovill	h2o
lane821s003041_shovill	h
lane821s003041_shovill	his__L
lane821s003041_shovill	ile__L
lane821s003041_shovill	k
lane821s003041_shovill	lcts
lane821s003041_shovill	lys__L
lane821s003041_shovill	mal__L
lane821s003041_shovill	malt
lane821s003041_shovill	malthx
lane821s003041_shovill	man
lane821s003041_shovill	mg2
lane821s003041_shovill	mn2
lane821s003041_shovill	no3
lane821s003041_shovill	o2
lane821s003041_shovill	pnto__R
lane821s003041_shovill	pro__L
lane821s003041_shovill	rib__D
lane821s003041_shovill	ribflv
lane821s003041_shovill	s
lane821s003041_shovill	skm
lane821s003041_shovill	so4
lane821s003041_shovill	sucr
lane821s003041_shovill	thr__L
lane821s003041_shovill	trp__L
lane821s003041_shovill	tyr__L
lane821s003041_shovill	udcpp
lane821s003041_shovill	uri
lane821s003041_shovill	zn2
lane821s003043_bin.1.s	25dkglcn
lane821s003043_bin.1.s	3amp
lane821s003043_bin.1.s	3gmp
lane821s003043_bin.1.s	3mb
lane821s003043_bin.1.s	LalaDgluMdapDala
lane821s003043_bin.1.s	acac
lane821s003043_bin.1.s	arg__L
lane821s003043_bin.1.s	aso4
lane821s003043_bin.1.s	asp__L
lane821s003043_bin.1.s	ca2
lane821s003043_bin.1.s	carn
lane821s003043_bin.1.s	cellb
lane821s003043_bin.1.s	cgly
lane821s003043_bin.1.s	chor
lane821s003043_bin.1.s	cl
lane821s003043_bin.1.s	cmp
lane821s003043_bin.1.s	coa
lane821s003043_bin.1.s	cobalt2
lane821s003043_bin.1.s	cyan
lane821s003043_bin.1.s	cys__L
lane821s003043_bin.1.s	dtmp
lane821s003043_bin.1.s	fe2
lane821s003043_bin.1.s	fol
lane821s003043_bin.1.s	forglu
lane821s003043_bin.1.s	fru
lane821s003043_bin.1.s	g6p_B
lane821s003043_bin.1.s	gam
lane821s003043_bin.1.s	glc__D
lane821s003043_bin.1.s	glcur
lane821s003043_bin.1.s	gln__L
lane821s003043_bin.1.s	glu__D
lane821s003043_bin.1.s	glucan6
lane821s003043_bin.1.s	gly_asn__L
lane821s003043_bin.1.s	glyc3p
lane821s003043_bin.1.s	gua
lane821s003043_bin.1.s	h
lane821s003043_bin.1.s	k
lane821s003043_bin.1.s	mal__L
lane821s003043_bin.1.s	malt
lane821s003043_bin.1.s	malthx
lane821s003043_bin.1.s	man
lane821s003043_bin.1.s	mg2
lane821s003043_bin.1.s	mn2
lane821s003043_bin.1.s	nh4
lane821s003043_bin.1.s	nmn
lane821s003043_bin.1.s	no2
lane821s003043_bin.1.s	no3
lane821s003043_bin.1.s	no
lane821s003043_bin.1.s	o2
lane821s003043_bin.1.s	orn
lane821s003043_bin.1.s	phe__L
lane821s003043_bin.1.s	pyr
lane821s003043_bin.1.s	ribflv
lane821s003043_bin.1.s	s
lane821s003043_bin.1.s	so4
lane821s003043_bin.1.s	sucr
lane821s003043_bin.1.s	tet
lane821s003043_bin.1.s	thm
lane821s003043_bin.1.s	trp__L
lane821s003043_bin.1.s	tsul
lane821s003043_bin.1.s	udcpp
lane821s003043_bin.1.s	val__L
lane821s003043_bin.1.s	xyl3
lane821s003043_bin.1.s	xyl__D
lane821s003043_bin.1.s	xylan4
lane821s003043_bin.1.s	xylan8
lane821s003043_bin.1.s	zn2
lane821s003043_bin.1.s	cu2
lane821s003044_shovill	R_sink_2ohph_c
lane821s003044_shovill	R_sink_mobd_c
lane821s003044_shovill	12ppd__R
lane821s003044_shovill	23camp
lane821s003044_shovill	23ccmp
lane821s003044_shovill	23cgmp
lane821s003044_shovill	23cump
lane821s003044_shovill	23dappa
lane821s003044_shovill	25dkglcn
lane821s003044_shovill	3amp
lane821s003044_shovill	3hcinnm
lane821s003044_shovill	3mb
lane821s003044_shovill	3ump
lane821s003044_shovill	4abut
lane821s003044_shovill	4hpro_LT
lane821s003044_shovill	abt__L
lane821s003044_shovill	akg
lane821s003044_shovill	arg__L
lane821s003044_shovill	asp__D
lane821s003044_shovill	bz
lane821s003044_shovill	ca2
lane821s003044_shovill	cellb
lane821s003044_shovill	cgly
lane821s003044_shovill	cit
lane821s003044_shovill	cl
lane821s003044_shovill	cobalt2
lane821s003044_shovill	ctbt
lane821s003044_shovill	cu2
lane821s003044_shovill	cytd
lane821s003044_shovill	dca
lane821s003044_shovill	ddca
lane821s003044_shovill	dextrin
lane821s003044_shovill	drib
lane821s003044_shovill	dxyl
lane821s003044_shovill	eths
lane821s003044_shovill	ethso3
lane821s003044_shovill	etoh
lane821s003044_shovill	fe2
lane821s003044_shovill	fe3dcit
lane821s003044_shovill	fe3pyovd_kt
lane821s003044_shovill	feenter
lane821s003044_shovill	fol
lane821s003044_shovill	fru
lane821s003044_shovill	frulys
lane821s003044_shovill	fuc
lane821s003044_shovill	fum
lane821s003044_shovill	g3pc
lane821s003044_shovill	gal_bD
lane821s003044_shovill	gal
lane821s003044_shovill	galct__D
lane821s003044_shovill	galctn__D
lane821s003044_shovill	galctr__D
lane821s003044_shovill	galur
lane821s003044_shovill	gam
lane821s003044_shovill	glc__D
lane821s003044_shovill	glcr
lane821s003044_shovill	gln__L
lane821s003044_shovill	gly_asn__L
lane821s003044_shovill	glyc3p
lane821s003044_shovill	glyc
lane821s003044_shovill	h2o
lane821s003044_shovill	h
lane821s003044_shovill	ile__L
lane821s003044_shovill	indole
lane821s003044_shovill	k
lane821s003044_shovill	lcts
lane821s003044_shovill	leu__L
lane821s003044_shovill	lys__L
lane821s003044_shovill	mal__D
lane821s003044_shovill	mal__L
lane821s003044_shovill	malt
lane821s003044_shovill	malthx
lane821s003044_shovill	malttr
lane821s003044_shovill	maltttr
lane821s003044_shovill	man
lane821s003044_shovill	melib
lane821s003044_shovill	meoh
lane821s003044_shovill	met_L_ala__L
lane821s003044_shovill	met__D
lane821s003044_shovill	met__L
lane821s003044_shovill	metox__R
lane821s003044_shovill	metox
lane821s003044_shovill	mg2
lane821s003044_shovill	mn2
lane821s003044_shovill	mnl
lane821s003044_shovill	mobd
lane821s003044_shovill	mso3
lane821s003044_shovill	nh4
lane821s003044_shovill	no2
lane821s003044_shovill	no3
lane821s003044_shovill	o2
lane821s003044_shovill	oaa
lane821s003044_shovill	ocdca
lane821s003044_shovill	ocdcea
lane821s003044_shovill	octa
lane821s003044_shovill	orot
lane821s003044_shovill	oxa
lane821s003044_shovill	phe__L
lane821s003044_shovill	pheme
lane821s003044_shovill	pi
lane821s003044_shovill	pnto__R
lane821s003044_shovill	ppa
lane821s003044_shovill	ppap
lane821s003044_shovill	ppoh
lane821s003044_shovill	pro__L
lane821s003044_shovill	progly
lane821s003044_shovill	pta
lane821s003044_shovill	ptrc
lane821s003044_shovill	pyovd_kt
lane821s003044_shovill	pyr
lane821s003044_shovill	raffin
lane821s003044_shovill	rbt
lane821s003044_shovill	rib__D
lane821s003044_shovill	rmn
lane821s003044_shovill	salchs4
lane821s003044_shovill	salchs4fe
lane821s003044_shovill	sbt__D
lane821s003044_shovill	skm
lane821s003044_shovill	so3
lane821s003044_shovill	so4
lane821s003044_shovill	spmd
lane821s003044_shovill	succ
lane821s003044_shovill	sucr
lane821s003044_shovill	sula
lane821s003044_shovill	sulfac
lane821s003044_shovill	tartr__D
lane821s003044_shovill	tartr__L
lane821s003044_shovill	taur
lane821s003044_shovill	thm
lane821s003044_shovill	thr__L
lane821s003044_shovill	thym
lane821s003044_shovill	tre
lane821s003044_shovill	trp__L
lane821s003044_shovill	tsul
lane821s003044_shovill	ttdca
lane821s003044_shovill	ttdcea
lane821s003044_shovill	tyr__L
lane821s003044_shovill	uri
lane821s003044_shovill	val__L
lane821s003044_shovill	xyl__D
lane821s003044_shovill	xylan4
lane821s003044_shovill	xylan8
lane821s003044_shovill	zn2
lane821s003037_bin.1.p	k
lane821s003042_shovill	k